solid Ahmed_body(Meshed)
 facet normal 0.999669 0.0257394 0
  outer loop
   vertex 0.217 -0.1635 0.05
   vertex 0.217 -0.1635 0
   vertex 0.21698 -0.162728 0.05
  endloop
 endfacet
 facet normal 0.999669 0.0257394 0
  outer loop
   vertex 0.217 -0.1635 0
   vertex 0.21698 -0.162728 0
   vertex 0.21698 -0.162728 0.05
  endloop
 endfacet
 facet normal 0.997017 0.0771799 0
  outer loop
   vertex 0.21698 -0.162728 0.05
   vertex 0.216921 -0.161958 0
   vertex 0.216921 -0.161958 0.05
  endloop
 endfacet
 facet normal 0.997017 0.0771799 -0
  outer loop
   vertex 0.21698 -0.162728 0
   vertex 0.216921 -0.161958 0
   vertex 0.21698 -0.162728 0.05
  endloop
 endfacet
 facet normal 0.991722 0.1284 0
  outer loop
   vertex 0.216921 -0.161958 0.05
   vertex 0.216821 -0.161192 0
   vertex 0.216821 -0.161192 0.05
  endloop
 endfacet
 facet normal 0.983797 0.179289 0
  outer loop
   vertex 0.216821 -0.161192 0.05
   vertex 0.216821 -0.161192 0
   vertex 0.216683 -0.160432 0.05
  endloop
 endfacet
 facet normal 0.991722 0.1284 -0
  outer loop
   vertex 0.216921 -0.161958 0
   vertex 0.216821 -0.161192 0
   vertex 0.216921 -0.161958 0.05
  endloop
 endfacet
 facet normal 0.983797 0.179289 0
  outer loop
   vertex 0.216821 -0.161192 0
   vertex 0.216683 -0.160432 0
   vertex 0.216683 -0.160432 0.05
  endloop
 endfacet
 facet normal 0.973266 0.229681 0
  outer loop
   vertex 0.216683 -0.160432 0.05
   vertex 0.216505 -0.15968 0
   vertex 0.216505 -0.15968 0.05
  endloop
 endfacet
 facet normal 0.973266 0.229681 -0
  outer loop
   vertex 0.216683 -0.160432 0
   vertex 0.216505 -0.15968 0
   vertex 0.216683 -0.160432 0.05
  endloop
 endfacet
 facet normal 0.960151 0.279482 0
  outer loop
   vertex 0.216505 -0.15968 0.05
   vertex 0.21629 -0.158938 0
   vertex 0.21629 -0.158938 0.05
  endloop
 endfacet
 facet normal 0.944486 0.328551 0
  outer loop
   vertex 0.21629 -0.158938 0.05
   vertex 0.21629 -0.158938 0
   vertex 0.216036 -0.158209 0.05
  endloop
 endfacet
 facet normal 0.960151 0.279482 -0
  outer loop
   vertex 0.216505 -0.15968 0
   vertex 0.21629 -0.158938 0
   vertex 0.216505 -0.15968 0.05
  endloop
 endfacet
 facet normal 0.944486 0.328551 0
  outer loop
   vertex 0.21629 -0.158938 0
   vertex 0.216036 -0.158209 0
   vertex 0.216036 -0.158209 0.05
  endloop
 endfacet
 facet normal 0.926324 0.376728 0
  outer loop
   vertex 0.216036 -0.158209 0.05
   vertex 0.215745 -0.157493 0
   vertex 0.215745 -0.157493 0.05
  endloop
 endfacet
 facet normal 0.926324 0.376728 -0
  outer loop
   vertex 0.216036 -0.158209 0
   vertex 0.215745 -0.157493 0
   vertex 0.216036 -0.158209 0.05
  endloop
 endfacet
 facet normal 0.905707 0.423904 0
  outer loop
   vertex 0.215745 -0.157493 0.05
   vertex 0.215417 -0.156794 0
   vertex 0.215417 -0.156794 0.05
  endloop
 endfacet
 facet normal 0.905707 0.423904 -0
  outer loop
   vertex 0.215745 -0.157493 0
   vertex 0.215417 -0.156794 0
   vertex 0.215745 -0.157493 0.05
  endloop
 endfacet
 facet normal 0.882672 0.469989 0
  outer loop
   vertex 0.215417 -0.156794 0.05
   vertex 0.215054 -0.156112 0
   vertex 0.215054 -0.156112 0.05
  endloop
 endfacet
 facet normal 0.882672 0.469989 -0
  outer loop
   vertex 0.215417 -0.156794 0
   vertex 0.215054 -0.156112 0
   vertex 0.215417 -0.156794 0.05
  endloop
 endfacet
 facet normal 0.857319 0.514786 0
  outer loop
   vertex 0.215054 -0.156112 0.05
   vertex 0.214657 -0.15545 0
   vertex 0.214657 -0.15545 0.05
  endloop
 endfacet
 facet normal 0.857319 0.514786 -0
  outer loop
   vertex 0.215054 -0.156112 0
   vertex 0.214657 -0.15545 0
   vertex 0.215054 -0.156112 0.05
  endloop
 endfacet
 facet normal 0.829672 0.558251 0
  outer loop
   vertex 0.214657 -0.15545 0.05
   vertex 0.214225 -0.154809 0
   vertex 0.214225 -0.154809 0.05
  endloop
 endfacet
 facet normal 0.829672 0.558251 -0
  outer loop
   vertex 0.214657 -0.15545 0
   vertex 0.214225 -0.154809 0
   vertex 0.214657 -0.15545 0.05
  endloop
 endfacet
 facet normal 0.799844 0.600209 0
  outer loop
   vertex 0.214225 -0.154809 0.05
   vertex 0.213762 -0.154191 0
   vertex 0.213762 -0.154191 0.05
  endloop
 endfacet
 facet normal 0.767884 0.640588 0
  outer loop
   vertex 0.213762 -0.154191 0.05
   vertex 0.213762 -0.154191 0
   vertex 0.213267 -0.153598 0.05
  endloop
 endfacet
 facet normal 0.799844 0.600209 -0
  outer loop
   vertex 0.214225 -0.154809 0
   vertex 0.213762 -0.154191 0
   vertex 0.214225 -0.154809 0.05
  endloop
 endfacet
 facet normal 0.767884 0.640588 0
  outer loop
   vertex 0.213762 -0.154191 0
   vertex 0.213267 -0.153598 0
   vertex 0.213267 -0.153598 0.05
  endloop
 endfacet
 facet normal 0.73388 0.67928 -0
  outer loop
   vertex 0.213267 -0.153598 0
   vertex 0.212742 -0.153031 0
   vertex 0.213267 -0.153598 0.05
  endloop
 endfacet
 facet normal 0.73388 0.67928 0
  outer loop
   vertex 0.213267 -0.153598 0.05
   vertex 0.212742 -0.153031 0
   vertex 0.212742 -0.153031 0.05
  endloop
 endfacet
 facet normal 0.697952 0.716145 -0
  outer loop
   vertex 0.212742 -0.153031 0
   vertex 0.212189 -0.152492 0
   vertex 0.212742 -0.153031 0.05
  endloop
 endfacet
 facet normal 0.697952 0.716145 0
  outer loop
   vertex 0.212742 -0.153031 0.05
   vertex 0.212189 -0.152492 0
   vertex 0.212189 -0.152492 0.05
  endloop
 endfacet
 facet normal 0.660148 0.751136 0
  outer loop
   vertex 0.212189 -0.152492 0.05
   vertex 0.212189 -0.152492 0
   vertex 0.211609 -0.151982 0.05
  endloop
 endfacet
 facet normal 0.660148 0.751136 0
  outer loop
   vertex 0.212189 -0.152492 0
   vertex 0.211609 -0.151982 0
   vertex 0.211609 -0.151982 0.05
  endloop
 endfacet
 facet normal 0.620613 0.784117 0
  outer loop
   vertex 0.211609 -0.151982 0.05
   vertex 0.211609 -0.151982 0
   vertex 0.211003 -0.151502 0.05
  endloop
 endfacet
 facet normal 0.579422 0.815027 0
  outer loop
   vertex 0.211003 -0.151502 0.05
   vertex 0.211003 -0.151502 0
   vertex 0.210374 -0.151055 0.05
  endloop
 endfacet
 facet normal 0.620613 0.784117 0
  outer loop
   vertex 0.211609 -0.151982 0
   vertex 0.211003 -0.151502 0
   vertex 0.211003 -0.151502 0.05
  endloop
 endfacet
 facet normal 0.579422 0.815027 0
  outer loop
   vertex 0.211003 -0.151502 0
   vertex 0.210374 -0.151055 0
   vertex 0.210374 -0.151055 0.05
  endloop
 endfacet
 facet normal 0.536698 0.843775 0
  outer loop
   vertex 0.210374 -0.151055 0.05
   vertex 0.210374 -0.151055 0
   vertex 0.209722 -0.15064 0.05
  endloop
 endfacet
 facet normal 0.492548 0.870285 0
  outer loop
   vertex 0.209722 -0.15064 0.05
   vertex 0.209722 -0.15064 0
   vertex 0.20905 -0.15026 0.05
  endloop
 endfacet
 facet normal 0.536698 0.843775 0
  outer loop
   vertex 0.210374 -0.151055 0
   vertex 0.209722 -0.15064 0
   vertex 0.209722 -0.15064 0.05
  endloop
 endfacet
 facet normal 0.492548 0.870285 0
  outer loop
   vertex 0.209722 -0.15064 0
   vertex 0.20905 -0.15026 0
   vertex 0.20905 -0.15026 0.05
  endloop
 endfacet
 facet normal 0.447095 0.894486 0
  outer loop
   vertex 0.20905 -0.15026 0.05
   vertex 0.208359 -0.149914 0
   vertex 0.208359 -0.149914 0.05
  endloop
 endfacet
 facet normal 0.400456 0.916316 0
  outer loop
   vertex 0.208359 -0.149914 0.05
   vertex 0.208359 -0.149914 0
   vertex 0.207651 -0.149605 0.05
  endloop
 endfacet
 facet normal 0.447095 0.894486 -0
  outer loop
   vertex 0.20905 -0.15026 0
   vertex 0.208359 -0.149914 0
   vertex 0.20905 -0.15026 0.05
  endloop
 endfacet
 facet normal 0.400456 0.916316 0
  outer loop
   vertex 0.208359 -0.149914 0
   vertex 0.207651 -0.149605 0
   vertex 0.207651 -0.149605 0.05
  endloop
 endfacet
 facet normal 0.352744 0.93572 0
  outer loop
   vertex 0.207651 -0.149605 0.05
   vertex 0.206928 -0.149333 0
   vertex 0.206928 -0.149333 0.05
  endloop
 endfacet
 facet normal 0.304118 0.952634 0
  outer loop
   vertex 0.206928 -0.149333 0.05
   vertex 0.206928 -0.149333 0
   vertex 0.206192 -0.149098 0.05
  endloop
 endfacet
 facet normal 0.352744 0.93572 -0
  outer loop
   vertex 0.207651 -0.149605 0
   vertex 0.206928 -0.149333 0
   vertex 0.207651 -0.149605 0.05
  endloop
 endfacet
 facet normal 0.304118 0.952634 0
  outer loop
   vertex 0.206928 -0.149333 0
   vertex 0.206192 -0.149098 0
   vertex 0.206192 -0.149098 0.05
  endloop
 endfacet
 facet normal 0.254666 0.967029 0
  outer loop
   vertex 0.206192 -0.149098 0.05
   vertex 0.205445 -0.148901 0
   vertex 0.205445 -0.148901 0.05
  endloop
 endfacet
 facet normal 0.254666 0.967029 -0
  outer loop
   vertex 0.206192 -0.149098 0
   vertex 0.205445 -0.148901 0
   vertex 0.206192 -0.149098 0.05
  endloop
 endfacet
 facet normal 0.204554 0.978855 0
  outer loop
   vertex 0.205445 -0.148901 0.05
   vertex 0.204689 -0.148743 0
   vertex 0.204689 -0.148743 0.05
  endloop
 endfacet
 facet normal 0.153886 0.988089 0
  outer loop
   vertex 0.204689 -0.148743 0.05
   vertex 0.204689 -0.148743 0
   vertex 0.203926 -0.148624 0.05
  endloop
 endfacet
 facet normal 0.204554 0.978855 -0
  outer loop
   vertex 0.205445 -0.148901 0
   vertex 0.204689 -0.148743 0
   vertex 0.205445 -0.148901 0.05
  endloop
 endfacet
 facet normal 0.153886 0.988089 0
  outer loop
   vertex 0.204689 -0.148743 0
   vertex 0.203926 -0.148624 0
   vertex 0.203926 -0.148624 0.05
  endloop
 endfacet
 facet normal 0.10282 0.9947 0
  outer loop
   vertex 0.203926 -0.148624 0.05
   vertex 0.203158 -0.148545 0
   vertex 0.203158 -0.148545 0.05
  endloop
 endfacet
 facet normal 0.10282 0.9947 -0
  outer loop
   vertex 0.203926 -0.148624 0
   vertex 0.203158 -0.148545 0
   vertex 0.203926 -0.148624 0.05
  endloop
 endfacet
 facet normal 0.0514785 0.998674 0
  outer loop
   vertex 0.203158 -0.148545 0.05
   vertex 0.202386 -0.148505 0
   vertex 0.202386 -0.148505 0.05
  endloop
 endfacet
 facet normal 0.0514785 0.998674 -0
  outer loop
   vertex 0.203158 -0.148545 0
   vertex 0.202386 -0.148505 0
   vertex 0.203158 -0.148545 0.05
  endloop
 endfacet
 facet normal 0 1 0
  outer loop
   vertex 0.202386 -0.148505 0.05
   vertex 0.201614 -0.148505 0
   vertex 0.201614 -0.148505 0.05
  endloop
 endfacet
 facet normal 0 1 -0
  outer loop
   vertex 0.202386 -0.148505 0
   vertex 0.201614 -0.148505 0
   vertex 0.202386 -0.148505 0.05
  endloop
 endfacet
 facet normal -0.0514785 0.998674 0
  outer loop
   vertex 0.201614 -0.148505 0.05
   vertex 0.200842 -0.148545 0
   vertex 0.200842 -0.148545 0.05
  endloop
 endfacet
 facet normal -0.0514785 0.998674 0
  outer loop
   vertex 0.201614 -0.148505 0
   vertex 0.200842 -0.148545 0
   vertex 0.201614 -0.148505 0.05
  endloop
 endfacet
 facet normal -0.10282 0.9947 0
  outer loop
   vertex 0.200842 -0.148545 0.05
   vertex 0.200074 -0.148624 0
   vertex 0.200074 -0.148624 0.05
  endloop
 endfacet
 facet normal -0.10282 0.9947 0
  outer loop
   vertex 0.200842 -0.148545 0
   vertex 0.200074 -0.148624 0
   vertex 0.200842 -0.148545 0.05
  endloop
 endfacet
 facet normal -0.153886 0.988089 0
  outer loop
   vertex 0.200074 -0.148624 0.05
   vertex 0.199311 -0.148743 0
   vertex 0.199311 -0.148743 0.05
  endloop
 endfacet
 facet normal -0.153886 0.988089 0
  outer loop
   vertex 0.200074 -0.148624 0
   vertex 0.199311 -0.148743 0
   vertex 0.200074 -0.148624 0.05
  endloop
 endfacet
 facet normal -0.204554 0.978855 0
  outer loop
   vertex 0.199311 -0.148743 0.05
   vertex 0.198555 -0.148901 0
   vertex 0.198555 -0.148901 0.05
  endloop
 endfacet
 facet normal -0.204554 0.978855 0
  outer loop
   vertex 0.199311 -0.148743 0
   vertex 0.198555 -0.148901 0
   vertex 0.199311 -0.148743 0.05
  endloop
 endfacet
 facet normal -0.254666 0.967029 0
  outer loop
   vertex 0.198555 -0.148901 0.05
   vertex 0.197808 -0.149098 0
   vertex 0.197808 -0.149098 0.05
  endloop
 endfacet
 facet normal -0.254666 0.967029 0
  outer loop
   vertex 0.198555 -0.148901 0
   vertex 0.197808 -0.149098 0
   vertex 0.198555 -0.148901 0.05
  endloop
 endfacet
 facet normal -0.304118 0.952634 0
  outer loop
   vertex 0.197808 -0.149098 0.05
   vertex 0.197072 -0.149333 0
   vertex 0.197072 -0.149333 0.05
  endloop
 endfacet
 facet normal -0.304118 0.952634 0
  outer loop
   vertex 0.197808 -0.149098 0
   vertex 0.197072 -0.149333 0
   vertex 0.197808 -0.149098 0.05
  endloop
 endfacet
 facet normal -0.352744 0.93572 0
  outer loop
   vertex 0.197072 -0.149333 0.05
   vertex 0.196349 -0.149605 0
   vertex 0.196349 -0.149605 0.05
  endloop
 endfacet
 facet normal -0.352744 0.93572 0
  outer loop
   vertex 0.197072 -0.149333 0
   vertex 0.196349 -0.149605 0
   vertex 0.197072 -0.149333 0.05
  endloop
 endfacet
 facet normal -0.400456 0.916316 0
  outer loop
   vertex 0.196349 -0.149605 0
   vertex 0.195641 -0.149914 0
   vertex 0.196349 -0.149605 0.05
  endloop
 endfacet
 facet normal -0.400456 0.916316 0
  outer loop
   vertex 0.196349 -0.149605 0.05
   vertex 0.195641 -0.149914 0
   vertex 0.195641 -0.149914 0.05
  endloop
 endfacet
 facet normal -0.447095 0.894486 0
  outer loop
   vertex 0.195641 -0.149914 0
   vertex 0.19495 -0.15026 0
   vertex 0.195641 -0.149914 0.05
  endloop
 endfacet
 facet normal -0.447095 0.894486 0
  outer loop
   vertex 0.195641 -0.149914 0.05
   vertex 0.19495 -0.15026 0
   vertex 0.19495 -0.15026 0.05
  endloop
 endfacet
 facet normal -0.492548 0.870285 0
  outer loop
   vertex 0.19495 -0.15026 0.05
   vertex 0.19495 -0.15026 0
   vertex 0.194278 -0.15064 0.05
  endloop
 endfacet
 facet normal -0.492548 0.870285 0
  outer loop
   vertex 0.19495 -0.15026 0
   vertex 0.194278 -0.15064 0
   vertex 0.194278 -0.15064 0.05
  endloop
 endfacet
 facet normal -0.536698 0.843775 0
  outer loop
   vertex 0.194278 -0.15064 0
   vertex 0.193626 -0.151055 0
   vertex 0.194278 -0.15064 0.05
  endloop
 endfacet
 facet normal -0.536698 0.843775 0
  outer loop
   vertex 0.194278 -0.15064 0.05
   vertex 0.193626 -0.151055 0
   vertex 0.193626 -0.151055 0.05
  endloop
 endfacet
 facet normal -0.579422 0.815027 0
  outer loop
   vertex 0.193626 -0.151055 0
   vertex 0.192997 -0.151502 0
   vertex 0.193626 -0.151055 0.05
  endloop
 endfacet
 facet normal -0.579422 0.815027 0
  outer loop
   vertex 0.193626 -0.151055 0.05
   vertex 0.192997 -0.151502 0
   vertex 0.192997 -0.151502 0.05
  endloop
 endfacet
 facet normal -0.620613 0.784117 0
  outer loop
   vertex 0.192997 -0.151502 0
   vertex 0.192391 -0.151982 0
   vertex 0.192997 -0.151502 0.05
  endloop
 endfacet
 facet normal -0.620613 0.784117 0
  outer loop
   vertex 0.192997 -0.151502 0.05
   vertex 0.192391 -0.151982 0
   vertex 0.192391 -0.151982 0.05
  endloop
 endfacet
 facet normal -0.660148 0.751136 0
  outer loop
   vertex 0.192391 -0.151982 0
   vertex 0.191811 -0.152492 0
   vertex 0.192391 -0.151982 0.05
  endloop
 endfacet
 facet normal -0.660148 0.751136 0
  outer loop
   vertex 0.192391 -0.151982 0.05
   vertex 0.191811 -0.152492 0
   vertex 0.191811 -0.152492 0.05
  endloop
 endfacet
 facet normal -0.697952 0.716145 0
  outer loop
   vertex 0.191811 -0.152492 0
   vertex 0.191258 -0.153031 0
   vertex 0.191811 -0.152492 0.05
  endloop
 endfacet
 facet normal -0.697952 0.716145 0
  outer loop
   vertex 0.191811 -0.152492 0.05
   vertex 0.191258 -0.153031 0
   vertex 0.191258 -0.153031 0.05
  endloop
 endfacet
 facet normal -0.73388 0.67928 0
  outer loop
   vertex 0.191258 -0.153031 0
   vertex 0.190733 -0.153598 0
   vertex 0.191258 -0.153031 0.05
  endloop
 endfacet
 facet normal -0.73388 0.67928 0
  outer loop
   vertex 0.191258 -0.153031 0.05
   vertex 0.190733 -0.153598 0
   vertex 0.190733 -0.153598 0.05
  endloop
 endfacet
 facet normal -0.767884 0.640588 0
  outer loop
   vertex 0.190733 -0.153598 0
   vertex 0.190238 -0.154191 0
   vertex 0.190733 -0.153598 0.05
  endloop
 endfacet
 facet normal -0.767884 0.640588 0
  outer loop
   vertex 0.190733 -0.153598 0.05
   vertex 0.190238 -0.154191 0
   vertex 0.190238 -0.154191 0.05
  endloop
 endfacet
 facet normal -0.799844 0.600209 0
  outer loop
   vertex 0.190238 -0.154191 0
   vertex 0.189775 -0.154809 0
   vertex 0.190238 -0.154191 0.05
  endloop
 endfacet
 facet normal -0.799844 0.600209 0
  outer loop
   vertex 0.190238 -0.154191 0.05
   vertex 0.189775 -0.154809 0
   vertex 0.189775 -0.154809 0.05
  endloop
 endfacet
 facet normal -0.829672 0.558251 0
  outer loop
   vertex 0.189775 -0.154809 0
   vertex 0.189343 -0.15545 0
   vertex 0.189775 -0.154809 0.05
  endloop
 endfacet
 facet normal -0.829672 0.558251 0
  outer loop
   vertex 0.189775 -0.154809 0.05
   vertex 0.189343 -0.15545 0
   vertex 0.189343 -0.15545 0.05
  endloop
 endfacet
 facet normal -0.857319 0.514786 0
  outer loop
   vertex 0.189343 -0.15545 0.05
   vertex 0.188946 -0.156112 0
   vertex 0.188946 -0.156112 0.05
  endloop
 endfacet
 facet normal -0.857319 0.514786 0
  outer loop
   vertex 0.189343 -0.15545 0
   vertex 0.188946 -0.156112 0
   vertex 0.189343 -0.15545 0.05
  endloop
 endfacet
 facet normal -0.882672 0.469989 0
  outer loop
   vertex 0.188946 -0.156112 0.05
   vertex 0.188583 -0.156794 0
   vertex 0.188583 -0.156794 0.05
  endloop
 endfacet
 facet normal -0.882672 0.469989 0
  outer loop
   vertex 0.188946 -0.156112 0
   vertex 0.188583 -0.156794 0
   vertex 0.188946 -0.156112 0.05
  endloop
 endfacet
 facet normal -0.905707 0.423904 0
  outer loop
   vertex 0.188583 -0.156794 0.05
   vertex 0.188255 -0.157493 0
   vertex 0.188255 -0.157493 0.05
  endloop
 endfacet
 facet normal -0.905707 0.423904 0
  outer loop
   vertex 0.188583 -0.156794 0
   vertex 0.188255 -0.157493 0
   vertex 0.188583 -0.156794 0.05
  endloop
 endfacet
 facet normal -0.926324 0.376728 0
  outer loop
   vertex 0.188255 -0.157493 0.05
   vertex 0.187964 -0.158209 0
   vertex 0.187964 -0.158209 0.05
  endloop
 endfacet
 facet normal -0.926324 0.376728 0
  outer loop
   vertex 0.188255 -0.157493 0
   vertex 0.187964 -0.158209 0
   vertex 0.188255 -0.157493 0.05
  endloop
 endfacet
 facet normal -0.944486 0.328551 0
  outer loop
   vertex 0.187964 -0.158209 0.05
   vertex 0.18771 -0.158938 0
   vertex 0.18771 -0.158938 0.05
  endloop
 endfacet
 facet normal -0.944486 0.328551 0
  outer loop
   vertex 0.187964 -0.158209 0
   vertex 0.18771 -0.158938 0
   vertex 0.187964 -0.158209 0.05
  endloop
 endfacet
 facet normal -0.960151 0.279482 0
  outer loop
   vertex 0.18771 -0.158938 0.05
   vertex 0.187495 -0.15968 0
   vertex 0.187495 -0.15968 0.05
  endloop
 endfacet
 facet normal -0.960151 0.279482 0
  outer loop
   vertex 0.18771 -0.158938 0
   vertex 0.187495 -0.15968 0
   vertex 0.18771 -0.158938 0.05
  endloop
 endfacet
 facet normal -0.973266 0.229681 0
  outer loop
   vertex 0.187495 -0.15968 0.05
   vertex 0.187317 -0.160432 0
   vertex 0.187317 -0.160432 0.05
  endloop
 endfacet
 facet normal -0.973266 0.229681 0
  outer loop
   vertex 0.187495 -0.15968 0
   vertex 0.187317 -0.160432 0
   vertex 0.187495 -0.15968 0.05
  endloop
 endfacet
 facet normal -0.983797 0.179289 0
  outer loop
   vertex 0.187317 -0.160432 0.05
   vertex 0.187179 -0.161192 0
   vertex 0.187179 -0.161192 0.05
  endloop
 endfacet
 facet normal -0.983797 0.179289 0
  outer loop
   vertex 0.187317 -0.160432 0
   vertex 0.187179 -0.161192 0
   vertex 0.187317 -0.160432 0.05
  endloop
 endfacet
 facet normal -0.991722 0.1284 0
  outer loop
   vertex 0.187179 -0.161192 0.05
   vertex 0.187079 -0.161958 0
   vertex 0.187079 -0.161958 0.05
  endloop
 endfacet
 facet normal -0.991722 0.1284 0
  outer loop
   vertex 0.187179 -0.161192 0
   vertex 0.187079 -0.161958 0
   vertex 0.187179 -0.161192 0.05
  endloop
 endfacet
 facet normal -0.997017 0.0771799 0
  outer loop
   vertex 0.187079 -0.161958 0.05
   vertex 0.18702 -0.162728 0
   vertex 0.18702 -0.162728 0.05
  endloop
 endfacet
 facet normal -0.997017 0.0771799 0
  outer loop
   vertex 0.187079 -0.161958 0
   vertex 0.18702 -0.162728 0
   vertex 0.187079 -0.161958 0.05
  endloop
 endfacet
 facet normal -0.999669 0.0257394 0
  outer loop
   vertex 0.18702 -0.162728 0.05
   vertex 0.187 -0.1635 0
   vertex 0.187 -0.1635 0.05
  endloop
 endfacet
 facet normal -0.999669 0.0257394 0
  outer loop
   vertex 0.18702 -0.162728 0
   vertex 0.187 -0.1635 0
   vertex 0.18702 -0.162728 0.05
  endloop
 endfacet
 facet normal -0.999669 -0.0257394 0
  outer loop
   vertex 0.187 -0.1635 0.05
   vertex 0.18702 -0.164272 0
   vertex 0.18702 -0.164272 0.05
  endloop
 endfacet
 facet normal -0.999669 -0.0257394 0
  outer loop
   vertex 0.187 -0.1635 0
   vertex 0.18702 -0.164272 0
   vertex 0.187 -0.1635 0.05
  endloop
 endfacet
 facet normal -0.997017 -0.0771799 0
  outer loop
   vertex 0.18702 -0.164272 0.05
   vertex 0.187079 -0.165042 0
   vertex 0.187079 -0.165042 0.05
  endloop
 endfacet
 facet normal -0.997017 -0.0771799 0
  outer loop
   vertex 0.18702 -0.164272 0
   vertex 0.187079 -0.165042 0
   vertex 0.18702 -0.164272 0.05
  endloop
 endfacet
 facet normal -0.991722 -0.1284 0
  outer loop
   vertex 0.187079 -0.165042 0
   vertex 0.187179 -0.165808 0
   vertex 0.187079 -0.165042 0.05
  endloop
 endfacet
 facet normal -0.991722 -0.1284 0
  outer loop
   vertex 0.187079 -0.165042 0.05
   vertex 0.187179 -0.165808 0
   vertex 0.187179 -0.165808 0.05
  endloop
 endfacet
 facet normal -0.983797 -0.179289 0
  outer loop
   vertex 0.187179 -0.165808 0
   vertex 0.187317 -0.166568 0
   vertex 0.187179 -0.165808 0.05
  endloop
 endfacet
 facet normal -0.983797 -0.179289 0
  outer loop
   vertex 0.187179 -0.165808 0.05
   vertex 0.187317 -0.166568 0
   vertex 0.187317 -0.166568 0.05
  endloop
 endfacet
 facet normal -0.973266 -0.229681 0
  outer loop
   vertex 0.187317 -0.166568 0
   vertex 0.187495 -0.16732 0
   vertex 0.187317 -0.166568 0.05
  endloop
 endfacet
 facet normal -0.973266 -0.229681 0
  outer loop
   vertex 0.187317 -0.166568 0.05
   vertex 0.187495 -0.16732 0
   vertex 0.187495 -0.16732 0.05
  endloop
 endfacet
 facet normal -0.960151 -0.279482 0
  outer loop
   vertex 0.187495 -0.16732 0
   vertex 0.18771 -0.168062 0
   vertex 0.187495 -0.16732 0.05
  endloop
 endfacet
 facet normal -0.960151 -0.279482 0
  outer loop
   vertex 0.187495 -0.16732 0.05
   vertex 0.18771 -0.168062 0
   vertex 0.18771 -0.168062 0.05
  endloop
 endfacet
 facet normal -0.944486 -0.328551 0
  outer loop
   vertex 0.18771 -0.168062 0
   vertex 0.187964 -0.168791 0
   vertex 0.18771 -0.168062 0.05
  endloop
 endfacet
 facet normal -0.944486 -0.328551 0
  outer loop
   vertex 0.18771 -0.168062 0.05
   vertex 0.187964 -0.168791 0
   vertex 0.187964 -0.168791 0.05
  endloop
 endfacet
 facet normal -0.926324 -0.376728 0
  outer loop
   vertex 0.187964 -0.168791 0
   vertex 0.188255 -0.169507 0
   vertex 0.187964 -0.168791 0.05
  endloop
 endfacet
 facet normal -0.926324 -0.376728 0
  outer loop
   vertex 0.187964 -0.168791 0.05
   vertex 0.188255 -0.169507 0
   vertex 0.188255 -0.169507 0.05
  endloop
 endfacet
 facet normal -0.905707 -0.423904 0
  outer loop
   vertex 0.188255 -0.169507 0
   vertex 0.188583 -0.170206 0
   vertex 0.188255 -0.169507 0.05
  endloop
 endfacet
 facet normal -0.905707 -0.423904 0
  outer loop
   vertex 0.188255 -0.169507 0.05
   vertex 0.188583 -0.170206 0
   vertex 0.188583 -0.170206 0.05
  endloop
 endfacet
 facet normal -0.882672 -0.469989 0
  outer loop
   vertex 0.188583 -0.170206 0
   vertex 0.188946 -0.170888 0
   vertex 0.188583 -0.170206 0.05
  endloop
 endfacet
 facet normal -0.882672 -0.469989 0
  outer loop
   vertex 0.188583 -0.170206 0.05
   vertex 0.188946 -0.170888 0
   vertex 0.188946 -0.170888 0.05
  endloop
 endfacet
 facet normal -0.857319 -0.514786 0
  outer loop
   vertex 0.188946 -0.170888 0
   vertex 0.189343 -0.17155 0
   vertex 0.188946 -0.170888 0.05
  endloop
 endfacet
 facet normal -0.857319 -0.514786 0
  outer loop
   vertex 0.188946 -0.170888 0.05
   vertex 0.189343 -0.17155 0
   vertex 0.189343 -0.17155 0.05
  endloop
 endfacet
 facet normal -0.829672 -0.558251 0
  outer loop
   vertex 0.189343 -0.17155 0
   vertex 0.189775 -0.172191 0
   vertex 0.189343 -0.17155 0.05
  endloop
 endfacet
 facet normal -0.829672 -0.558251 0
  outer loop
   vertex 0.189343 -0.17155 0.05
   vertex 0.189775 -0.172191 0
   vertex 0.189775 -0.172191 0.05
  endloop
 endfacet
 facet normal -0.799844 -0.600209 0
  outer loop
   vertex 0.189775 -0.172191 0
   vertex 0.190238 -0.172809 0
   vertex 0.189775 -0.172191 0.05
  endloop
 endfacet
 facet normal -0.799844 -0.600209 0
  outer loop
   vertex 0.189775 -0.172191 0.05
   vertex 0.190238 -0.172809 0
   vertex 0.190238 -0.172809 0.05
  endloop
 endfacet
 facet normal -0.767884 -0.640588 0
  outer loop
   vertex 0.190238 -0.172809 0
   vertex 0.190733 -0.173402 0
   vertex 0.190238 -0.172809 0.05
  endloop
 endfacet
 facet normal -0.767884 -0.640588 0
  outer loop
   vertex 0.190238 -0.172809 0.05
   vertex 0.190733 -0.173402 0
   vertex 0.190733 -0.173402 0.05
  endloop
 endfacet
 facet normal -0.73388 -0.67928 0
  outer loop
   vertex 0.190733 -0.173402 0
   vertex 0.191258 -0.173969 0
   vertex 0.190733 -0.173402 0.05
  endloop
 endfacet
 facet normal -0.73388 -0.67928 0
  outer loop
   vertex 0.190733 -0.173402 0.05
   vertex 0.191258 -0.173969 0
   vertex 0.191258 -0.173969 0.05
  endloop
 endfacet
 facet normal -0.697952 -0.716145 0
  outer loop
   vertex 0.191258 -0.173969 0
   vertex 0.191811 -0.174508 0
   vertex 0.191258 -0.173969 0.05
  endloop
 endfacet
 facet normal -0.697952 -0.716145 0
  outer loop
   vertex 0.191258 -0.173969 0.05
   vertex 0.191811 -0.174508 0
   vertex 0.191811 -0.174508 0.05
  endloop
 endfacet
 facet normal -0.660148 -0.751136 0
  outer loop
   vertex 0.191811 -0.174508 0
   vertex 0.192391 -0.175018 0
   vertex 0.191811 -0.174508 0.05
  endloop
 endfacet
 facet normal -0.660148 -0.751136 0
  outer loop
   vertex 0.191811 -0.174508 0.05
   vertex 0.192391 -0.175018 0
   vertex 0.192391 -0.175018 0.05
  endloop
 endfacet
 facet normal -0.620613 -0.784117 0
  outer loop
   vertex 0.192391 -0.175018 0
   vertex 0.192997 -0.175498 0
   vertex 0.192391 -0.175018 0.05
  endloop
 endfacet
 facet normal -0.620613 -0.784117 0
  outer loop
   vertex 0.192391 -0.175018 0.05
   vertex 0.192997 -0.175498 0
   vertex 0.192997 -0.175498 0.05
  endloop
 endfacet
 facet normal -0.579422 -0.815027 0
  outer loop
   vertex 0.192997 -0.175498 0
   vertex 0.193626 -0.175945 0
   vertex 0.192997 -0.175498 0.05
  endloop
 endfacet
 facet normal -0.579422 -0.815027 0
  outer loop
   vertex 0.192997 -0.175498 0.05
   vertex 0.193626 -0.175945 0
   vertex 0.193626 -0.175945 0.05
  endloop
 endfacet
 facet normal -0.536698 -0.843775 0
  outer loop
   vertex 0.193626 -0.175945 0
   vertex 0.194278 -0.17636 0
   vertex 0.193626 -0.175945 0.05
  endloop
 endfacet
 facet normal -0.536698 -0.843775 0
  outer loop
   vertex 0.193626 -0.175945 0.05
   vertex 0.194278 -0.17636 0
   vertex 0.194278 -0.17636 0.05
  endloop
 endfacet
 facet normal -0.492548 -0.870285 0
  outer loop
   vertex 0.194278 -0.17636 0
   vertex 0.19495 -0.17674 0
   vertex 0.194278 -0.17636 0.05
  endloop
 endfacet
 facet normal -0.492548 -0.870285 0
  outer loop
   vertex 0.194278 -0.17636 0.05
   vertex 0.19495 -0.17674 0
   vertex 0.19495 -0.17674 0.05
  endloop
 endfacet
 facet normal -0.447095 -0.894486 0
  outer loop
   vertex 0.19495 -0.17674 0
   vertex 0.195641 -0.177086 0
   vertex 0.19495 -0.17674 0.05
  endloop
 endfacet
 facet normal -0.447095 -0.894486 0
  outer loop
   vertex 0.19495 -0.17674 0.05
   vertex 0.195641 -0.177086 0
   vertex 0.195641 -0.177086 0.05
  endloop
 endfacet
 facet normal -0.400456 -0.916316 0
  outer loop
   vertex 0.195641 -0.177086 0
   vertex 0.196349 -0.177395 0
   vertex 0.195641 -0.177086 0.05
  endloop
 endfacet
 facet normal -0.400456 -0.916316 0
  outer loop
   vertex 0.195641 -0.177086 0.05
   vertex 0.196349 -0.177395 0
   vertex 0.196349 -0.177395 0.05
  endloop
 endfacet
 facet normal -0.352744 -0.93572 0
  outer loop
   vertex 0.196349 -0.177395 0.05
   vertex 0.197072 -0.177667 0
   vertex 0.197072 -0.177667 0.05
  endloop
 endfacet
 facet normal -0.352744 -0.93572 0
  outer loop
   vertex 0.196349 -0.177395 0
   vertex 0.197072 -0.177667 0
   vertex 0.196349 -0.177395 0.05
  endloop
 endfacet
 facet normal -0.304118 -0.952634 0
  outer loop
   vertex 0.197072 -0.177667 0.05
   vertex 0.197808 -0.177902 0
   vertex 0.197808 -0.177902 0.05
  endloop
 endfacet
 facet normal -0.304118 -0.952634 0
  outer loop
   vertex 0.197072 -0.177667 0
   vertex 0.197808 -0.177902 0
   vertex 0.197072 -0.177667 0.05
  endloop
 endfacet
 facet normal -0.254666 -0.967029 0
  outer loop
   vertex 0.197808 -0.177902 0.05
   vertex 0.198555 -0.178099 0
   vertex 0.198555 -0.178099 0.05
  endloop
 endfacet
 facet normal -0.254666 -0.967029 0
  outer loop
   vertex 0.197808 -0.177902 0
   vertex 0.198555 -0.178099 0
   vertex 0.197808 -0.177902 0.05
  endloop
 endfacet
 facet normal -0.204554 -0.978855 0
  outer loop
   vertex 0.198555 -0.178099 0.05
   vertex 0.199311 -0.178257 0
   vertex 0.199311 -0.178257 0.05
  endloop
 endfacet
 facet normal -0.204554 -0.978855 0
  outer loop
   vertex 0.198555 -0.178099 0
   vertex 0.199311 -0.178257 0
   vertex 0.198555 -0.178099 0.05
  endloop
 endfacet
 facet normal -0.153886 -0.988089 0
  outer loop
   vertex 0.199311 -0.178257 0
   vertex 0.200074 -0.178376 0
   vertex 0.199311 -0.178257 0.05
  endloop
 endfacet
 facet normal -0.153886 -0.988089 0
  outer loop
   vertex 0.199311 -0.178257 0.05
   vertex 0.200074 -0.178376 0
   vertex 0.200074 -0.178376 0.05
  endloop
 endfacet
 facet normal -0.10282 -0.9947 0
  outer loop
   vertex 0.200074 -0.178376 0
   vertex 0.200842 -0.178455 0
   vertex 0.200074 -0.178376 0.05
  endloop
 endfacet
 facet normal -0.10282 -0.9947 0
  outer loop
   vertex 0.200074 -0.178376 0.05
   vertex 0.200842 -0.178455 0
   vertex 0.200842 -0.178455 0.05
  endloop
 endfacet
 facet normal -0.0514785 -0.998674 0
  outer loop
   vertex 0.200842 -0.178455 0
   vertex 0.201614 -0.178495 0
   vertex 0.200842 -0.178455 0.05
  endloop
 endfacet
 facet normal -0.0514785 -0.998674 0
  outer loop
   vertex 0.200842 -0.178455 0.05
   vertex 0.201614 -0.178495 0
   vertex 0.201614 -0.178495 0.05
  endloop
 endfacet
 facet normal 0 -1 0
  outer loop
   vertex 0.201614 -0.178495 0
   vertex 0.202386 -0.178495 0
   vertex 0.201614 -0.178495 0.05
  endloop
 endfacet
 facet normal 0 -1 0
  outer loop
   vertex 0.201614 -0.178495 0.05
   vertex 0.202386 -0.178495 0
   vertex 0.202386 -0.178495 0.05
  endloop
 endfacet
 facet normal 0.0514785 -0.998674 0
  outer loop
   vertex 0.202386 -0.178495 0
   vertex 0.203158 -0.178455 0
   vertex 0.202386 -0.178495 0.05
  endloop
 endfacet
 facet normal 0.0514785 -0.998674 0
  outer loop
   vertex 0.202386 -0.178495 0.05
   vertex 0.203158 -0.178455 0
   vertex 0.203158 -0.178455 0.05
  endloop
 endfacet
 facet normal 0.10282 -0.9947 0
  outer loop
   vertex 0.203158 -0.178455 0
   vertex 0.203926 -0.178376 0
   vertex 0.203158 -0.178455 0.05
  endloop
 endfacet
 facet normal 0.10282 -0.9947 0
  outer loop
   vertex 0.203158 -0.178455 0.05
   vertex 0.203926 -0.178376 0
   vertex 0.203926 -0.178376 0.05
  endloop
 endfacet
 facet normal 0.153886 -0.988089 0
  outer loop
   vertex 0.203926 -0.178376 0.05
   vertex 0.203926 -0.178376 0
   vertex 0.204689 -0.178257 0.05
  endloop
 endfacet
 facet normal 0.153886 -0.988089 0
  outer loop
   vertex 0.203926 -0.178376 0
   vertex 0.204689 -0.178257 0
   vertex 0.204689 -0.178257 0.05
  endloop
 endfacet
 facet normal 0.204554 -0.978855 0
  outer loop
   vertex 0.204689 -0.178257 0
   vertex 0.205445 -0.178099 0
   vertex 0.204689 -0.178257 0.05
  endloop
 endfacet
 facet normal 0.204554 -0.978855 0
  outer loop
   vertex 0.204689 -0.178257 0.05
   vertex 0.205445 -0.178099 0
   vertex 0.205445 -0.178099 0.05
  endloop
 endfacet
 facet normal 0.254666 -0.967029 0
  outer loop
   vertex 0.205445 -0.178099 0
   vertex 0.206192 -0.177902 0
   vertex 0.205445 -0.178099 0.05
  endloop
 endfacet
 facet normal 0.254666 -0.967029 0
  outer loop
   vertex 0.205445 -0.178099 0.05
   vertex 0.206192 -0.177902 0
   vertex 0.206192 -0.177902 0.05
  endloop
 endfacet
 facet normal 0.304118 -0.952634 0
  outer loop
   vertex 0.206192 -0.177902 0
   vertex 0.206928 -0.177667 0
   vertex 0.206192 -0.177902 0.05
  endloop
 endfacet
 facet normal 0.304118 -0.952634 0
  outer loop
   vertex 0.206192 -0.177902 0.05
   vertex 0.206928 -0.177667 0
   vertex 0.206928 -0.177667 0.05
  endloop
 endfacet
 facet normal 0.352744 -0.93572 0
  outer loop
   vertex 0.206928 -0.177667 0
   vertex 0.207651 -0.177395 0
   vertex 0.206928 -0.177667 0.05
  endloop
 endfacet
 facet normal 0.352744 -0.93572 0
  outer loop
   vertex 0.206928 -0.177667 0.05
   vertex 0.207651 -0.177395 0
   vertex 0.207651 -0.177395 0.05
  endloop
 endfacet
 facet normal 0.400456 -0.916316 0
  outer loop
   vertex 0.207651 -0.177395 0.05
   vertex 0.208359 -0.177086 0
   vertex 0.208359 -0.177086 0.05
  endloop
 endfacet
 facet normal 0.400456 -0.916316 0
  outer loop
   vertex 0.207651 -0.177395 0
   vertex 0.208359 -0.177086 0
   vertex 0.207651 -0.177395 0.05
  endloop
 endfacet
 facet normal 0.447095 -0.894486 0
  outer loop
   vertex 0.208359 -0.177086 0.05
   vertex 0.20905 -0.17674 0
   vertex 0.20905 -0.17674 0.05
  endloop
 endfacet
 facet normal 0.447095 -0.894486 0
  outer loop
   vertex 0.208359 -0.177086 0
   vertex 0.20905 -0.17674 0
   vertex 0.208359 -0.177086 0.05
  endloop
 endfacet
 facet normal 0.492548 -0.870285 0
  outer loop
   vertex 0.20905 -0.17674 0.05
   vertex 0.209722 -0.17636 0
   vertex 0.209722 -0.17636 0.05
  endloop
 endfacet
 facet normal 0.492548 -0.870285 0
  outer loop
   vertex 0.20905 -0.17674 0
   vertex 0.209722 -0.17636 0
   vertex 0.20905 -0.17674 0.05
  endloop
 endfacet
 facet normal 0.536698 -0.843775 0
  outer loop
   vertex 0.209722 -0.17636 0.05
   vertex 0.210374 -0.175945 0
   vertex 0.210374 -0.175945 0.05
  endloop
 endfacet
 facet normal 0.536698 -0.843775 0
  outer loop
   vertex 0.209722 -0.17636 0
   vertex 0.210374 -0.175945 0
   vertex 0.209722 -0.17636 0.05
  endloop
 endfacet
 facet normal 0.579422 -0.815027 0
  outer loop
   vertex 0.210374 -0.175945 0.05
   vertex 0.211003 -0.175498 0
   vertex 0.211003 -0.175498 0.05
  endloop
 endfacet
 facet normal 0.579422 -0.815027 0
  outer loop
   vertex 0.210374 -0.175945 0
   vertex 0.211003 -0.175498 0
   vertex 0.210374 -0.175945 0.05
  endloop
 endfacet
 facet normal 0.620613 -0.784117 0
  outer loop
   vertex 0.211003 -0.175498 0.05
   vertex 0.211609 -0.175018 0
   vertex 0.211609 -0.175018 0.05
  endloop
 endfacet
 facet normal 0.620613 -0.784117 0
  outer loop
   vertex 0.211003 -0.175498 0
   vertex 0.211609 -0.175018 0
   vertex 0.211003 -0.175498 0.05
  endloop
 endfacet
 facet normal 0.660148 -0.751136 0
  outer loop
   vertex 0.211609 -0.175018 0.05
   vertex 0.212189 -0.174508 0
   vertex 0.212189 -0.174508 0.05
  endloop
 endfacet
 facet normal 0.660148 -0.751136 0
  outer loop
   vertex 0.211609 -0.175018 0
   vertex 0.212189 -0.174508 0
   vertex 0.211609 -0.175018 0.05
  endloop
 endfacet
 facet normal 0.697952 -0.716145 0
  outer loop
   vertex 0.212189 -0.174508 0.05
   vertex 0.212742 -0.173969 0
   vertex 0.212742 -0.173969 0.05
  endloop
 endfacet
 facet normal 0.697952 -0.716145 0
  outer loop
   vertex 0.212189 -0.174508 0
   vertex 0.212742 -0.173969 0
   vertex 0.212189 -0.174508 0.05
  endloop
 endfacet
 facet normal 0.73388 -0.67928 0
  outer loop
   vertex 0.212742 -0.173969 0.05
   vertex 0.213267 -0.173402 0
   vertex 0.213267 -0.173402 0.05
  endloop
 endfacet
 facet normal 0.73388 -0.67928 0
  outer loop
   vertex 0.212742 -0.173969 0
   vertex 0.213267 -0.173402 0
   vertex 0.212742 -0.173969 0.05
  endloop
 endfacet
 facet normal 0.767884 -0.640588 0
  outer loop
   vertex 0.213267 -0.173402 0.05
   vertex 0.213762 -0.172809 0
   vertex 0.213762 -0.172809 0.05
  endloop
 endfacet
 facet normal 0.767884 -0.640588 0
  outer loop
   vertex 0.213267 -0.173402 0
   vertex 0.213762 -0.172809 0
   vertex 0.213267 -0.173402 0.05
  endloop
 endfacet
 facet normal 0.799844 -0.600209 0
  outer loop
   vertex 0.213762 -0.172809 0.05
   vertex 0.214225 -0.172191 0
   vertex 0.214225 -0.172191 0.05
  endloop
 endfacet
 facet normal 0.799844 -0.600209 0
  outer loop
   vertex 0.213762 -0.172809 0
   vertex 0.214225 -0.172191 0
   vertex 0.213762 -0.172809 0.05
  endloop
 endfacet
 facet normal 0.829672 -0.558251 0
  outer loop
   vertex 0.214225 -0.172191 0.05
   vertex 0.214657 -0.17155 0
   vertex 0.214657 -0.17155 0.05
  endloop
 endfacet
 facet normal 0.857319 -0.514786 0
  outer loop
   vertex 0.214657 -0.17155 0.05
   vertex 0.214657 -0.17155 0
   vertex 0.215054 -0.170888 0.05
  endloop
 endfacet
 facet normal 0.829672 -0.558251 0
  outer loop
   vertex 0.214225 -0.172191 0
   vertex 0.214657 -0.17155 0
   vertex 0.214225 -0.172191 0.05
  endloop
 endfacet
 facet normal 0.882672 -0.469989 0
  outer loop
   vertex 0.215054 -0.170888 0.05
   vertex 0.215054 -0.170888 0
   vertex 0.215417 -0.170206 0.05
  endloop
 endfacet
 facet normal 0.857319 -0.514786 0
  outer loop
   vertex 0.214657 -0.17155 0
   vertex 0.215054 -0.170888 0
   vertex 0.215054 -0.170888 0.05
  endloop
 endfacet
 facet normal 0.905707 -0.423904 0
  outer loop
   vertex 0.215417 -0.170206 0.05
   vertex 0.215417 -0.170206 0
   vertex 0.215745 -0.169507 0.05
  endloop
 endfacet
 facet normal 0.882672 -0.469989 0
  outer loop
   vertex 0.215054 -0.170888 0
   vertex 0.215417 -0.170206 0
   vertex 0.215417 -0.170206 0.05
  endloop
 endfacet
 facet normal 0.905707 -0.423904 0
  outer loop
   vertex 0.215417 -0.170206 0
   vertex 0.215745 -0.169507 0
   vertex 0.215745 -0.169507 0.05
  endloop
 endfacet
 facet normal 0.926324 -0.376728 0
  outer loop
   vertex 0.215745 -0.169507 0
   vertex 0.216036 -0.168791 0
   vertex 0.215745 -0.169507 0.05
  endloop
 endfacet
 facet normal 0.926324 -0.376728 0
  outer loop
   vertex 0.215745 -0.169507 0.05
   vertex 0.216036 -0.168791 0
   vertex 0.216036 -0.168791 0.05
  endloop
 endfacet
 facet normal 0.944486 -0.328551 0
  outer loop
   vertex 0.216036 -0.168791 0
   vertex 0.21629 -0.168062 0
   vertex 0.216036 -0.168791 0.05
  endloop
 endfacet
 facet normal 0.944486 -0.328551 0
  outer loop
   vertex 0.216036 -0.168791 0.05
   vertex 0.21629 -0.168062 0
   vertex 0.21629 -0.168062 0.05
  endloop
 endfacet
 facet normal 0.960151 -0.279482 0
  outer loop
   vertex 0.21629 -0.168062 0
   vertex 0.216505 -0.16732 0
   vertex 0.21629 -0.168062 0.05
  endloop
 endfacet
 facet normal 0.960151 -0.279482 0
  outer loop
   vertex 0.21629 -0.168062 0.05
   vertex 0.216505 -0.16732 0
   vertex 0.216505 -0.16732 0.05
  endloop
 endfacet
 facet normal 0.973266 -0.229681 0
  outer loop
   vertex 0.216505 -0.16732 0.05
   vertex 0.216505 -0.16732 0
   vertex 0.216683 -0.166568 0.05
  endloop
 endfacet
 facet normal 0.973266 -0.229681 0
  outer loop
   vertex 0.216505 -0.16732 0
   vertex 0.216683 -0.166568 0
   vertex 0.216683 -0.166568 0.05
  endloop
 endfacet
 facet normal 0.983797 -0.179289 0
  outer loop
   vertex 0.216683 -0.166568 0
   vertex 0.216821 -0.165808 0
   vertex 0.216683 -0.166568 0.05
  endloop
 endfacet
 facet normal 0.983797 -0.179289 0
  outer loop
   vertex 0.216683 -0.166568 0.05
   vertex 0.216821 -0.165808 0
   vertex 0.216821 -0.165808 0.05
  endloop
 endfacet
 facet normal 0.991722 -0.1284 0
  outer loop
   vertex 0.216821 -0.165808 0.05
   vertex 0.216821 -0.165808 0
   vertex 0.216921 -0.165042 0.05
  endloop
 endfacet
 facet normal 0.991722 -0.1284 0
  outer loop
   vertex 0.216821 -0.165808 0
   vertex 0.216921 -0.165042 0
   vertex 0.216921 -0.165042 0.05
  endloop
 endfacet
 facet normal 0.997017 -0.0771799 0
  outer loop
   vertex 0.216921 -0.165042 0.05
   vertex 0.21698 -0.164272 0
   vertex 0.21698 -0.164272 0.05
  endloop
 endfacet
 facet normal 0.997017 -0.0771799 0
  outer loop
   vertex 0.216921 -0.165042 0
   vertex 0.21698 -0.164272 0
   vertex 0.216921 -0.165042 0.05
  endloop
 endfacet
 facet normal 0.999669 -0.0257394 0
  outer loop
   vertex 0.21698 -0.164272 0.05
   vertex 0.217 -0.1635 0
   vertex 0.217 -0.1635 0.05
  endloop
 endfacet
 facet normal 0.999669 -0.0257394 0
  outer loop
   vertex 0.21698 -0.164272 0
   vertex 0.217 -0.1635 0
   vertex 0.21698 -0.164272 0.05
  endloop
 endfacet
 facet normal 0 0 -1
  outer loop
   vertex 0.191258 -0.173969 0
   vertex 0.192391 -0.175018 0
   vertex 0.191811 -0.174508 0
  endloop
 endfacet
 facet normal 0 0 -1
  outer loop
   vertex 0.191258 -0.173969 0
   vertex 0.190238 -0.172809 0
   vertex 0.192391 -0.175018 0
  endloop
 endfacet
 facet normal 0 0 -1
  outer loop
   vertex 0.190733 -0.173402 0
   vertex 0.190238 -0.172809 0
   vertex 0.191258 -0.173969 0
  endloop
 endfacet
 facet normal 0 0 -1
  outer loop
   vertex 0.192391 -0.175018 0
   vertex 0.193626 -0.175945 0
   vertex 0.192997 -0.175498 0
  endloop
 endfacet
 facet normal 0 0 -1
  outer loop
   vertex 0.189775 -0.172191 0
   vertex 0.189343 -0.17155 0
   vertex 0.190238 -0.172809 0
  endloop
 endfacet
 facet normal 0 0 -1
  outer loop
   vertex 0.192391 -0.175018 0
   vertex 0.19495 -0.17674 0
   vertex 0.193626 -0.175945 0
  endloop
 endfacet
 facet normal 0 0 -1
  outer loop
   vertex 0.193626 -0.175945 0
   vertex 0.19495 -0.17674 0
   vertex 0.194278 -0.17636 0
  endloop
 endfacet
 facet normal 0 0 -1
  outer loop
   vertex 0.192391 -0.175018 0
   vertex 0.195641 -0.177086 0
   vertex 0.19495 -0.17674 0
  endloop
 endfacet
 facet normal 0 0 -1
  outer loop
   vertex 0.190238 -0.172809 0
   vertex 0.187964 -0.168791 0
   vertex 0.192391 -0.175018 0
  endloop
 endfacet
 facet normal 0 0 -1
  outer loop
   vertex 0.189343 -0.17155 0
   vertex 0.187964 -0.168791 0
   vertex 0.190238 -0.172809 0
  endloop
 endfacet
 facet normal 0 0 -1
  outer loop
   vertex 0.188255 -0.169507 0
   vertex 0.187964 -0.168791 0
   vertex 0.188583 -0.170206 0
  endloop
 endfacet
 facet normal 0 0 -1
  outer loop
   vertex 0.188583 -0.170206 0
   vertex 0.187964 -0.168791 0
   vertex 0.188946 -0.170888 0
  endloop
 endfacet
 facet normal 0 0 -1
  outer loop
   vertex 0.188946 -0.170888 0
   vertex 0.187964 -0.168791 0
   vertex 0.189343 -0.17155 0
  endloop
 endfacet
 facet normal 0 0 -1
  outer loop
   vertex 0.196349 -0.177395 0
   vertex 0.197808 -0.177902 0
   vertex 0.197072 -0.177667 0
  endloop
 endfacet
 facet normal 0 0 -1
  outer loop
   vertex 0.18771 -0.168062 0
   vertex 0.187495 -0.16732 0
   vertex 0.187964 -0.168791 0
  endloop
 endfacet
 facet normal 0 0 -1
  outer loop
   vertex 0.192391 -0.175018 0
   vertex 0.198555 -0.178099 0
   vertex 0.195641 -0.177086 0
  endloop
 endfacet
 facet normal 0 0 -1
  outer loop
   vertex 0.196349 -0.177395 0
   vertex 0.198555 -0.178099 0
   vertex 0.197808 -0.177902 0
  endloop
 endfacet
 facet normal 0 0 -1
  outer loop
   vertex 0.195641 -0.177086 0
   vertex 0.198555 -0.178099 0
   vertex 0.196349 -0.177395 0
  endloop
 endfacet
 facet normal 0 0 -1
  outer loop
   vertex 0.187317 -0.166568 0
   vertex 0.187179 -0.165808 0
   vertex 0.187495 -0.16732 0
  endloop
 endfacet
 facet normal 0 0 -1
  outer loop
   vertex 0.198555 -0.178099 0
   vertex 0.200074 -0.178376 0
   vertex 0.199311 -0.178257 0
  endloop
 endfacet
 facet normal 0 0 -1
  outer loop
   vertex 0.187079 -0.165042 0
   vertex 0.18702 -0.164272 0
   vertex 0.187179 -0.165808 0
  endloop
 endfacet
 facet normal 0 0 -1
  outer loop
   vertex 0.18702 -0.164272 0
   vertex 0.187 -0.1635 0
   vertex 0.187179 -0.165808 0
  endloop
 endfacet
 facet normal 0 0 -1
  outer loop
   vertex 0.200074 -0.178376 0
   vertex 0.202386 -0.178495 0
   vertex 0.200842 -0.178455 0
  endloop
 endfacet
 facet normal 0 0 -1
  outer loop
   vertex 0.200842 -0.178455 0
   vertex 0.202386 -0.178495 0
   vertex 0.201614 -0.178495 0
  endloop
 endfacet
 facet normal 0 0 -1
  outer loop
   vertex 0.187495 -0.16732 0
   vertex 0.187079 -0.161958 0
   vertex 0.187964 -0.168791 0
  endloop
 endfacet
 facet normal 0 -0 -1
  outer loop
   vertex 0.18702 -0.162728 0
   vertex 0.187079 -0.161958 0
   vertex 0.187 -0.1635 0
  endloop
 endfacet
 facet normal 0 0 -1
  outer loop
   vertex 0.187179 -0.165808 0
   vertex 0.187079 -0.161958 0
   vertex 0.187495 -0.16732 0
  endloop
 endfacet
 facet normal 0 0 -1
  outer loop
   vertex 0.187 -0.1635 0
   vertex 0.187079 -0.161958 0
   vertex 0.187179 -0.165808 0
  endloop
 endfacet
 facet normal 0 0 -1
  outer loop
   vertex 0.198555 -0.178099 0
   vertex 0.203926 -0.178376 0
   vertex 0.200074 -0.178376 0
  endloop
 endfacet
 facet normal 0 0 -1
  outer loop
   vertex 0.200074 -0.178376 0
   vertex 0.203926 -0.178376 0
   vertex 0.202386 -0.178495 0
  endloop
 endfacet
 facet normal 0 0 -1
  outer loop
   vertex 0.202386 -0.178495 0
   vertex 0.203926 -0.178376 0
   vertex 0.203158 -0.178455 0
  endloop
 endfacet
 facet normal 0 -0 -1
  outer loop
   vertex 0.187179 -0.161192 0
   vertex 0.187317 -0.160432 0
   vertex 0.187079 -0.161958 0
  endloop
 endfacet
 facet normal 0 -0 -1
  outer loop
   vertex 0.187317 -0.160432 0
   vertex 0.18771 -0.158938 0
   vertex 0.187079 -0.161958 0
  endloop
 endfacet
 facet normal 0 -0 -1
  outer loop
   vertex 0.187495 -0.15968 0
   vertex 0.18771 -0.158938 0
   vertex 0.187317 -0.160432 0
  endloop
 endfacet
 facet normal 0 0 -1
  outer loop
   vertex 0.203926 -0.178376 0
   vertex 0.206928 -0.177667 0
   vertex 0.204689 -0.178257 0
  endloop
 endfacet
 facet normal 0 0 -1
  outer loop
   vertex 0.204689 -0.178257 0
   vertex 0.206928 -0.177667 0
   vertex 0.205445 -0.178099 0
  endloop
 endfacet
 facet normal 0 0 -1
  outer loop
   vertex 0.205445 -0.178099 0
   vertex 0.206928 -0.177667 0
   vertex 0.206192 -0.177902 0
  endloop
 endfacet
 facet normal 0 -0 -1
  outer loop
   vertex 0.18771 -0.158938 0
   vertex 0.188255 -0.157493 0
   vertex 0.187079 -0.161958 0
  endloop
 endfacet
 facet normal 0 -0 -1
  outer loop
   vertex 0.187964 -0.158209 0
   vertex 0.188255 -0.157493 0
   vertex 0.18771 -0.158938 0
  endloop
 endfacet
 facet normal 0 0 -1
  outer loop
   vertex 0.206928 -0.177667 0
   vertex 0.208359 -0.177086 0
   vertex 0.207651 -0.177395 0
  endloop
 endfacet
 facet normal 0 -0 -1
  outer loop
   vertex 0.188255 -0.157493 0
   vertex 0.188946 -0.156112 0
   vertex 0.187079 -0.161958 0
  endloop
 endfacet
 facet normal 0 -0 -1
  outer loop
   vertex 0.188583 -0.156794 0
   vertex 0.188946 -0.156112 0
   vertex 0.188255 -0.157493 0
  endloop
 endfacet
 facet normal 0 0 -1
  outer loop
   vertex 0.208359 -0.177086 0
   vertex 0.209722 -0.17636 0
   vertex 0.20905 -0.17674 0
  endloop
 endfacet
 facet normal 0 0 -1
  outer loop
   vertex 0.206928 -0.177667 0
   vertex 0.209722 -0.17636 0
   vertex 0.208359 -0.177086 0
  endloop
 endfacet
 facet normal 0 0 -1
  outer loop
   vertex 0.209722 -0.17636 0
   vertex 0.211003 -0.175498 0
   vertex 0.210374 -0.175945 0
  endloop
 endfacet
 facet normal 0 -0 -1
  outer loop
   vertex 0.189775 -0.154809 0
   vertex 0.190238 -0.154191 0
   vertex 0.189343 -0.15545 0
  endloop
 endfacet
 facet normal 0 -0 -1
  outer loop
   vertex 0.189343 -0.15545 0
   vertex 0.190238 -0.154191 0
   vertex 0.188946 -0.156112 0
  endloop
 endfacet
 facet normal 0 -0 -1
  outer loop
   vertex 0.188946 -0.156112 0
   vertex 0.190238 -0.154191 0
   vertex 0.187079 -0.161958 0
  endloop
 endfacet
 facet normal 0 0 -1
  outer loop
   vertex 0.206928 -0.177667 0
   vertex 0.211609 -0.175018 0
   vertex 0.209722 -0.17636 0
  endloop
 endfacet
 facet normal 0 0 -1
  outer loop
   vertex 0.209722 -0.17636 0
   vertex 0.211609 -0.175018 0
   vertex 0.211003 -0.175498 0
  endloop
 endfacet
 facet normal 0 -0 -1
  outer loop
   vertex 0.190733 -0.153598 0
   vertex 0.191258 -0.153031 0
   vertex 0.190238 -0.154191 0
  endloop
 endfacet
 facet normal 0 -0 -1
  outer loop
   vertex 0.191258 -0.153031 0
   vertex 0.191811 -0.152492 0
   vertex 0.190238 -0.154191 0
  endloop
 endfacet
 facet normal 0 -0 -1
  outer loop
   vertex 0.190238 -0.154191 0
   vertex 0.191811 -0.152492 0
   vertex 0.187079 -0.161958 0
  endloop
 endfacet
 facet normal 0 -0 -1
  outer loop
   vertex 0.192391 -0.151982 0
   vertex 0.192997 -0.151502 0
   vertex 0.191811 -0.152492 0
  endloop
 endfacet
 facet normal 0 -0 -1
  outer loop
   vertex 0.192997 -0.151502 0
   vertex 0.193626 -0.151055 0
   vertex 0.191811 -0.152492 0
  endloop
 endfacet
 facet normal 0 -0 -1
  outer loop
   vertex 0.191811 -0.152492 0
   vertex 0.193626 -0.151055 0
   vertex 0.187079 -0.161958 0
  endloop
 endfacet
 facet normal 0 0 -1
  outer loop
   vertex 0.187079 -0.161958 0
   vertex 0.193626 -0.151055 0
   vertex 0.187964 -0.168791 0
  endloop
 endfacet
 facet normal 0 0 -1
  outer loop
   vertex 0.211609 -0.175018 0
   vertex 0.214657 -0.17155 0
   vertex 0.212189 -0.174508 0
  endloop
 endfacet
 facet normal 0 0 -1
  outer loop
   vertex 0.212189 -0.174508 0
   vertex 0.214657 -0.17155 0
   vertex 0.212742 -0.173969 0
  endloop
 endfacet
 facet normal 0 0 -1
  outer loop
   vertex 0.212742 -0.173969 0
   vertex 0.214657 -0.17155 0
   vertex 0.213267 -0.173402 0
  endloop
 endfacet
 facet normal 0 0 -1
  outer loop
   vertex 0.213267 -0.173402 0
   vertex 0.214657 -0.17155 0
   vertex 0.213762 -0.172809 0
  endloop
 endfacet
 facet normal 0 0 -1
  outer loop
   vertex 0.213762 -0.172809 0
   vertex 0.214657 -0.17155 0
   vertex 0.214225 -0.172191 0
  endloop
 endfacet
 facet normal 0 0 -1
  outer loop
   vertex 0.211609 -0.175018 0
   vertex 0.215054 -0.170888 0
   vertex 0.214657 -0.17155 0
  endloop
 endfacet
 facet normal 0 0 -1
  outer loop
   vertex 0.215054 -0.170888 0
   vertex 0.215745 -0.169507 0
   vertex 0.215417 -0.170206 0
  endloop
 endfacet
 facet normal 0 -0 -1
  outer loop
   vertex 0.195641 -0.149914 0
   vertex 0.196349 -0.149605 0
   vertex 0.19495 -0.15026 0
  endloop
 endfacet
 facet normal 0 0 -1
  outer loop
   vertex 0.206928 -0.177667 0
   vertex 0.216036 -0.168791 0
   vertex 0.211609 -0.175018 0
  endloop
 endfacet
 facet normal 0 0 -1
  outer loop
   vertex 0.211609 -0.175018 0
   vertex 0.216036 -0.168791 0
   vertex 0.215054 -0.170888 0
  endloop
 endfacet
 facet normal 0 0 -1
  outer loop
   vertex 0.215054 -0.170888 0
   vertex 0.216036 -0.168791 0
   vertex 0.215745 -0.169507 0
  endloop
 endfacet
 facet normal 0 -0 -1
  outer loop
   vertex 0.19495 -0.15026 0
   vertex 0.197072 -0.149333 0
   vertex 0.194278 -0.15064 0
  endloop
 endfacet
 facet normal 0 -0 -1
  outer loop
   vertex 0.194278 -0.15064 0
   vertex 0.197072 -0.149333 0
   vertex 0.193626 -0.151055 0
  endloop
 endfacet
 facet normal 0 -0 -1
  outer loop
   vertex 0.193626 -0.151055 0
   vertex 0.197072 -0.149333 0
   vertex 0.187964 -0.168791 0
  endloop
 endfacet
 facet normal 0 0 -1
  outer loop
   vertex 0.187964 -0.168791 0
   vertex 0.197072 -0.149333 0
   vertex 0.192391 -0.175018 0
  endloop
 endfacet
 facet normal 0 -0 -1
  outer loop
   vertex 0.196349 -0.149605 0
   vertex 0.197072 -0.149333 0
   vertex 0.19495 -0.15026 0
  endloop
 endfacet
 facet normal 0 -0 -1
  outer loop
   vertex 0.197808 -0.149098 0
   vertex 0.198555 -0.148901 0
   vertex 0.197072 -0.149333 0
  endloop
 endfacet
 facet normal 0 0 -1
  outer loop
   vertex 0.192391 -0.175018 0
   vertex 0.198555 -0.148901 0
   vertex 0.198555 -0.178099 0
  endloop
 endfacet
 facet normal 0 -0 -1
  outer loop
   vertex 0.197072 -0.149333 0
   vertex 0.198555 -0.148901 0
   vertex 0.192391 -0.175018 0
  endloop
 endfacet
 facet normal 0 0 -1
  outer loop
   vertex 0.198555 -0.178099 0
   vertex 0.198555 -0.148901 0
   vertex 0.203926 -0.178376 0
  endloop
 endfacet
 facet normal 0 -0 -1
  outer loop
   vertex 0.199311 -0.148743 0
   vertex 0.200074 -0.148624 0
   vertex 0.198555 -0.148901 0
  endloop
 endfacet
 facet normal 0 0 -1
  outer loop
   vertex 0.216683 -0.166568 0
   vertex 0.216921 -0.165042 0
   vertex 0.216821 -0.165808 0
  endloop
 endfacet
 facet normal 0 -0 -1
  outer loop
   vertex 0.200842 -0.148545 0
   vertex 0.201614 -0.148505 0
   vertex 0.200074 -0.148624 0
  endloop
 endfacet
 facet normal 0 0 -1
  outer loop
   vertex 0.216921 -0.165042 0
   vertex 0.217 -0.1635 0
   vertex 0.21698 -0.164272 0
  endloop
 endfacet
 facet normal 0 -0 -1
  outer loop
   vertex 0.201614 -0.148505 0
   vertex 0.202386 -0.148505 0
   vertex 0.200074 -0.148624 0
  endloop
 endfacet
 facet normal 0 0 -1
  outer loop
   vertex 0.216921 -0.165042 0
   vertex 0.21698 -0.162728 0
   vertex 0.217 -0.1635 0
  endloop
 endfacet
 facet normal 0 0 -1
  outer loop
   vertex 0.216921 -0.165042 0
   vertex 0.216921 -0.161958 0
   vertex 0.21698 -0.162728 0
  endloop
 endfacet
 facet normal 0 -0 -1
  outer loop
   vertex 0.202386 -0.148505 0
   vertex 0.203926 -0.148624 0
   vertex 0.200074 -0.148624 0
  endloop
 endfacet
 facet normal -0 -0 -1
  outer loop
   vertex 0.203158 -0.148545 0
   vertex 0.203926 -0.148624 0
   vertex 0.202386 -0.148505 0
  endloop
 endfacet
 facet normal 0 0 -1
  outer loop
   vertex 0.216921 -0.161958 0
   vertex 0.216683 -0.160432 0
   vertex 0.216821 -0.161192 0
  endloop
 endfacet
 facet normal 0 0 -1
  outer loop
   vertex 0.216921 -0.165042 0
   vertex 0.216683 -0.160432 0
   vertex 0.216921 -0.161958 0
  endloop
 endfacet
 facet normal 0 0 -1
  outer loop
   vertex 0.216036 -0.168791 0
   vertex 0.216683 -0.160432 0
   vertex 0.21629 -0.168062 0
  endloop
 endfacet
 facet normal 0 0 -1
  outer loop
   vertex 0.21629 -0.168062 0
   vertex 0.216683 -0.160432 0
   vertex 0.216505 -0.16732 0
  endloop
 endfacet
 facet normal 0 0 -1
  outer loop
   vertex 0.216505 -0.16732 0
   vertex 0.216683 -0.160432 0
   vertex 0.216683 -0.166568 0
  endloop
 endfacet
 facet normal 0 0 -1
  outer loop
   vertex 0.206928 -0.177667 0
   vertex 0.216683 -0.160432 0
   vertex 0.216036 -0.168791 0
  endloop
 endfacet
 facet normal 0 0 -1
  outer loop
   vertex 0.216683 -0.166568 0
   vertex 0.216683 -0.160432 0
   vertex 0.216921 -0.165042 0
  endloop
 endfacet
 facet normal -0 -0 -1
  outer loop
   vertex 0.203926 -0.148624 0
   vertex 0.205445 -0.148901 0
   vertex 0.200074 -0.148624 0
  endloop
 endfacet
 facet normal -0 -0 -1
  outer loop
   vertex 0.204689 -0.148743 0
   vertex 0.205445 -0.148901 0
   vertex 0.203926 -0.148624 0
  endloop
 endfacet
 facet normal 0 0 -1
  outer loop
   vertex 0.198555 -0.148901 0
   vertex 0.205445 -0.148901 0
   vertex 0.203926 -0.178376 0
  endloop
 endfacet
 facet normal 0 -0 -1
  outer loop
   vertex 0.200074 -0.148624 0
   vertex 0.205445 -0.148901 0
   vertex 0.198555 -0.148901 0
  endloop
 endfacet
 facet normal 0 0 -1
  outer loop
   vertex 0.216683 -0.160432 0
   vertex 0.216036 -0.158209 0
   vertex 0.216505 -0.15968 0
  endloop
 endfacet
 facet normal 0 0 -1
  outer loop
   vertex 0.216505 -0.15968 0
   vertex 0.216036 -0.158209 0
   vertex 0.21629 -0.158938 0
  endloop
 endfacet
 facet normal -0 -0 -1
  outer loop
   vertex 0.206928 -0.149333 0
   vertex 0.207651 -0.149605 0
   vertex 0.206192 -0.149098 0
  endloop
 endfacet
 facet normal -0 -0 -1
  outer loop
   vertex 0.206192 -0.149098 0
   vertex 0.207651 -0.149605 0
   vertex 0.205445 -0.148901 0
  endloop
 endfacet
 facet normal -0 -0 -1
  outer loop
   vertex 0.208359 -0.149914 0
   vertex 0.20905 -0.15026 0
   vertex 0.207651 -0.149605 0
  endloop
 endfacet
 facet normal 0 0 -1
  outer loop
   vertex 0.216036 -0.158209 0
   vertex 0.215054 -0.156112 0
   vertex 0.215745 -0.157493 0
  endloop
 endfacet
 facet normal 0 0 -1
  outer loop
   vertex 0.215745 -0.157493 0
   vertex 0.215054 -0.156112 0
   vertex 0.215417 -0.156794 0
  endloop
 endfacet
 facet normal -0 -0 -1
  outer loop
   vertex 0.20905 -0.15026 0
   vertex 0.209722 -0.15064 0
   vertex 0.207651 -0.149605 0
  endloop
 endfacet
 facet normal -0 -0 -1
  outer loop
   vertex 0.207651 -0.149605 0
   vertex 0.209722 -0.15064 0
   vertex 0.205445 -0.148901 0
  endloop
 endfacet
 facet normal 0 -0 -1
  outer loop
   vertex 0.205445 -0.148901 0
   vertex 0.209722 -0.15064 0
   vertex 0.203926 -0.178376 0
  endloop
 endfacet
 facet normal 0 0 -1
  outer loop
   vertex 0.203926 -0.178376 0
   vertex 0.214657 -0.15545 0
   vertex 0.206928 -0.177667 0
  endloop
 endfacet
 facet normal 0 0 -1
  outer loop
   vertex 0.206928 -0.177667 0
   vertex 0.214657 -0.15545 0
   vertex 0.216683 -0.160432 0
  endloop
 endfacet
 facet normal 0 0 -1
  outer loop
   vertex 0.216683 -0.160432 0
   vertex 0.214657 -0.15545 0
   vertex 0.216036 -0.158209 0
  endloop
 endfacet
 facet normal 0 0 -1
  outer loop
   vertex 0.216036 -0.158209 0
   vertex 0.214657 -0.15545 0
   vertex 0.215054 -0.156112 0
  endloop
 endfacet
 facet normal -0 -0 -1
  outer loop
   vertex 0.211003 -0.151502 0
   vertex 0.211609 -0.151982 0
   vertex 0.210374 -0.151055 0
  endloop
 endfacet
 facet normal -0 -0 -1
  outer loop
   vertex 0.210374 -0.151055 0
   vertex 0.211609 -0.151982 0
   vertex 0.209722 -0.15064 0
  endloop
 endfacet
 facet normal 0 0 -1
  outer loop
   vertex 0.214657 -0.15545 0
   vertex 0.213267 -0.153598 0
   vertex 0.214225 -0.154809 0
  endloop
 endfacet
 facet normal 0 0 -1
  outer loop
   vertex 0.214225 -0.154809 0
   vertex 0.213267 -0.153598 0
   vertex 0.213762 -0.154191 0
  endloop
 endfacet
 facet normal 0 -0 -1
  outer loop
   vertex 0.209722 -0.15064 0
   vertex 0.213267 -0.153598 0
   vertex 0.203926 -0.178376 0
  endloop
 endfacet
 facet normal 0 0 -1
  outer loop
   vertex 0.203926 -0.178376 0
   vertex 0.213267 -0.153598 0
   vertex 0.214657 -0.15545 0
  endloop
 endfacet
 facet normal 0 0 -1
  outer loop
   vertex 0.209722 -0.15064 0
   vertex 0.212189 -0.152492 0
   vertex 0.213267 -0.153598 0
  endloop
 endfacet
 facet normal -0 -0 -1
  outer loop
   vertex 0.211609 -0.151982 0
   vertex 0.212189 -0.152492 0
   vertex 0.209722 -0.15064 0
  endloop
 endfacet
 facet normal 0 0 -1
  outer loop
   vertex 0.212189 -0.152492 0
   vertex 0.212742 -0.153031 0
   vertex 0.213267 -0.153598 0
  endloop
 endfacet
 facet normal 0 0 1
  outer loop
   vertex 0.192391 -0.175018 0.05
   vertex 0.191258 -0.173969 0.05
   vertex 0.191811 -0.174508 0.05
  endloop
 endfacet
 facet normal 0 0 1
  outer loop
   vertex 0.190238 -0.172809 0.05
   vertex 0.191258 -0.173969 0.05
   vertex 0.192391 -0.175018 0.05
  endloop
 endfacet
 facet normal 0 0 1
  outer loop
   vertex 0.190238 -0.172809 0.05
   vertex 0.190733 -0.173402 0.05
   vertex 0.191258 -0.173969 0.05
  endloop
 endfacet
 facet normal 0 0 1
  outer loop
   vertex 0.193626 -0.175945 0.05
   vertex 0.192391 -0.175018 0.05
   vertex 0.192997 -0.175498 0.05
  endloop
 endfacet
 facet normal 0 0 1
  outer loop
   vertex 0.189343 -0.17155 0.05
   vertex 0.189775 -0.172191 0.05
   vertex 0.190238 -0.172809 0.05
  endloop
 endfacet
 facet normal 0 0 1
  outer loop
   vertex 0.19495 -0.17674 0.05
   vertex 0.192391 -0.175018 0.05
   vertex 0.193626 -0.175945 0.05
  endloop
 endfacet
 facet normal 0 0 1
  outer loop
   vertex 0.19495 -0.17674 0.05
   vertex 0.193626 -0.175945 0.05
   vertex 0.194278 -0.17636 0.05
  endloop
 endfacet
 facet normal 0 0 1
  outer loop
   vertex 0.195641 -0.177086 0.05
   vertex 0.192391 -0.175018 0.05
   vertex 0.19495 -0.17674 0.05
  endloop
 endfacet
 facet normal 0 0 1
  outer loop
   vertex 0.187964 -0.168791 0.05
   vertex 0.190238 -0.172809 0.05
   vertex 0.192391 -0.175018 0.05
  endloop
 endfacet
 facet normal 0 0 1
  outer loop
   vertex 0.187964 -0.168791 0.05
   vertex 0.189343 -0.17155 0.05
   vertex 0.190238 -0.172809 0.05
  endloop
 endfacet
 facet normal 0 0 1
  outer loop
   vertex 0.187964 -0.168791 0.05
   vertex 0.188255 -0.169507 0.05
   vertex 0.188583 -0.170206 0.05
  endloop
 endfacet
 facet normal 0 0 1
  outer loop
   vertex 0.187964 -0.168791 0.05
   vertex 0.188583 -0.170206 0.05
   vertex 0.188946 -0.170888 0.05
  endloop
 endfacet
 facet normal 0 0 1
  outer loop
   vertex 0.187964 -0.168791 0.05
   vertex 0.188946 -0.170888 0.05
   vertex 0.189343 -0.17155 0.05
  endloop
 endfacet
 facet normal 0 0 1
  outer loop
   vertex 0.197808 -0.177902 0.05
   vertex 0.196349 -0.177395 0.05
   vertex 0.197072 -0.177667 0.05
  endloop
 endfacet
 facet normal 0 0 1
  outer loop
   vertex 0.187495 -0.16732 0.05
   vertex 0.18771 -0.168062 0.05
   vertex 0.187964 -0.168791 0.05
  endloop
 endfacet
 facet normal 0 0 1
  outer loop
   vertex 0.198555 -0.178099 0.05
   vertex 0.192391 -0.175018 0.05
   vertex 0.195641 -0.177086 0.05
  endloop
 endfacet
 facet normal 0 0 1
  outer loop
   vertex 0.198555 -0.178099 0.05
   vertex 0.196349 -0.177395 0.05
   vertex 0.197808 -0.177902 0.05
  endloop
 endfacet
 facet normal 0 0 1
  outer loop
   vertex 0.198555 -0.178099 0.05
   vertex 0.195641 -0.177086 0.05
   vertex 0.196349 -0.177395 0.05
  endloop
 endfacet
 facet normal 0 0 1
  outer loop
   vertex 0.187179 -0.165808 0.05
   vertex 0.187317 -0.166568 0.05
   vertex 0.187495 -0.16732 0.05
  endloop
 endfacet
 facet normal 0 0 1
  outer loop
   vertex 0.200074 -0.178376 0.05
   vertex 0.198555 -0.178099 0.05
   vertex 0.199311 -0.178257 0.05
  endloop
 endfacet
 facet normal 0 0 1
  outer loop
   vertex 0.18702 -0.164272 0.05
   vertex 0.187079 -0.165042 0.05
   vertex 0.187179 -0.165808 0.05
  endloop
 endfacet
 facet normal 0 0 1
  outer loop
   vertex 0.187 -0.1635 0.05
   vertex 0.18702 -0.164272 0.05
   vertex 0.187179 -0.165808 0.05
  endloop
 endfacet
 facet normal 0 0 1
  outer loop
   vertex 0.202386 -0.178495 0.05
   vertex 0.200074 -0.178376 0.05
   vertex 0.200842 -0.178455 0.05
  endloop
 endfacet
 facet normal 0 0 1
  outer loop
   vertex 0.202386 -0.178495 0.05
   vertex 0.200842 -0.178455 0.05
   vertex 0.201614 -0.178495 0.05
  endloop
 endfacet
 facet normal 0 0 1
  outer loop
   vertex 0.187079 -0.161958 0.05
   vertex 0.187495 -0.16732 0.05
   vertex 0.187964 -0.168791 0.05
  endloop
 endfacet
 facet normal 0 0 1
  outer loop
   vertex 0.187079 -0.161958 0.05
   vertex 0.18702 -0.162728 0.05
   vertex 0.187 -0.1635 0.05
  endloop
 endfacet
 facet normal 0 0 1
  outer loop
   vertex 0.187079 -0.161958 0.05
   vertex 0.187179 -0.165808 0.05
   vertex 0.187495 -0.16732 0.05
  endloop
 endfacet
 facet normal 0 0 1
  outer loop
   vertex 0.187079 -0.161958 0.05
   vertex 0.187 -0.1635 0.05
   vertex 0.187179 -0.165808 0.05
  endloop
 endfacet
 facet normal 0 0 1
  outer loop
   vertex 0.203926 -0.178376 0.05
   vertex 0.198555 -0.178099 0.05
   vertex 0.200074 -0.178376 0.05
  endloop
 endfacet
 facet normal 0 0 1
  outer loop
   vertex 0.203926 -0.178376 0.05
   vertex 0.200074 -0.178376 0.05
   vertex 0.202386 -0.178495 0.05
  endloop
 endfacet
 facet normal 0 0 1
  outer loop
   vertex 0.203926 -0.178376 0.05
   vertex 0.202386 -0.178495 0.05
   vertex 0.203158 -0.178455 0.05
  endloop
 endfacet
 facet normal 0 0 1
  outer loop
   vertex 0.187317 -0.160432 0.05
   vertex 0.187179 -0.161192 0.05
   vertex 0.187079 -0.161958 0.05
  endloop
 endfacet
 facet normal 0 0 1
  outer loop
   vertex 0.18771 -0.158938 0.05
   vertex 0.187317 -0.160432 0.05
   vertex 0.187079 -0.161958 0.05
  endloop
 endfacet
 facet normal 0 0 1
  outer loop
   vertex 0.18771 -0.158938 0.05
   vertex 0.187495 -0.15968 0.05
   vertex 0.187317 -0.160432 0.05
  endloop
 endfacet
 facet normal 0 0 1
  outer loop
   vertex 0.206928 -0.177667 0.05
   vertex 0.203926 -0.178376 0.05
   vertex 0.204689 -0.178257 0.05
  endloop
 endfacet
 facet normal 0 0 1
  outer loop
   vertex 0.206928 -0.177667 0.05
   vertex 0.204689 -0.178257 0.05
   vertex 0.205445 -0.178099 0.05
  endloop
 endfacet
 facet normal 0 0 1
  outer loop
   vertex 0.206928 -0.177667 0.05
   vertex 0.205445 -0.178099 0.05
   vertex 0.206192 -0.177902 0.05
  endloop
 endfacet
 facet normal 0 0 1
  outer loop
   vertex 0.188255 -0.157493 0.05
   vertex 0.18771 -0.158938 0.05
   vertex 0.187079 -0.161958 0.05
  endloop
 endfacet
 facet normal 0 0 1
  outer loop
   vertex 0.188255 -0.157493 0.05
   vertex 0.187964 -0.158209 0.05
   vertex 0.18771 -0.158938 0.05
  endloop
 endfacet
 facet normal 0 0 1
  outer loop
   vertex 0.208359 -0.177086 0.05
   vertex 0.206928 -0.177667 0.05
   vertex 0.207651 -0.177395 0.05
  endloop
 endfacet
 facet normal 0 0 1
  outer loop
   vertex 0.188946 -0.156112 0.05
   vertex 0.188255 -0.157493 0.05
   vertex 0.187079 -0.161958 0.05
  endloop
 endfacet
 facet normal 0 0 1
  outer loop
   vertex 0.188946 -0.156112 0.05
   vertex 0.188583 -0.156794 0.05
   vertex 0.188255 -0.157493 0.05
  endloop
 endfacet
 facet normal 0 0 1
  outer loop
   vertex 0.209722 -0.17636 0.05
   vertex 0.208359 -0.177086 0.05
   vertex 0.20905 -0.17674 0.05
  endloop
 endfacet
 facet normal 0 0 1
  outer loop
   vertex 0.209722 -0.17636 0.05
   vertex 0.206928 -0.177667 0.05
   vertex 0.208359 -0.177086 0.05
  endloop
 endfacet
 facet normal 0 0 1
  outer loop
   vertex 0.211003 -0.175498 0.05
   vertex 0.209722 -0.17636 0.05
   vertex 0.210374 -0.175945 0.05
  endloop
 endfacet
 facet normal 0 0 1
  outer loop
   vertex 0.190238 -0.154191 0.05
   vertex 0.189775 -0.154809 0.05
   vertex 0.189343 -0.15545 0.05
  endloop
 endfacet
 facet normal 0 0 1
  outer loop
   vertex 0.190238 -0.154191 0.05
   vertex 0.189343 -0.15545 0.05
   vertex 0.188946 -0.156112 0.05
  endloop
 endfacet
 facet normal 0 0 1
  outer loop
   vertex 0.190238 -0.154191 0.05
   vertex 0.188946 -0.156112 0.05
   vertex 0.187079 -0.161958 0.05
  endloop
 endfacet
 facet normal 0 0 1
  outer loop
   vertex 0.211609 -0.175018 0.05
   vertex 0.206928 -0.177667 0.05
   vertex 0.209722 -0.17636 0.05
  endloop
 endfacet
 facet normal 0 0 1
  outer loop
   vertex 0.211609 -0.175018 0.05
   vertex 0.209722 -0.17636 0.05
   vertex 0.211003 -0.175498 0.05
  endloop
 endfacet
 facet normal 0 0 1
  outer loop
   vertex 0.191258 -0.153031 0.05
   vertex 0.190733 -0.153598 0.05
   vertex 0.190238 -0.154191 0.05
  endloop
 endfacet
 facet normal 0 0 1
  outer loop
   vertex 0.191811 -0.152492 0.05
   vertex 0.191258 -0.153031 0.05
   vertex 0.190238 -0.154191 0.05
  endloop
 endfacet
 facet normal 0 0 1
  outer loop
   vertex 0.191811 -0.152492 0.05
   vertex 0.190238 -0.154191 0.05
   vertex 0.187079 -0.161958 0.05
  endloop
 endfacet
 facet normal 0 0 1
  outer loop
   vertex 0.192997 -0.151502 0.05
   vertex 0.192391 -0.151982 0.05
   vertex 0.191811 -0.152492 0.05
  endloop
 endfacet
 facet normal 0 0 1
  outer loop
   vertex 0.193626 -0.151055 0.05
   vertex 0.192997 -0.151502 0.05
   vertex 0.191811 -0.152492 0.05
  endloop
 endfacet
 facet normal 0 0 1
  outer loop
   vertex 0.193626 -0.151055 0.05
   vertex 0.191811 -0.152492 0.05
   vertex 0.187079 -0.161958 0.05
  endloop
 endfacet
 facet normal 0 0 1
  outer loop
   vertex 0.193626 -0.151055 0.05
   vertex 0.187079 -0.161958 0.05
   vertex 0.187964 -0.168791 0.05
  endloop
 endfacet
 facet normal 0 0 1
  outer loop
   vertex 0.214657 -0.17155 0.05
   vertex 0.211609 -0.175018 0.05
   vertex 0.212189 -0.174508 0.05
  endloop
 endfacet
 facet normal 0 0 1
  outer loop
   vertex 0.214657 -0.17155 0.05
   vertex 0.212189 -0.174508 0.05
   vertex 0.212742 -0.173969 0.05
  endloop
 endfacet
 facet normal 0 0 1
  outer loop
   vertex 0.214657 -0.17155 0.05
   vertex 0.212742 -0.173969 0.05
   vertex 0.213267 -0.173402 0.05
  endloop
 endfacet
 facet normal 0 0 1
  outer loop
   vertex 0.214657 -0.17155 0.05
   vertex 0.213267 -0.173402 0.05
   vertex 0.213762 -0.172809 0.05
  endloop
 endfacet
 facet normal 0 0 1
  outer loop
   vertex 0.214657 -0.17155 0.05
   vertex 0.213762 -0.172809 0.05
   vertex 0.214225 -0.172191 0.05
  endloop
 endfacet
 facet normal 0 0 1
  outer loop
   vertex 0.215054 -0.170888 0.05
   vertex 0.211609 -0.175018 0.05
   vertex 0.214657 -0.17155 0.05
  endloop
 endfacet
 facet normal 0 0 1
  outer loop
   vertex 0.215745 -0.169507 0.05
   vertex 0.215054 -0.170888 0.05
   vertex 0.215417 -0.170206 0.05
  endloop
 endfacet
 facet normal 0 0 1
  outer loop
   vertex 0.196349 -0.149605 0.05
   vertex 0.195641 -0.149914 0.05
   vertex 0.19495 -0.15026 0.05
  endloop
 endfacet
 facet normal 0 0 1
  outer loop
   vertex 0.216036 -0.168791 0.05
   vertex 0.206928 -0.177667 0.05
   vertex 0.211609 -0.175018 0.05
  endloop
 endfacet
 facet normal 0 0 1
  outer loop
   vertex 0.216036 -0.168791 0.05
   vertex 0.211609 -0.175018 0.05
   vertex 0.215054 -0.170888 0.05
  endloop
 endfacet
 facet normal 0 0 1
  outer loop
   vertex 0.216036 -0.168791 0.05
   vertex 0.215054 -0.170888 0.05
   vertex 0.215745 -0.169507 0.05
  endloop
 endfacet
 facet normal 0 0 1
  outer loop
   vertex 0.197072 -0.149333 0.05
   vertex 0.19495 -0.15026 0.05
   vertex 0.194278 -0.15064 0.05
  endloop
 endfacet
 facet normal 0 0 1
  outer loop
   vertex 0.197072 -0.149333 0.05
   vertex 0.194278 -0.15064 0.05
   vertex 0.193626 -0.151055 0.05
  endloop
 endfacet
 facet normal 0 0 1
  outer loop
   vertex 0.197072 -0.149333 0.05
   vertex 0.193626 -0.151055 0.05
   vertex 0.187964 -0.168791 0.05
  endloop
 endfacet
 facet normal 0 0 1
  outer loop
   vertex 0.197072 -0.149333 0.05
   vertex 0.187964 -0.168791 0.05
   vertex 0.192391 -0.175018 0.05
  endloop
 endfacet
 facet normal 0 0 1
  outer loop
   vertex 0.197072 -0.149333 0.05
   vertex 0.196349 -0.149605 0.05
   vertex 0.19495 -0.15026 0.05
  endloop
 endfacet
 facet normal 0 0 1
  outer loop
   vertex 0.198555 -0.148901 0.05
   vertex 0.197808 -0.149098 0.05
   vertex 0.197072 -0.149333 0.05
  endloop
 endfacet
 facet normal 0 0 1
  outer loop
   vertex 0.198555 -0.148901 0.05
   vertex 0.192391 -0.175018 0.05
   vertex 0.198555 -0.178099 0.05
  endloop
 endfacet
 facet normal 0 0 1
  outer loop
   vertex 0.198555 -0.148901 0.05
   vertex 0.197072 -0.149333 0.05
   vertex 0.192391 -0.175018 0.05
  endloop
 endfacet
 facet normal 0 0 1
  outer loop
   vertex 0.198555 -0.148901 0.05
   vertex 0.198555 -0.178099 0.05
   vertex 0.203926 -0.178376 0.05
  endloop
 endfacet
 facet normal 0 0 1
  outer loop
   vertex 0.200074 -0.148624 0.05
   vertex 0.199311 -0.148743 0.05
   vertex 0.198555 -0.148901 0.05
  endloop
 endfacet
 facet normal 0 0 1
  outer loop
   vertex 0.216921 -0.165042 0.05
   vertex 0.216683 -0.166568 0.05
   vertex 0.216821 -0.165808 0.05
  endloop
 endfacet
 facet normal 0 0 1
  outer loop
   vertex 0.201614 -0.148505 0.05
   vertex 0.200842 -0.148545 0.05
   vertex 0.200074 -0.148624 0.05
  endloop
 endfacet
 facet normal 0 0 1
  outer loop
   vertex 0.217 -0.1635 0.05
   vertex 0.216921 -0.165042 0.05
   vertex 0.21698 -0.164272 0.05
  endloop
 endfacet
 facet normal 0 0 1
  outer loop
   vertex 0.202386 -0.148505 0.05
   vertex 0.201614 -0.148505 0.05
   vertex 0.200074 -0.148624 0.05
  endloop
 endfacet
 facet normal 0 0 1
  outer loop
   vertex 0.21698 -0.162728 0.05
   vertex 0.216921 -0.165042 0.05
   vertex 0.217 -0.1635 0.05
  endloop
 endfacet
 facet normal 0 0 1
  outer loop
   vertex 0.216921 -0.161958 0.05
   vertex 0.216921 -0.165042 0.05
   vertex 0.21698 -0.162728 0.05
  endloop
 endfacet
 facet normal 0 0 1
  outer loop
   vertex 0.203926 -0.148624 0.05
   vertex 0.202386 -0.148505 0.05
   vertex 0.200074 -0.148624 0.05
  endloop
 endfacet
 facet normal 0 0 1
  outer loop
   vertex 0.203926 -0.148624 0.05
   vertex 0.203158 -0.148545 0.05
   vertex 0.202386 -0.148505 0.05
  endloop
 endfacet
 facet normal 0 0 1
  outer loop
   vertex 0.216683 -0.160432 0.05
   vertex 0.216921 -0.161958 0.05
   vertex 0.216821 -0.161192 0.05
  endloop
 endfacet
 facet normal 0 0 1
  outer loop
   vertex 0.216683 -0.160432 0.05
   vertex 0.216921 -0.165042 0.05
   vertex 0.216921 -0.161958 0.05
  endloop
 endfacet
 facet normal 0 0 1
  outer loop
   vertex 0.216683 -0.160432 0.05
   vertex 0.216036 -0.168791 0.05
   vertex 0.21629 -0.168062 0.05
  endloop
 endfacet
 facet normal 0 0 1
  outer loop
   vertex 0.216683 -0.160432 0.05
   vertex 0.21629 -0.168062 0.05
   vertex 0.216505 -0.16732 0.05
  endloop
 endfacet
 facet normal 0 0 1
  outer loop
   vertex 0.216683 -0.160432 0.05
   vertex 0.216505 -0.16732 0.05
   vertex 0.216683 -0.166568 0.05
  endloop
 endfacet
 facet normal 0 0 1
  outer loop
   vertex 0.216683 -0.160432 0.05
   vertex 0.206928 -0.177667 0.05
   vertex 0.216036 -0.168791 0.05
  endloop
 endfacet
 facet normal 0 0 1
  outer loop
   vertex 0.216683 -0.160432 0.05
   vertex 0.216683 -0.166568 0.05
   vertex 0.216921 -0.165042 0.05
  endloop
 endfacet
 facet normal 0 0 1
  outer loop
   vertex 0.205445 -0.148901 0.05
   vertex 0.203926 -0.148624 0.05
   vertex 0.200074 -0.148624 0.05
  endloop
 endfacet
 facet normal 0 0 1
  outer loop
   vertex 0.205445 -0.148901 0.05
   vertex 0.204689 -0.148743 0.05
   vertex 0.203926 -0.148624 0.05
  endloop
 endfacet
 facet normal 0 0 1
  outer loop
   vertex 0.205445 -0.148901 0.05
   vertex 0.198555 -0.148901 0.05
   vertex 0.203926 -0.178376 0.05
  endloop
 endfacet
 facet normal 0 0 1
  outer loop
   vertex 0.205445 -0.148901 0.05
   vertex 0.200074 -0.148624 0.05
   vertex 0.198555 -0.148901 0.05
  endloop
 endfacet
 facet normal 0 0 1
  outer loop
   vertex 0.216036 -0.158209 0.05
   vertex 0.216683 -0.160432 0.05
   vertex 0.216505 -0.15968 0.05
  endloop
 endfacet
 facet normal 0 0 1
  outer loop
   vertex 0.216036 -0.158209 0.05
   vertex 0.216505 -0.15968 0.05
   vertex 0.21629 -0.158938 0.05
  endloop
 endfacet
 facet normal 0 0 1
  outer loop
   vertex 0.207651 -0.149605 0.05
   vertex 0.206928 -0.149333 0.05
   vertex 0.206192 -0.149098 0.05
  endloop
 endfacet
 facet normal 0 0 1
  outer loop
   vertex 0.207651 -0.149605 0.05
   vertex 0.206192 -0.149098 0.05
   vertex 0.205445 -0.148901 0.05
  endloop
 endfacet
 facet normal 0 0 1
  outer loop
   vertex 0.20905 -0.15026 0.05
   vertex 0.208359 -0.149914 0.05
   vertex 0.207651 -0.149605 0.05
  endloop
 endfacet
 facet normal 0 0 1
  outer loop
   vertex 0.215054 -0.156112 0.05
   vertex 0.216036 -0.158209 0.05
   vertex 0.215745 -0.157493 0.05
  endloop
 endfacet
 facet normal 0 0 1
  outer loop
   vertex 0.215054 -0.156112 0.05
   vertex 0.215745 -0.157493 0.05
   vertex 0.215417 -0.156794 0.05
  endloop
 endfacet
 facet normal 0 0 1
  outer loop
   vertex 0.209722 -0.15064 0.05
   vertex 0.20905 -0.15026 0.05
   vertex 0.207651 -0.149605 0.05
  endloop
 endfacet
 facet normal 0 0 1
  outer loop
   vertex 0.209722 -0.15064 0.05
   vertex 0.207651 -0.149605 0.05
   vertex 0.205445 -0.148901 0.05
  endloop
 endfacet
 facet normal 0 0 1
  outer loop
   vertex 0.209722 -0.15064 0.05
   vertex 0.205445 -0.148901 0.05
   vertex 0.203926 -0.178376 0.05
  endloop
 endfacet
 facet normal 0 0 1
  outer loop
   vertex 0.214657 -0.15545 0.05
   vertex 0.203926 -0.178376 0.05
   vertex 0.206928 -0.177667 0.05
  endloop
 endfacet
 facet normal 0 0 1
  outer loop
   vertex 0.214657 -0.15545 0.05
   vertex 0.206928 -0.177667 0.05
   vertex 0.216683 -0.160432 0.05
  endloop
 endfacet
 facet normal 0 0 1
  outer loop
   vertex 0.214657 -0.15545 0.05
   vertex 0.216683 -0.160432 0.05
   vertex 0.216036 -0.158209 0.05
  endloop
 endfacet
 facet normal 0 0 1
  outer loop
   vertex 0.214657 -0.15545 0.05
   vertex 0.216036 -0.158209 0.05
   vertex 0.215054 -0.156112 0.05
  endloop
 endfacet
 facet normal 0 0 1
  outer loop
   vertex 0.211609 -0.151982 0.05
   vertex 0.211003 -0.151502 0.05
   vertex 0.210374 -0.151055 0.05
  endloop
 endfacet
 facet normal 0 0 1
  outer loop
   vertex 0.211609 -0.151982 0.05
   vertex 0.210374 -0.151055 0.05
   vertex 0.209722 -0.15064 0.05
  endloop
 endfacet
 facet normal 0 0 1
  outer loop
   vertex 0.213267 -0.153598 0.05
   vertex 0.214657 -0.15545 0.05
   vertex 0.214225 -0.154809 0.05
  endloop
 endfacet
 facet normal 0 0 1
  outer loop
   vertex 0.213267 -0.153598 0.05
   vertex 0.214225 -0.154809 0.05
   vertex 0.213762 -0.154191 0.05
  endloop
 endfacet
 facet normal 0 0 1
  outer loop
   vertex 0.213267 -0.153598 0.05
   vertex 0.209722 -0.15064 0.05
   vertex 0.203926 -0.178376 0.05
  endloop
 endfacet
 facet normal 0 0 1
  outer loop
   vertex 0.213267 -0.153598 0.05
   vertex 0.203926 -0.178376 0.05
   vertex 0.214657 -0.15545 0.05
  endloop
 endfacet
 facet normal 0 0 1
  outer loop
   vertex 0.212189 -0.152492 0.05
   vertex 0.209722 -0.15064 0.05
   vertex 0.213267 -0.153598 0.05
  endloop
 endfacet
 facet normal 0 0 1
  outer loop
   vertex 0.212189 -0.152492 0.05
   vertex 0.211609 -0.151982 0.05
   vertex 0.209722 -0.15064 0.05
  endloop
 endfacet
 facet normal 0 0 1
  outer loop
   vertex 0.212742 -0.153031 0.05
   vertex 0.212189 -0.152492 0.05
   vertex 0.213267 -0.153598 0.05
  endloop
 endfacet
 facet normal 0.999669 0.0257394 0
  outer loop
   vertex 0.217 0.1635 0.05
   vertex 0.217 0.1635 0
   vertex 0.21698 0.164272 0.05
  endloop
 endfacet
 facet normal 0.999669 0.0257394 0
  outer loop
   vertex 0.217 0.1635 0
   vertex 0.21698 0.164272 0
   vertex 0.21698 0.164272 0.05
  endloop
 endfacet
 facet normal 0.997017 0.0771799 0
  outer loop
   vertex 0.21698 0.164272 0.05
   vertex 0.216921 0.165042 0
   vertex 0.216921 0.165042 0.05
  endloop
 endfacet
 facet normal 0.997017 0.0771799 -0
  outer loop
   vertex 0.21698 0.164272 0
   vertex 0.216921 0.165042 0
   vertex 0.21698 0.164272 0.05
  endloop
 endfacet
 facet normal 0.991722 0.1284 0
  outer loop
   vertex 0.216921 0.165042 0.05
   vertex 0.216821 0.165808 0
   vertex 0.216821 0.165808 0.05
  endloop
 endfacet
 facet normal 0.983797 0.179289 0
  outer loop
   vertex 0.216821 0.165808 0.05
   vertex 0.216821 0.165808 0
   vertex 0.216683 0.166568 0.05
  endloop
 endfacet
 facet normal 0.991722 0.1284 -0
  outer loop
   vertex 0.216921 0.165042 0
   vertex 0.216821 0.165808 0
   vertex 0.216921 0.165042 0.05
  endloop
 endfacet
 facet normal 0.983797 0.179289 0
  outer loop
   vertex 0.216821 0.165808 0
   vertex 0.216683 0.166568 0
   vertex 0.216683 0.166568 0.05
  endloop
 endfacet
 facet normal 0.973266 0.229681 0
  outer loop
   vertex 0.216683 0.166568 0.05
   vertex 0.216505 0.16732 0
   vertex 0.216505 0.16732 0.05
  endloop
 endfacet
 facet normal 0.973266 0.229681 -0
  outer loop
   vertex 0.216683 0.166568 0
   vertex 0.216505 0.16732 0
   vertex 0.216683 0.166568 0.05
  endloop
 endfacet
 facet normal 0.960151 0.279482 0
  outer loop
   vertex 0.216505 0.16732 0.05
   vertex 0.21629 0.168062 0
   vertex 0.21629 0.168062 0.05
  endloop
 endfacet
 facet normal 0.944486 0.328551 0
  outer loop
   vertex 0.21629 0.168062 0.05
   vertex 0.21629 0.168062 0
   vertex 0.216036 0.168791 0.05
  endloop
 endfacet
 facet normal 0.960151 0.279482 -0
  outer loop
   vertex 0.216505 0.16732 0
   vertex 0.21629 0.168062 0
   vertex 0.216505 0.16732 0.05
  endloop
 endfacet
 facet normal 0.944486 0.328551 0
  outer loop
   vertex 0.21629 0.168062 0
   vertex 0.216036 0.168791 0
   vertex 0.216036 0.168791 0.05
  endloop
 endfacet
 facet normal 0.926324 0.376728 0
  outer loop
   vertex 0.216036 0.168791 0.05
   vertex 0.215745 0.169507 0
   vertex 0.215745 0.169507 0.05
  endloop
 endfacet
 facet normal 0.926324 0.376728 -0
  outer loop
   vertex 0.216036 0.168791 0
   vertex 0.215745 0.169507 0
   vertex 0.216036 0.168791 0.05
  endloop
 endfacet
 facet normal 0.905707 0.423904 0
  outer loop
   vertex 0.215745 0.169507 0.05
   vertex 0.215417 0.170206 0
   vertex 0.215417 0.170206 0.05
  endloop
 endfacet
 facet normal 0.905707 0.423904 -0
  outer loop
   vertex 0.215745 0.169507 0
   vertex 0.215417 0.170206 0
   vertex 0.215745 0.169507 0.05
  endloop
 endfacet
 facet normal 0.882672 0.469989 0
  outer loop
   vertex 0.215417 0.170206 0.05
   vertex 0.215054 0.170888 0
   vertex 0.215054 0.170888 0.05
  endloop
 endfacet
 facet normal 0.882672 0.469989 -0
  outer loop
   vertex 0.215417 0.170206 0
   vertex 0.215054 0.170888 0
   vertex 0.215417 0.170206 0.05
  endloop
 endfacet
 facet normal 0.857319 0.514786 0
  outer loop
   vertex 0.215054 0.170888 0.05
   vertex 0.214657 0.17155 0
   vertex 0.214657 0.17155 0.05
  endloop
 endfacet
 facet normal 0.857319 0.514786 -0
  outer loop
   vertex 0.215054 0.170888 0
   vertex 0.214657 0.17155 0
   vertex 0.215054 0.170888 0.05
  endloop
 endfacet
 facet normal 0.829672 0.558251 0
  outer loop
   vertex 0.214657 0.17155 0.05
   vertex 0.214225 0.172191 0
   vertex 0.214225 0.172191 0.05
  endloop
 endfacet
 facet normal 0.829672 0.558251 -0
  outer loop
   vertex 0.214657 0.17155 0
   vertex 0.214225 0.172191 0
   vertex 0.214657 0.17155 0.05
  endloop
 endfacet
 facet normal 0.799844 0.600209 0
  outer loop
   vertex 0.214225 0.172191 0.05
   vertex 0.213762 0.172809 0
   vertex 0.213762 0.172809 0.05
  endloop
 endfacet
 facet normal 0.767884 0.640588 0
  outer loop
   vertex 0.213762 0.172809 0.05
   vertex 0.213762 0.172809 0
   vertex 0.213267 0.173402 0.05
  endloop
 endfacet
 facet normal 0.799844 0.600209 -0
  outer loop
   vertex 0.214225 0.172191 0
   vertex 0.213762 0.172809 0
   vertex 0.214225 0.172191 0.05
  endloop
 endfacet
 facet normal 0.767884 0.640588 0
  outer loop
   vertex 0.213762 0.172809 0
   vertex 0.213267 0.173402 0
   vertex 0.213267 0.173402 0.05
  endloop
 endfacet
 facet normal 0.73388 0.67928 -0
  outer loop
   vertex 0.213267 0.173402 0
   vertex 0.212742 0.173969 0
   vertex 0.213267 0.173402 0.05
  endloop
 endfacet
 facet normal 0.73388 0.67928 0
  outer loop
   vertex 0.213267 0.173402 0.05
   vertex 0.212742 0.173969 0
   vertex 0.212742 0.173969 0.05
  endloop
 endfacet
 facet normal 0.697952 0.716145 -0
  outer loop
   vertex 0.212742 0.173969 0
   vertex 0.212189 0.174508 0
   vertex 0.212742 0.173969 0.05
  endloop
 endfacet
 facet normal 0.697952 0.716145 0
  outer loop
   vertex 0.212742 0.173969 0.05
   vertex 0.212189 0.174508 0
   vertex 0.212189 0.174508 0.05
  endloop
 endfacet
 facet normal 0.660148 0.751136 0
  outer loop
   vertex 0.212189 0.174508 0.05
   vertex 0.212189 0.174508 0
   vertex 0.211609 0.175018 0.05
  endloop
 endfacet
 facet normal 0.660148 0.751136 0
  outer loop
   vertex 0.212189 0.174508 0
   vertex 0.211609 0.175018 0
   vertex 0.211609 0.175018 0.05
  endloop
 endfacet
 facet normal 0.620613 0.784117 0
  outer loop
   vertex 0.211609 0.175018 0.05
   vertex 0.211609 0.175018 0
   vertex 0.211003 0.175498 0.05
  endloop
 endfacet
 facet normal 0.579422 0.815027 0
  outer loop
   vertex 0.211003 0.175498 0.05
   vertex 0.211003 0.175498 0
   vertex 0.210374 0.175945 0.05
  endloop
 endfacet
 facet normal 0.620613 0.784117 0
  outer loop
   vertex 0.211609 0.175018 0
   vertex 0.211003 0.175498 0
   vertex 0.211003 0.175498 0.05
  endloop
 endfacet
 facet normal 0.579422 0.815027 0
  outer loop
   vertex 0.211003 0.175498 0
   vertex 0.210374 0.175945 0
   vertex 0.210374 0.175945 0.05
  endloop
 endfacet
 facet normal 0.536698 0.843775 0
  outer loop
   vertex 0.210374 0.175945 0.05
   vertex 0.210374 0.175945 0
   vertex 0.209722 0.17636 0.05
  endloop
 endfacet
 facet normal 0.492548 0.870285 0
  outer loop
   vertex 0.209722 0.17636 0.05
   vertex 0.209722 0.17636 0
   vertex 0.20905 0.17674 0.05
  endloop
 endfacet
 facet normal 0.536698 0.843775 0
  outer loop
   vertex 0.210374 0.175945 0
   vertex 0.209722 0.17636 0
   vertex 0.209722 0.17636 0.05
  endloop
 endfacet
 facet normal 0.492548 0.870285 0
  outer loop
   vertex 0.209722 0.17636 0
   vertex 0.20905 0.17674 0
   vertex 0.20905 0.17674 0.05
  endloop
 endfacet
 facet normal 0.447095 0.894486 0
  outer loop
   vertex 0.20905 0.17674 0.05
   vertex 0.208359 0.177086 0
   vertex 0.208359 0.177086 0.05
  endloop
 endfacet
 facet normal 0.400456 0.916316 0
  outer loop
   vertex 0.208359 0.177086 0.05
   vertex 0.208359 0.177086 0
   vertex 0.207651 0.177395 0.05
  endloop
 endfacet
 facet normal 0.447095 0.894486 -0
  outer loop
   vertex 0.20905 0.17674 0
   vertex 0.208359 0.177086 0
   vertex 0.20905 0.17674 0.05
  endloop
 endfacet
 facet normal 0.400456 0.916316 0
  outer loop
   vertex 0.208359 0.177086 0
   vertex 0.207651 0.177395 0
   vertex 0.207651 0.177395 0.05
  endloop
 endfacet
 facet normal 0.352744 0.93572 0
  outer loop
   vertex 0.207651 0.177395 0.05
   vertex 0.206928 0.177667 0
   vertex 0.206928 0.177667 0.05
  endloop
 endfacet
 facet normal 0.304118 0.952634 0
  outer loop
   vertex 0.206928 0.177667 0.05
   vertex 0.206928 0.177667 0
   vertex 0.206192 0.177902 0.05
  endloop
 endfacet
 facet normal 0.352744 0.93572 -0
  outer loop
   vertex 0.207651 0.177395 0
   vertex 0.206928 0.177667 0
   vertex 0.207651 0.177395 0.05
  endloop
 endfacet
 facet normal 0.304118 0.952634 0
  outer loop
   vertex 0.206928 0.177667 0
   vertex 0.206192 0.177902 0
   vertex 0.206192 0.177902 0.05
  endloop
 endfacet
 facet normal 0.254666 0.967029 0
  outer loop
   vertex 0.206192 0.177902 0.05
   vertex 0.205445 0.178099 0
   vertex 0.205445 0.178099 0.05
  endloop
 endfacet
 facet normal 0.254666 0.967029 -0
  outer loop
   vertex 0.206192 0.177902 0
   vertex 0.205445 0.178099 0
   vertex 0.206192 0.177902 0.05
  endloop
 endfacet
 facet normal 0.204554 0.978855 0
  outer loop
   vertex 0.205445 0.178099 0.05
   vertex 0.204689 0.178257 0
   vertex 0.204689 0.178257 0.05
  endloop
 endfacet
 facet normal 0.153886 0.988089 0
  outer loop
   vertex 0.204689 0.178257 0.05
   vertex 0.204689 0.178257 0
   vertex 0.203926 0.178376 0.05
  endloop
 endfacet
 facet normal 0.204554 0.978855 -0
  outer loop
   vertex 0.205445 0.178099 0
   vertex 0.204689 0.178257 0
   vertex 0.205445 0.178099 0.05
  endloop
 endfacet
 facet normal 0.153886 0.988089 0
  outer loop
   vertex 0.204689 0.178257 0
   vertex 0.203926 0.178376 0
   vertex 0.203926 0.178376 0.05
  endloop
 endfacet
 facet normal 0.10282 0.9947 0
  outer loop
   vertex 0.203926 0.178376 0.05
   vertex 0.203158 0.178455 0
   vertex 0.203158 0.178455 0.05
  endloop
 endfacet
 facet normal 0.10282 0.9947 -0
  outer loop
   vertex 0.203926 0.178376 0
   vertex 0.203158 0.178455 0
   vertex 0.203926 0.178376 0.05
  endloop
 endfacet
 facet normal 0.0514785 0.998674 0
  outer loop
   vertex 0.203158 0.178455 0.05
   vertex 0.202386 0.178495 0
   vertex 0.202386 0.178495 0.05
  endloop
 endfacet
 facet normal 0.0514785 0.998674 -0
  outer loop
   vertex 0.203158 0.178455 0
   vertex 0.202386 0.178495 0
   vertex 0.203158 0.178455 0.05
  endloop
 endfacet
 facet normal 0 1 0
  outer loop
   vertex 0.202386 0.178495 0.05
   vertex 0.201614 0.178495 0
   vertex 0.201614 0.178495 0.05
  endloop
 endfacet
 facet normal 0 1 -0
  outer loop
   vertex 0.202386 0.178495 0
   vertex 0.201614 0.178495 0
   vertex 0.202386 0.178495 0.05
  endloop
 endfacet
 facet normal -0.0514785 0.998674 0
  outer loop
   vertex 0.201614 0.178495 0.05
   vertex 0.200842 0.178455 0
   vertex 0.200842 0.178455 0.05
  endloop
 endfacet
 facet normal -0.0514785 0.998674 0
  outer loop
   vertex 0.201614 0.178495 0
   vertex 0.200842 0.178455 0
   vertex 0.201614 0.178495 0.05
  endloop
 endfacet
 facet normal -0.10282 0.9947 0
  outer loop
   vertex 0.200842 0.178455 0.05
   vertex 0.200074 0.178376 0
   vertex 0.200074 0.178376 0.05
  endloop
 endfacet
 facet normal -0.10282 0.9947 0
  outer loop
   vertex 0.200842 0.178455 0
   vertex 0.200074 0.178376 0
   vertex 0.200842 0.178455 0.05
  endloop
 endfacet
 facet normal -0.153886 0.988089 0
  outer loop
   vertex 0.200074 0.178376 0.05
   vertex 0.199311 0.178257 0
   vertex 0.199311 0.178257 0.05
  endloop
 endfacet
 facet normal -0.153886 0.988089 0
  outer loop
   vertex 0.200074 0.178376 0
   vertex 0.199311 0.178257 0
   vertex 0.200074 0.178376 0.05
  endloop
 endfacet
 facet normal -0.204554 0.978855 0
  outer loop
   vertex 0.199311 0.178257 0.05
   vertex 0.198555 0.178099 0
   vertex 0.198555 0.178099 0.05
  endloop
 endfacet
 facet normal -0.204554 0.978855 0
  outer loop
   vertex 0.199311 0.178257 0
   vertex 0.198555 0.178099 0
   vertex 0.199311 0.178257 0.05
  endloop
 endfacet
 facet normal -0.254666 0.967029 0
  outer loop
   vertex 0.198555 0.178099 0.05
   vertex 0.197808 0.177902 0
   vertex 0.197808 0.177902 0.05
  endloop
 endfacet
 facet normal -0.254666 0.967029 0
  outer loop
   vertex 0.198555 0.178099 0
   vertex 0.197808 0.177902 0
   vertex 0.198555 0.178099 0.05
  endloop
 endfacet
 facet normal -0.304118 0.952634 0
  outer loop
   vertex 0.197808 0.177902 0.05
   vertex 0.197072 0.177667 0
   vertex 0.197072 0.177667 0.05
  endloop
 endfacet
 facet normal -0.304118 0.952634 0
  outer loop
   vertex 0.197808 0.177902 0
   vertex 0.197072 0.177667 0
   vertex 0.197808 0.177902 0.05
  endloop
 endfacet
 facet normal -0.352744 0.93572 0
  outer loop
   vertex 0.197072 0.177667 0.05
   vertex 0.196349 0.177395 0
   vertex 0.196349 0.177395 0.05
  endloop
 endfacet
 facet normal -0.352744 0.93572 0
  outer loop
   vertex 0.197072 0.177667 0
   vertex 0.196349 0.177395 0
   vertex 0.197072 0.177667 0.05
  endloop
 endfacet
 facet normal -0.400456 0.916316 0
  outer loop
   vertex 0.196349 0.177395 0
   vertex 0.195641 0.177086 0
   vertex 0.196349 0.177395 0.05
  endloop
 endfacet
 facet normal -0.400456 0.916316 0
  outer loop
   vertex 0.196349 0.177395 0.05
   vertex 0.195641 0.177086 0
   vertex 0.195641 0.177086 0.05
  endloop
 endfacet
 facet normal -0.447095 0.894486 0
  outer loop
   vertex 0.195641 0.177086 0
   vertex 0.19495 0.17674 0
   vertex 0.195641 0.177086 0.05
  endloop
 endfacet
 facet normal -0.447095 0.894486 0
  outer loop
   vertex 0.195641 0.177086 0.05
   vertex 0.19495 0.17674 0
   vertex 0.19495 0.17674 0.05
  endloop
 endfacet
 facet normal -0.492548 0.870285 0
  outer loop
   vertex 0.19495 0.17674 0.05
   vertex 0.19495 0.17674 0
   vertex 0.194278 0.17636 0.05
  endloop
 endfacet
 facet normal -0.492548 0.870285 0
  outer loop
   vertex 0.19495 0.17674 0
   vertex 0.194278 0.17636 0
   vertex 0.194278 0.17636 0.05
  endloop
 endfacet
 facet normal -0.536698 0.843775 0
  outer loop
   vertex 0.194278 0.17636 0
   vertex 0.193626 0.175945 0
   vertex 0.194278 0.17636 0.05
  endloop
 endfacet
 facet normal -0.536698 0.843775 0
  outer loop
   vertex 0.194278 0.17636 0.05
   vertex 0.193626 0.175945 0
   vertex 0.193626 0.175945 0.05
  endloop
 endfacet
 facet normal -0.579422 0.815027 0
  outer loop
   vertex 0.193626 0.175945 0
   vertex 0.192997 0.175498 0
   vertex 0.193626 0.175945 0.05
  endloop
 endfacet
 facet normal -0.579422 0.815027 0
  outer loop
   vertex 0.193626 0.175945 0.05
   vertex 0.192997 0.175498 0
   vertex 0.192997 0.175498 0.05
  endloop
 endfacet
 facet normal -0.620613 0.784117 0
  outer loop
   vertex 0.192997 0.175498 0
   vertex 0.192391 0.175018 0
   vertex 0.192997 0.175498 0.05
  endloop
 endfacet
 facet normal -0.620613 0.784117 0
  outer loop
   vertex 0.192997 0.175498 0.05
   vertex 0.192391 0.175018 0
   vertex 0.192391 0.175018 0.05
  endloop
 endfacet
 facet normal -0.660148 0.751136 0
  outer loop
   vertex 0.192391 0.175018 0
   vertex 0.191811 0.174508 0
   vertex 0.192391 0.175018 0.05
  endloop
 endfacet
 facet normal -0.660148 0.751136 0
  outer loop
   vertex 0.192391 0.175018 0.05
   vertex 0.191811 0.174508 0
   vertex 0.191811 0.174508 0.05
  endloop
 endfacet
 facet normal -0.697952 0.716145 0
  outer loop
   vertex 0.191811 0.174508 0
   vertex 0.191258 0.173969 0
   vertex 0.191811 0.174508 0.05
  endloop
 endfacet
 facet normal -0.697952 0.716145 0
  outer loop
   vertex 0.191811 0.174508 0.05
   vertex 0.191258 0.173969 0
   vertex 0.191258 0.173969 0.05
  endloop
 endfacet
 facet normal -0.73388 0.67928 0
  outer loop
   vertex 0.191258 0.173969 0
   vertex 0.190733 0.173402 0
   vertex 0.191258 0.173969 0.05
  endloop
 endfacet
 facet normal -0.73388 0.67928 0
  outer loop
   vertex 0.191258 0.173969 0.05
   vertex 0.190733 0.173402 0
   vertex 0.190733 0.173402 0.05
  endloop
 endfacet
 facet normal -0.767884 0.640588 0
  outer loop
   vertex 0.190733 0.173402 0
   vertex 0.190238 0.172809 0
   vertex 0.190733 0.173402 0.05
  endloop
 endfacet
 facet normal -0.767884 0.640588 0
  outer loop
   vertex 0.190733 0.173402 0.05
   vertex 0.190238 0.172809 0
   vertex 0.190238 0.172809 0.05
  endloop
 endfacet
 facet normal -0.799844 0.600209 0
  outer loop
   vertex 0.190238 0.172809 0
   vertex 0.189775 0.172191 0
   vertex 0.190238 0.172809 0.05
  endloop
 endfacet
 facet normal -0.799844 0.600209 0
  outer loop
   vertex 0.190238 0.172809 0.05
   vertex 0.189775 0.172191 0
   vertex 0.189775 0.172191 0.05
  endloop
 endfacet
 facet normal -0.829672 0.558251 0
  outer loop
   vertex 0.189775 0.172191 0
   vertex 0.189343 0.17155 0
   vertex 0.189775 0.172191 0.05
  endloop
 endfacet
 facet normal -0.829672 0.558251 0
  outer loop
   vertex 0.189775 0.172191 0.05
   vertex 0.189343 0.17155 0
   vertex 0.189343 0.17155 0.05
  endloop
 endfacet
 facet normal -0.857319 0.514786 0
  outer loop
   vertex 0.189343 0.17155 0.05
   vertex 0.188946 0.170888 0
   vertex 0.188946 0.170888 0.05
  endloop
 endfacet
 facet normal -0.857319 0.514786 0
  outer loop
   vertex 0.189343 0.17155 0
   vertex 0.188946 0.170888 0
   vertex 0.189343 0.17155 0.05
  endloop
 endfacet
 facet normal -0.882672 0.469989 0
  outer loop
   vertex 0.188946 0.170888 0.05
   vertex 0.188583 0.170206 0
   vertex 0.188583 0.170206 0.05
  endloop
 endfacet
 facet normal -0.882672 0.469989 0
  outer loop
   vertex 0.188946 0.170888 0
   vertex 0.188583 0.170206 0
   vertex 0.188946 0.170888 0.05
  endloop
 endfacet
 facet normal -0.905707 0.423904 0
  outer loop
   vertex 0.188583 0.170206 0.05
   vertex 0.188255 0.169507 0
   vertex 0.188255 0.169507 0.05
  endloop
 endfacet
 facet normal -0.905707 0.423904 0
  outer loop
   vertex 0.188583 0.170206 0
   vertex 0.188255 0.169507 0
   vertex 0.188583 0.170206 0.05
  endloop
 endfacet
 facet normal -0.926324 0.376728 0
  outer loop
   vertex 0.188255 0.169507 0.05
   vertex 0.187964 0.168791 0
   vertex 0.187964 0.168791 0.05
  endloop
 endfacet
 facet normal -0.926324 0.376728 0
  outer loop
   vertex 0.188255 0.169507 0
   vertex 0.187964 0.168791 0
   vertex 0.188255 0.169507 0.05
  endloop
 endfacet
 facet normal -0.944486 0.328551 0
  outer loop
   vertex 0.187964 0.168791 0.05
   vertex 0.18771 0.168062 0
   vertex 0.18771 0.168062 0.05
  endloop
 endfacet
 facet normal -0.944486 0.328551 0
  outer loop
   vertex 0.187964 0.168791 0
   vertex 0.18771 0.168062 0
   vertex 0.187964 0.168791 0.05
  endloop
 endfacet
 facet normal -0.960151 0.279482 0
  outer loop
   vertex 0.18771 0.168062 0.05
   vertex 0.187495 0.16732 0
   vertex 0.187495 0.16732 0.05
  endloop
 endfacet
 facet normal -0.960151 0.279482 0
  outer loop
   vertex 0.18771 0.168062 0
   vertex 0.187495 0.16732 0
   vertex 0.18771 0.168062 0.05
  endloop
 endfacet
 facet normal -0.973266 0.229681 0
  outer loop
   vertex 0.187495 0.16732 0.05
   vertex 0.187317 0.166568 0
   vertex 0.187317 0.166568 0.05
  endloop
 endfacet
 facet normal -0.973266 0.229681 0
  outer loop
   vertex 0.187495 0.16732 0
   vertex 0.187317 0.166568 0
   vertex 0.187495 0.16732 0.05
  endloop
 endfacet
 facet normal -0.983797 0.179289 0
  outer loop
   vertex 0.187317 0.166568 0.05
   vertex 0.187179 0.165808 0
   vertex 0.187179 0.165808 0.05
  endloop
 endfacet
 facet normal -0.983797 0.179289 0
  outer loop
   vertex 0.187317 0.166568 0
   vertex 0.187179 0.165808 0
   vertex 0.187317 0.166568 0.05
  endloop
 endfacet
 facet normal -0.991722 0.1284 0
  outer loop
   vertex 0.187179 0.165808 0.05
   vertex 0.187079 0.165042 0
   vertex 0.187079 0.165042 0.05
  endloop
 endfacet
 facet normal -0.991722 0.1284 0
  outer loop
   vertex 0.187179 0.165808 0
   vertex 0.187079 0.165042 0
   vertex 0.187179 0.165808 0.05
  endloop
 endfacet
 facet normal -0.997017 0.0771799 0
  outer loop
   vertex 0.187079 0.165042 0.05
   vertex 0.18702 0.164272 0
   vertex 0.18702 0.164272 0.05
  endloop
 endfacet
 facet normal -0.997017 0.0771799 0
  outer loop
   vertex 0.187079 0.165042 0
   vertex 0.18702 0.164272 0
   vertex 0.187079 0.165042 0.05
  endloop
 endfacet
 facet normal -0.999669 0.0257394 0
  outer loop
   vertex 0.18702 0.164272 0.05
   vertex 0.187 0.1635 0
   vertex 0.187 0.1635 0.05
  endloop
 endfacet
 facet normal -0.999669 0.0257394 0
  outer loop
   vertex 0.18702 0.164272 0
   vertex 0.187 0.1635 0
   vertex 0.18702 0.164272 0.05
  endloop
 endfacet
 facet normal -0.999669 -0.0257394 0
  outer loop
   vertex 0.187 0.1635 0.05
   vertex 0.18702 0.162728 0
   vertex 0.18702 0.162728 0.05
  endloop
 endfacet
 facet normal -0.999669 -0.0257394 0
  outer loop
   vertex 0.187 0.1635 0
   vertex 0.18702 0.162728 0
   vertex 0.187 0.1635 0.05
  endloop
 endfacet
 facet normal -0.997017 -0.0771799 0
  outer loop
   vertex 0.18702 0.162728 0.05
   vertex 0.187079 0.161958 0
   vertex 0.187079 0.161958 0.05
  endloop
 endfacet
 facet normal -0.997017 -0.0771799 0
  outer loop
   vertex 0.18702 0.162728 0
   vertex 0.187079 0.161958 0
   vertex 0.18702 0.162728 0.05
  endloop
 endfacet
 facet normal -0.991722 -0.1284 0
  outer loop
   vertex 0.187079 0.161958 0
   vertex 0.187179 0.161192 0
   vertex 0.187079 0.161958 0.05
  endloop
 endfacet
 facet normal -0.991722 -0.1284 0
  outer loop
   vertex 0.187079 0.161958 0.05
   vertex 0.187179 0.161192 0
   vertex 0.187179 0.161192 0.05
  endloop
 endfacet
 facet normal -0.983797 -0.179289 0
  outer loop
   vertex 0.187179 0.161192 0
   vertex 0.187317 0.160432 0
   vertex 0.187179 0.161192 0.05
  endloop
 endfacet
 facet normal -0.983797 -0.179289 0
  outer loop
   vertex 0.187179 0.161192 0.05
   vertex 0.187317 0.160432 0
   vertex 0.187317 0.160432 0.05
  endloop
 endfacet
 facet normal -0.973266 -0.229681 0
  outer loop
   vertex 0.187317 0.160432 0
   vertex 0.187495 0.15968 0
   vertex 0.187317 0.160432 0.05
  endloop
 endfacet
 facet normal -0.973266 -0.229681 0
  outer loop
   vertex 0.187317 0.160432 0.05
   vertex 0.187495 0.15968 0
   vertex 0.187495 0.15968 0.05
  endloop
 endfacet
 facet normal -0.960151 -0.279482 0
  outer loop
   vertex 0.187495 0.15968 0
   vertex 0.18771 0.158938 0
   vertex 0.187495 0.15968 0.05
  endloop
 endfacet
 facet normal -0.960151 -0.279482 0
  outer loop
   vertex 0.187495 0.15968 0.05
   vertex 0.18771 0.158938 0
   vertex 0.18771 0.158938 0.05
  endloop
 endfacet
 facet normal -0.944486 -0.328551 0
  outer loop
   vertex 0.18771 0.158938 0
   vertex 0.187964 0.158209 0
   vertex 0.18771 0.158938 0.05
  endloop
 endfacet
 facet normal -0.944486 -0.328551 0
  outer loop
   vertex 0.18771 0.158938 0.05
   vertex 0.187964 0.158209 0
   vertex 0.187964 0.158209 0.05
  endloop
 endfacet
 facet normal -0.926324 -0.376728 0
  outer loop
   vertex 0.187964 0.158209 0
   vertex 0.188255 0.157493 0
   vertex 0.187964 0.158209 0.05
  endloop
 endfacet
 facet normal -0.926324 -0.376728 0
  outer loop
   vertex 0.187964 0.158209 0.05
   vertex 0.188255 0.157493 0
   vertex 0.188255 0.157493 0.05
  endloop
 endfacet
 facet normal -0.905707 -0.423904 0
  outer loop
   vertex 0.188255 0.157493 0
   vertex 0.188583 0.156794 0
   vertex 0.188255 0.157493 0.05
  endloop
 endfacet
 facet normal -0.905707 -0.423904 0
  outer loop
   vertex 0.188255 0.157493 0.05
   vertex 0.188583 0.156794 0
   vertex 0.188583 0.156794 0.05
  endloop
 endfacet
 facet normal -0.882672 -0.469989 0
  outer loop
   vertex 0.188583 0.156794 0
   vertex 0.188946 0.156112 0
   vertex 0.188583 0.156794 0.05
  endloop
 endfacet
 facet normal -0.882672 -0.469989 0
  outer loop
   vertex 0.188583 0.156794 0.05
   vertex 0.188946 0.156112 0
   vertex 0.188946 0.156112 0.05
  endloop
 endfacet
 facet normal -0.857319 -0.514786 0
  outer loop
   vertex 0.188946 0.156112 0
   vertex 0.189343 0.15545 0
   vertex 0.188946 0.156112 0.05
  endloop
 endfacet
 facet normal -0.857319 -0.514786 0
  outer loop
   vertex 0.188946 0.156112 0.05
   vertex 0.189343 0.15545 0
   vertex 0.189343 0.15545 0.05
  endloop
 endfacet
 facet normal -0.829672 -0.558251 0
  outer loop
   vertex 0.189343 0.15545 0
   vertex 0.189775 0.154809 0
   vertex 0.189343 0.15545 0.05
  endloop
 endfacet
 facet normal -0.829672 -0.558251 0
  outer loop
   vertex 0.189343 0.15545 0.05
   vertex 0.189775 0.154809 0
   vertex 0.189775 0.154809 0.05
  endloop
 endfacet
 facet normal -0.799844 -0.600209 0
  outer loop
   vertex 0.189775 0.154809 0
   vertex 0.190238 0.154191 0
   vertex 0.189775 0.154809 0.05
  endloop
 endfacet
 facet normal -0.799844 -0.600209 0
  outer loop
   vertex 0.189775 0.154809 0.05
   vertex 0.190238 0.154191 0
   vertex 0.190238 0.154191 0.05
  endloop
 endfacet
 facet normal -0.767884 -0.640588 0
  outer loop
   vertex 0.190238 0.154191 0
   vertex 0.190733 0.153598 0
   vertex 0.190238 0.154191 0.05
  endloop
 endfacet
 facet normal -0.767884 -0.640588 0
  outer loop
   vertex 0.190238 0.154191 0.05
   vertex 0.190733 0.153598 0
   vertex 0.190733 0.153598 0.05
  endloop
 endfacet
 facet normal -0.73388 -0.67928 0
  outer loop
   vertex 0.190733 0.153598 0
   vertex 0.191258 0.153031 0
   vertex 0.190733 0.153598 0.05
  endloop
 endfacet
 facet normal -0.73388 -0.67928 0
  outer loop
   vertex 0.190733 0.153598 0.05
   vertex 0.191258 0.153031 0
   vertex 0.191258 0.153031 0.05
  endloop
 endfacet
 facet normal -0.697952 -0.716145 0
  outer loop
   vertex 0.191258 0.153031 0
   vertex 0.191811 0.152492 0
   vertex 0.191258 0.153031 0.05
  endloop
 endfacet
 facet normal -0.697952 -0.716145 0
  outer loop
   vertex 0.191258 0.153031 0.05
   vertex 0.191811 0.152492 0
   vertex 0.191811 0.152492 0.05
  endloop
 endfacet
 facet normal -0.660148 -0.751136 0
  outer loop
   vertex 0.191811 0.152492 0
   vertex 0.192391 0.151982 0
   vertex 0.191811 0.152492 0.05
  endloop
 endfacet
 facet normal -0.660148 -0.751136 0
  outer loop
   vertex 0.191811 0.152492 0.05
   vertex 0.192391 0.151982 0
   vertex 0.192391 0.151982 0.05
  endloop
 endfacet
 facet normal -0.620613 -0.784117 0
  outer loop
   vertex 0.192391 0.151982 0
   vertex 0.192997 0.151502 0
   vertex 0.192391 0.151982 0.05
  endloop
 endfacet
 facet normal -0.620613 -0.784117 0
  outer loop
   vertex 0.192391 0.151982 0.05
   vertex 0.192997 0.151502 0
   vertex 0.192997 0.151502 0.05
  endloop
 endfacet
 facet normal -0.579422 -0.815027 0
  outer loop
   vertex 0.192997 0.151502 0
   vertex 0.193626 0.151055 0
   vertex 0.192997 0.151502 0.05
  endloop
 endfacet
 facet normal -0.579422 -0.815027 0
  outer loop
   vertex 0.192997 0.151502 0.05
   vertex 0.193626 0.151055 0
   vertex 0.193626 0.151055 0.05
  endloop
 endfacet
 facet normal -0.536698 -0.843775 0
  outer loop
   vertex 0.193626 0.151055 0
   vertex 0.194278 0.15064 0
   vertex 0.193626 0.151055 0.05
  endloop
 endfacet
 facet normal -0.536698 -0.843775 0
  outer loop
   vertex 0.193626 0.151055 0.05
   vertex 0.194278 0.15064 0
   vertex 0.194278 0.15064 0.05
  endloop
 endfacet
 facet normal -0.492548 -0.870285 0
  outer loop
   vertex 0.194278 0.15064 0
   vertex 0.19495 0.15026 0
   vertex 0.194278 0.15064 0.05
  endloop
 endfacet
 facet normal -0.492548 -0.870285 0
  outer loop
   vertex 0.194278 0.15064 0.05
   vertex 0.19495 0.15026 0
   vertex 0.19495 0.15026 0.05
  endloop
 endfacet
 facet normal -0.447095 -0.894486 0
  outer loop
   vertex 0.19495 0.15026 0
   vertex 0.195641 0.149914 0
   vertex 0.19495 0.15026 0.05
  endloop
 endfacet
 facet normal -0.447095 -0.894486 0
  outer loop
   vertex 0.19495 0.15026 0.05
   vertex 0.195641 0.149914 0
   vertex 0.195641 0.149914 0.05
  endloop
 endfacet
 facet normal -0.400456 -0.916316 0
  outer loop
   vertex 0.195641 0.149914 0
   vertex 0.196349 0.149605 0
   vertex 0.195641 0.149914 0.05
  endloop
 endfacet
 facet normal -0.400456 -0.916316 0
  outer loop
   vertex 0.195641 0.149914 0.05
   vertex 0.196349 0.149605 0
   vertex 0.196349 0.149605 0.05
  endloop
 endfacet
 facet normal -0.352744 -0.93572 0
  outer loop
   vertex 0.196349 0.149605 0.05
   vertex 0.197072 0.149333 0
   vertex 0.197072 0.149333 0.05
  endloop
 endfacet
 facet normal -0.352744 -0.93572 0
  outer loop
   vertex 0.196349 0.149605 0
   vertex 0.197072 0.149333 0
   vertex 0.196349 0.149605 0.05
  endloop
 endfacet
 facet normal -0.304118 -0.952634 0
  outer loop
   vertex 0.197072 0.149333 0.05
   vertex 0.197808 0.149098 0
   vertex 0.197808 0.149098 0.05
  endloop
 endfacet
 facet normal -0.304118 -0.952634 0
  outer loop
   vertex 0.197072 0.149333 0
   vertex 0.197808 0.149098 0
   vertex 0.197072 0.149333 0.05
  endloop
 endfacet
 facet normal -0.254666 -0.967029 0
  outer loop
   vertex 0.197808 0.149098 0.05
   vertex 0.198555 0.148901 0
   vertex 0.198555 0.148901 0.05
  endloop
 endfacet
 facet normal -0.254666 -0.967029 0
  outer loop
   vertex 0.197808 0.149098 0
   vertex 0.198555 0.148901 0
   vertex 0.197808 0.149098 0.05
  endloop
 endfacet
 facet normal -0.204554 -0.978855 0
  outer loop
   vertex 0.198555 0.148901 0.05
   vertex 0.199311 0.148743 0
   vertex 0.199311 0.148743 0.05
  endloop
 endfacet
 facet normal -0.204554 -0.978855 0
  outer loop
   vertex 0.198555 0.148901 0
   vertex 0.199311 0.148743 0
   vertex 0.198555 0.148901 0.05
  endloop
 endfacet
 facet normal -0.153886 -0.988089 0
  outer loop
   vertex 0.199311 0.148743 0
   vertex 0.200074 0.148624 0
   vertex 0.199311 0.148743 0.05
  endloop
 endfacet
 facet normal -0.153886 -0.988089 0
  outer loop
   vertex 0.199311 0.148743 0.05
   vertex 0.200074 0.148624 0
   vertex 0.200074 0.148624 0.05
  endloop
 endfacet
 facet normal -0.10282 -0.9947 0
  outer loop
   vertex 0.200074 0.148624 0
   vertex 0.200842 0.148545 0
   vertex 0.200074 0.148624 0.05
  endloop
 endfacet
 facet normal -0.10282 -0.9947 0
  outer loop
   vertex 0.200074 0.148624 0.05
   vertex 0.200842 0.148545 0
   vertex 0.200842 0.148545 0.05
  endloop
 endfacet
 facet normal -0.0514785 -0.998674 0
  outer loop
   vertex 0.200842 0.148545 0
   vertex 0.201614 0.148505 0
   vertex 0.200842 0.148545 0.05
  endloop
 endfacet
 facet normal -0.0514785 -0.998674 0
  outer loop
   vertex 0.200842 0.148545 0.05
   vertex 0.201614 0.148505 0
   vertex 0.201614 0.148505 0.05
  endloop
 endfacet
 facet normal 0 -1 0
  outer loop
   vertex 0.201614 0.148505 0
   vertex 0.202386 0.148505 0
   vertex 0.201614 0.148505 0.05
  endloop
 endfacet
 facet normal 0 -1 0
  outer loop
   vertex 0.201614 0.148505 0.05
   vertex 0.202386 0.148505 0
   vertex 0.202386 0.148505 0.05
  endloop
 endfacet
 facet normal 0.0514785 -0.998674 0
  outer loop
   vertex 0.202386 0.148505 0
   vertex 0.203158 0.148545 0
   vertex 0.202386 0.148505 0.05
  endloop
 endfacet
 facet normal 0.0514785 -0.998674 0
  outer loop
   vertex 0.202386 0.148505 0.05
   vertex 0.203158 0.148545 0
   vertex 0.203158 0.148545 0.05
  endloop
 endfacet
 facet normal 0.10282 -0.9947 0
  outer loop
   vertex 0.203158 0.148545 0
   vertex 0.203926 0.148624 0
   vertex 0.203158 0.148545 0.05
  endloop
 endfacet
 facet normal 0.10282 -0.9947 0
  outer loop
   vertex 0.203158 0.148545 0.05
   vertex 0.203926 0.148624 0
   vertex 0.203926 0.148624 0.05
  endloop
 endfacet
 facet normal 0.153886 -0.988089 0
  outer loop
   vertex 0.203926 0.148624 0.05
   vertex 0.203926 0.148624 0
   vertex 0.204689 0.148743 0.05
  endloop
 endfacet
 facet normal 0.153886 -0.988089 0
  outer loop
   vertex 0.203926 0.148624 0
   vertex 0.204689 0.148743 0
   vertex 0.204689 0.148743 0.05
  endloop
 endfacet
 facet normal 0.204554 -0.978855 0
  outer loop
   vertex 0.204689 0.148743 0
   vertex 0.205445 0.148901 0
   vertex 0.204689 0.148743 0.05
  endloop
 endfacet
 facet normal 0.204554 -0.978855 0
  outer loop
   vertex 0.204689 0.148743 0.05
   vertex 0.205445 0.148901 0
   vertex 0.205445 0.148901 0.05
  endloop
 endfacet
 facet normal 0.254666 -0.967029 0
  outer loop
   vertex 0.205445 0.148901 0
   vertex 0.206192 0.149098 0
   vertex 0.205445 0.148901 0.05
  endloop
 endfacet
 facet normal 0.254666 -0.967029 0
  outer loop
   vertex 0.205445 0.148901 0.05
   vertex 0.206192 0.149098 0
   vertex 0.206192 0.149098 0.05
  endloop
 endfacet
 facet normal 0.304118 -0.952634 0
  outer loop
   vertex 0.206192 0.149098 0
   vertex 0.206928 0.149333 0
   vertex 0.206192 0.149098 0.05
  endloop
 endfacet
 facet normal 0.304118 -0.952634 0
  outer loop
   vertex 0.206192 0.149098 0.05
   vertex 0.206928 0.149333 0
   vertex 0.206928 0.149333 0.05
  endloop
 endfacet
 facet normal 0.352744 -0.93572 0
  outer loop
   vertex 0.206928 0.149333 0
   vertex 0.207651 0.149605 0
   vertex 0.206928 0.149333 0.05
  endloop
 endfacet
 facet normal 0.352744 -0.93572 0
  outer loop
   vertex 0.206928 0.149333 0.05
   vertex 0.207651 0.149605 0
   vertex 0.207651 0.149605 0.05
  endloop
 endfacet
 facet normal 0.400456 -0.916316 0
  outer loop
   vertex 0.207651 0.149605 0.05
   vertex 0.208359 0.149914 0
   vertex 0.208359 0.149914 0.05
  endloop
 endfacet
 facet normal 0.400456 -0.916316 0
  outer loop
   vertex 0.207651 0.149605 0
   vertex 0.208359 0.149914 0
   vertex 0.207651 0.149605 0.05
  endloop
 endfacet
 facet normal 0.447095 -0.894486 0
  outer loop
   vertex 0.208359 0.149914 0.05
   vertex 0.20905 0.15026 0
   vertex 0.20905 0.15026 0.05
  endloop
 endfacet
 facet normal 0.447095 -0.894486 0
  outer loop
   vertex 0.208359 0.149914 0
   vertex 0.20905 0.15026 0
   vertex 0.208359 0.149914 0.05
  endloop
 endfacet
 facet normal 0.492548 -0.870285 0
  outer loop
   vertex 0.20905 0.15026 0.05
   vertex 0.209722 0.15064 0
   vertex 0.209722 0.15064 0.05
  endloop
 endfacet
 facet normal 0.492548 -0.870285 0
  outer loop
   vertex 0.20905 0.15026 0
   vertex 0.209722 0.15064 0
   vertex 0.20905 0.15026 0.05
  endloop
 endfacet
 facet normal 0.536698 -0.843775 0
  outer loop
   vertex 0.209722 0.15064 0.05
   vertex 0.210374 0.151055 0
   vertex 0.210374 0.151055 0.05
  endloop
 endfacet
 facet normal 0.536698 -0.843775 0
  outer loop
   vertex 0.209722 0.15064 0
   vertex 0.210374 0.151055 0
   vertex 0.209722 0.15064 0.05
  endloop
 endfacet
 facet normal 0.579422 -0.815027 0
  outer loop
   vertex 0.210374 0.151055 0.05
   vertex 0.211003 0.151502 0
   vertex 0.211003 0.151502 0.05
  endloop
 endfacet
 facet normal 0.579422 -0.815027 0
  outer loop
   vertex 0.210374 0.151055 0
   vertex 0.211003 0.151502 0
   vertex 0.210374 0.151055 0.05
  endloop
 endfacet
 facet normal 0.620613 -0.784117 0
  outer loop
   vertex 0.211003 0.151502 0.05
   vertex 0.211609 0.151982 0
   vertex 0.211609 0.151982 0.05
  endloop
 endfacet
 facet normal 0.620613 -0.784117 0
  outer loop
   vertex 0.211003 0.151502 0
   vertex 0.211609 0.151982 0
   vertex 0.211003 0.151502 0.05
  endloop
 endfacet
 facet normal 0.660148 -0.751136 0
  outer loop
   vertex 0.211609 0.151982 0.05
   vertex 0.212189 0.152492 0
   vertex 0.212189 0.152492 0.05
  endloop
 endfacet
 facet normal 0.660148 -0.751136 0
  outer loop
   vertex 0.211609 0.151982 0
   vertex 0.212189 0.152492 0
   vertex 0.211609 0.151982 0.05
  endloop
 endfacet
 facet normal 0.697952 -0.716145 0
  outer loop
   vertex 0.212189 0.152492 0.05
   vertex 0.212742 0.153031 0
   vertex 0.212742 0.153031 0.05
  endloop
 endfacet
 facet normal 0.697952 -0.716145 0
  outer loop
   vertex 0.212189 0.152492 0
   vertex 0.212742 0.153031 0
   vertex 0.212189 0.152492 0.05
  endloop
 endfacet
 facet normal 0.73388 -0.67928 0
  outer loop
   vertex 0.212742 0.153031 0.05
   vertex 0.213267 0.153598 0
   vertex 0.213267 0.153598 0.05
  endloop
 endfacet
 facet normal 0.73388 -0.67928 0
  outer loop
   vertex 0.212742 0.153031 0
   vertex 0.213267 0.153598 0
   vertex 0.212742 0.153031 0.05
  endloop
 endfacet
 facet normal 0.767884 -0.640588 0
  outer loop
   vertex 0.213267 0.153598 0.05
   vertex 0.213762 0.154191 0
   vertex 0.213762 0.154191 0.05
  endloop
 endfacet
 facet normal 0.767884 -0.640588 0
  outer loop
   vertex 0.213267 0.153598 0
   vertex 0.213762 0.154191 0
   vertex 0.213267 0.153598 0.05
  endloop
 endfacet
 facet normal 0.799844 -0.600209 0
  outer loop
   vertex 0.213762 0.154191 0.05
   vertex 0.214225 0.154809 0
   vertex 0.214225 0.154809 0.05
  endloop
 endfacet
 facet normal 0.799844 -0.600209 0
  outer loop
   vertex 0.213762 0.154191 0
   vertex 0.214225 0.154809 0
   vertex 0.213762 0.154191 0.05
  endloop
 endfacet
 facet normal 0.829672 -0.558251 0
  outer loop
   vertex 0.214225 0.154809 0.05
   vertex 0.214657 0.15545 0
   vertex 0.214657 0.15545 0.05
  endloop
 endfacet
 facet normal 0.857319 -0.514786 0
  outer loop
   vertex 0.214657 0.15545 0.05
   vertex 0.214657 0.15545 0
   vertex 0.215054 0.156112 0.05
  endloop
 endfacet
 facet normal 0.829672 -0.558251 0
  outer loop
   vertex 0.214225 0.154809 0
   vertex 0.214657 0.15545 0
   vertex 0.214225 0.154809 0.05
  endloop
 endfacet
 facet normal 0.882672 -0.469989 0
  outer loop
   vertex 0.215054 0.156112 0.05
   vertex 0.215054 0.156112 0
   vertex 0.215417 0.156794 0.05
  endloop
 endfacet
 facet normal 0.857319 -0.514786 0
  outer loop
   vertex 0.214657 0.15545 0
   vertex 0.215054 0.156112 0
   vertex 0.215054 0.156112 0.05
  endloop
 endfacet
 facet normal 0.905707 -0.423904 0
  outer loop
   vertex 0.215417 0.156794 0.05
   vertex 0.215417 0.156794 0
   vertex 0.215745 0.157493 0.05
  endloop
 endfacet
 facet normal 0.882672 -0.469989 0
  outer loop
   vertex 0.215054 0.156112 0
   vertex 0.215417 0.156794 0
   vertex 0.215417 0.156794 0.05
  endloop
 endfacet
 facet normal 0.905707 -0.423904 0
  outer loop
   vertex 0.215417 0.156794 0
   vertex 0.215745 0.157493 0
   vertex 0.215745 0.157493 0.05
  endloop
 endfacet
 facet normal 0.926324 -0.376728 0
  outer loop
   vertex 0.215745 0.157493 0
   vertex 0.216036 0.158209 0
   vertex 0.215745 0.157493 0.05
  endloop
 endfacet
 facet normal 0.926324 -0.376728 0
  outer loop
   vertex 0.215745 0.157493 0.05
   vertex 0.216036 0.158209 0
   vertex 0.216036 0.158209 0.05
  endloop
 endfacet
 facet normal 0.944486 -0.328551 0
  outer loop
   vertex 0.216036 0.158209 0
   vertex 0.21629 0.158938 0
   vertex 0.216036 0.158209 0.05
  endloop
 endfacet
 facet normal 0.944486 -0.328551 0
  outer loop
   vertex 0.216036 0.158209 0.05
   vertex 0.21629 0.158938 0
   vertex 0.21629 0.158938 0.05
  endloop
 endfacet
 facet normal 0.960151 -0.279482 0
  outer loop
   vertex 0.21629 0.158938 0
   vertex 0.216505 0.15968 0
   vertex 0.21629 0.158938 0.05
  endloop
 endfacet
 facet normal 0.960151 -0.279482 0
  outer loop
   vertex 0.21629 0.158938 0.05
   vertex 0.216505 0.15968 0
   vertex 0.216505 0.15968 0.05
  endloop
 endfacet
 facet normal 0.973266 -0.229681 0
  outer loop
   vertex 0.216505 0.15968 0.05
   vertex 0.216505 0.15968 0
   vertex 0.216683 0.160432 0.05
  endloop
 endfacet
 facet normal 0.973266 -0.229681 0
  outer loop
   vertex 0.216505 0.15968 0
   vertex 0.216683 0.160432 0
   vertex 0.216683 0.160432 0.05
  endloop
 endfacet
 facet normal 0.983797 -0.179289 0
  outer loop
   vertex 0.216683 0.160432 0
   vertex 0.216821 0.161192 0
   vertex 0.216683 0.160432 0.05
  endloop
 endfacet
 facet normal 0.983797 -0.179289 0
  outer loop
   vertex 0.216683 0.160432 0.05
   vertex 0.216821 0.161192 0
   vertex 0.216821 0.161192 0.05
  endloop
 endfacet
 facet normal 0.991722 -0.1284 0
  outer loop
   vertex 0.216821 0.161192 0.05
   vertex 0.216821 0.161192 0
   vertex 0.216921 0.161958 0.05
  endloop
 endfacet
 facet normal 0.991722 -0.1284 0
  outer loop
   vertex 0.216821 0.161192 0
   vertex 0.216921 0.161958 0
   vertex 0.216921 0.161958 0.05
  endloop
 endfacet
 facet normal 0.997017 -0.0771799 0
  outer loop
   vertex 0.216921 0.161958 0.05
   vertex 0.21698 0.162728 0
   vertex 0.21698 0.162728 0.05
  endloop
 endfacet
 facet normal 0.997017 -0.0771799 0
  outer loop
   vertex 0.216921 0.161958 0
   vertex 0.21698 0.162728 0
   vertex 0.216921 0.161958 0.05
  endloop
 endfacet
 facet normal 0.999669 -0.0257394 0
  outer loop
   vertex 0.21698 0.162728 0.05
   vertex 0.217 0.1635 0
   vertex 0.217 0.1635 0.05
  endloop
 endfacet
 facet normal 0.999669 -0.0257394 0
  outer loop
   vertex 0.21698 0.162728 0
   vertex 0.217 0.1635 0
   vertex 0.21698 0.162728 0.05
  endloop
 endfacet
 facet normal 0 0 -1
  outer loop
   vertex 0.191258 0.153031 0
   vertex 0.192391 0.151982 0
   vertex 0.191811 0.152492 0
  endloop
 endfacet
 facet normal 0 0 -1
  outer loop
   vertex 0.191258 0.153031 0
   vertex 0.190238 0.154191 0
   vertex 0.192391 0.151982 0
  endloop
 endfacet
 facet normal 0 0 -1
  outer loop
   vertex 0.190733 0.153598 0
   vertex 0.190238 0.154191 0
   vertex 0.191258 0.153031 0
  endloop
 endfacet
 facet normal 0 0 -1
  outer loop
   vertex 0.192391 0.151982 0
   vertex 0.193626 0.151055 0
   vertex 0.192997 0.151502 0
  endloop
 endfacet
 facet normal 0 0 -1
  outer loop
   vertex 0.189775 0.154809 0
   vertex 0.189343 0.15545 0
   vertex 0.190238 0.154191 0
  endloop
 endfacet
 facet normal 0 0 -1
  outer loop
   vertex 0.192391 0.151982 0
   vertex 0.19495 0.15026 0
   vertex 0.193626 0.151055 0
  endloop
 endfacet
 facet normal 0 0 -1
  outer loop
   vertex 0.193626 0.151055 0
   vertex 0.19495 0.15026 0
   vertex 0.194278 0.15064 0
  endloop
 endfacet
 facet normal 0 0 -1
  outer loop
   vertex 0.192391 0.151982 0
   vertex 0.195641 0.149914 0
   vertex 0.19495 0.15026 0
  endloop
 endfacet
 facet normal 0 0 -1
  outer loop
   vertex 0.190238 0.154191 0
   vertex 0.187964 0.158209 0
   vertex 0.192391 0.151982 0
  endloop
 endfacet
 facet normal 0 0 -1
  outer loop
   vertex 0.189343 0.15545 0
   vertex 0.187964 0.158209 0
   vertex 0.190238 0.154191 0
  endloop
 endfacet
 facet normal 0 0 -1
  outer loop
   vertex 0.188255 0.157493 0
   vertex 0.187964 0.158209 0
   vertex 0.188583 0.156794 0
  endloop
 endfacet
 facet normal 0 0 -1
  outer loop
   vertex 0.188583 0.156794 0
   vertex 0.187964 0.158209 0
   vertex 0.188946 0.156112 0
  endloop
 endfacet
 facet normal 0 0 -1
  outer loop
   vertex 0.188946 0.156112 0
   vertex 0.187964 0.158209 0
   vertex 0.189343 0.15545 0
  endloop
 endfacet
 facet normal 0 0 -1
  outer loop
   vertex 0.196349 0.149605 0
   vertex 0.197808 0.149098 0
   vertex 0.197072 0.149333 0
  endloop
 endfacet
 facet normal 0 0 -1
  outer loop
   vertex 0.18771 0.158938 0
   vertex 0.187495 0.15968 0
   vertex 0.187964 0.158209 0
  endloop
 endfacet
 facet normal 0 0 -1
  outer loop
   vertex 0.192391 0.151982 0
   vertex 0.198555 0.148901 0
   vertex 0.195641 0.149914 0
  endloop
 endfacet
 facet normal 0 0 -1
  outer loop
   vertex 0.196349 0.149605 0
   vertex 0.198555 0.148901 0
   vertex 0.197808 0.149098 0
  endloop
 endfacet
 facet normal 0 0 -1
  outer loop
   vertex 0.195641 0.149914 0
   vertex 0.198555 0.148901 0
   vertex 0.196349 0.149605 0
  endloop
 endfacet
 facet normal 0 0 -1
  outer loop
   vertex 0.187317 0.160432 0
   vertex 0.187179 0.161192 0
   vertex 0.187495 0.15968 0
  endloop
 endfacet
 facet normal 0 0 -1
  outer loop
   vertex 0.198555 0.148901 0
   vertex 0.200074 0.148624 0
   vertex 0.199311 0.148743 0
  endloop
 endfacet
 facet normal 0 0 -1
  outer loop
   vertex 0.187079 0.161958 0
   vertex 0.18702 0.162728 0
   vertex 0.187179 0.161192 0
  endloop
 endfacet
 facet normal 0 0 -1
  outer loop
   vertex 0.18702 0.162728 0
   vertex 0.187 0.1635 0
   vertex 0.187179 0.161192 0
  endloop
 endfacet
 facet normal 0 0 -1
  outer loop
   vertex 0.200074 0.148624 0
   vertex 0.202386 0.148505 0
   vertex 0.200842 0.148545 0
  endloop
 endfacet
 facet normal 0 0 -1
  outer loop
   vertex 0.200842 0.148545 0
   vertex 0.202386 0.148505 0
   vertex 0.201614 0.148505 0
  endloop
 endfacet
 facet normal 0 0 -1
  outer loop
   vertex 0.187495 0.15968 0
   vertex 0.187079 0.165042 0
   vertex 0.187964 0.158209 0
  endloop
 endfacet
 facet normal 0 -0 -1
  outer loop
   vertex 0.18702 0.164272 0
   vertex 0.187079 0.165042 0
   vertex 0.187 0.1635 0
  endloop
 endfacet
 facet normal 0 0 -1
  outer loop
   vertex 0.187179 0.161192 0
   vertex 0.187079 0.165042 0
   vertex 0.187495 0.15968 0
  endloop
 endfacet
 facet normal 0 0 -1
  outer loop
   vertex 0.187 0.1635 0
   vertex 0.187079 0.165042 0
   vertex 0.187179 0.161192 0
  endloop
 endfacet
 facet normal 0 0 -1
  outer loop
   vertex 0.198555 0.148901 0
   vertex 0.203926 0.148624 0
   vertex 0.200074 0.148624 0
  endloop
 endfacet
 facet normal 0 0 -1
  outer loop
   vertex 0.200074 0.148624 0
   vertex 0.203926 0.148624 0
   vertex 0.202386 0.148505 0
  endloop
 endfacet
 facet normal 0 0 -1
  outer loop
   vertex 0.202386 0.148505 0
   vertex 0.203926 0.148624 0
   vertex 0.203158 0.148545 0
  endloop
 endfacet
 facet normal 0 -0 -1
  outer loop
   vertex 0.187179 0.165808 0
   vertex 0.187317 0.166568 0
   vertex 0.187079 0.165042 0
  endloop
 endfacet
 facet normal 0 -0 -1
  outer loop
   vertex 0.187317 0.166568 0
   vertex 0.18771 0.168062 0
   vertex 0.187079 0.165042 0
  endloop
 endfacet
 facet normal 0 -0 -1
  outer loop
   vertex 0.187495 0.16732 0
   vertex 0.18771 0.168062 0
   vertex 0.187317 0.166568 0
  endloop
 endfacet
 facet normal 0 0 -1
  outer loop
   vertex 0.203926 0.148624 0
   vertex 0.206928 0.149333 0
   vertex 0.204689 0.148743 0
  endloop
 endfacet
 facet normal 0 0 -1
  outer loop
   vertex 0.204689 0.148743 0
   vertex 0.206928 0.149333 0
   vertex 0.205445 0.148901 0
  endloop
 endfacet
 facet normal 0 0 -1
  outer loop
   vertex 0.205445 0.148901 0
   vertex 0.206928 0.149333 0
   vertex 0.206192 0.149098 0
  endloop
 endfacet
 facet normal 0 -0 -1
  outer loop
   vertex 0.18771 0.168062 0
   vertex 0.188255 0.169507 0
   vertex 0.187079 0.165042 0
  endloop
 endfacet
 facet normal 0 -0 -1
  outer loop
   vertex 0.187964 0.168791 0
   vertex 0.188255 0.169507 0
   vertex 0.18771 0.168062 0
  endloop
 endfacet
 facet normal 0 0 -1
  outer loop
   vertex 0.206928 0.149333 0
   vertex 0.208359 0.149914 0
   vertex 0.207651 0.149605 0
  endloop
 endfacet
 facet normal 0 -0 -1
  outer loop
   vertex 0.188255 0.169507 0
   vertex 0.188946 0.170888 0
   vertex 0.187079 0.165042 0
  endloop
 endfacet
 facet normal 0 -0 -1
  outer loop
   vertex 0.188583 0.170206 0
   vertex 0.188946 0.170888 0
   vertex 0.188255 0.169507 0
  endloop
 endfacet
 facet normal 0 0 -1
  outer loop
   vertex 0.208359 0.149914 0
   vertex 0.209722 0.15064 0
   vertex 0.20905 0.15026 0
  endloop
 endfacet
 facet normal 0 0 -1
  outer loop
   vertex 0.206928 0.149333 0
   vertex 0.209722 0.15064 0
   vertex 0.208359 0.149914 0
  endloop
 endfacet
 facet normal 0 0 -1
  outer loop
   vertex 0.209722 0.15064 0
   vertex 0.211003 0.151502 0
   vertex 0.210374 0.151055 0
  endloop
 endfacet
 facet normal 0 -0 -1
  outer loop
   vertex 0.189775 0.172191 0
   vertex 0.190238 0.172809 0
   vertex 0.189343 0.17155 0
  endloop
 endfacet
 facet normal 0 -0 -1
  outer loop
   vertex 0.189343 0.17155 0
   vertex 0.190238 0.172809 0
   vertex 0.188946 0.170888 0
  endloop
 endfacet
 facet normal 0 -0 -1
  outer loop
   vertex 0.188946 0.170888 0
   vertex 0.190238 0.172809 0
   vertex 0.187079 0.165042 0
  endloop
 endfacet
 facet normal 0 0 -1
  outer loop
   vertex 0.206928 0.149333 0
   vertex 0.211609 0.151982 0
   vertex 0.209722 0.15064 0
  endloop
 endfacet
 facet normal 0 0 -1
  outer loop
   vertex 0.209722 0.15064 0
   vertex 0.211609 0.151982 0
   vertex 0.211003 0.151502 0
  endloop
 endfacet
 facet normal 0 -0 -1
  outer loop
   vertex 0.190733 0.173402 0
   vertex 0.191258 0.173969 0
   vertex 0.190238 0.172809 0
  endloop
 endfacet
 facet normal 0 -0 -1
  outer loop
   vertex 0.191258 0.173969 0
   vertex 0.191811 0.174508 0
   vertex 0.190238 0.172809 0
  endloop
 endfacet
 facet normal 0 -0 -1
  outer loop
   vertex 0.190238 0.172809 0
   vertex 0.191811 0.174508 0
   vertex 0.187079 0.165042 0
  endloop
 endfacet
 facet normal 0 -0 -1
  outer loop
   vertex 0.192391 0.175018 0
   vertex 0.192997 0.175498 0
   vertex 0.191811 0.174508 0
  endloop
 endfacet
 facet normal 0 -0 -1
  outer loop
   vertex 0.192997 0.175498 0
   vertex 0.193626 0.175945 0
   vertex 0.191811 0.174508 0
  endloop
 endfacet
 facet normal 0 -0 -1
  outer loop
   vertex 0.191811 0.174508 0
   vertex 0.193626 0.175945 0
   vertex 0.187079 0.165042 0
  endloop
 endfacet
 facet normal 0 0 -1
  outer loop
   vertex 0.187079 0.165042 0
   vertex 0.193626 0.175945 0
   vertex 0.187964 0.158209 0
  endloop
 endfacet
 facet normal 0 0 -1
  outer loop
   vertex 0.211609 0.151982 0
   vertex 0.214657 0.15545 0
   vertex 0.212189 0.152492 0
  endloop
 endfacet
 facet normal 0 0 -1
  outer loop
   vertex 0.212189 0.152492 0
   vertex 0.214657 0.15545 0
   vertex 0.212742 0.153031 0
  endloop
 endfacet
 facet normal 0 0 -1
  outer loop
   vertex 0.212742 0.153031 0
   vertex 0.214657 0.15545 0
   vertex 0.213267 0.153598 0
  endloop
 endfacet
 facet normal 0 0 -1
  outer loop
   vertex 0.213267 0.153598 0
   vertex 0.214657 0.15545 0
   vertex 0.213762 0.154191 0
  endloop
 endfacet
 facet normal 0 0 -1
  outer loop
   vertex 0.213762 0.154191 0
   vertex 0.214657 0.15545 0
   vertex 0.214225 0.154809 0
  endloop
 endfacet
 facet normal 0 0 -1
  outer loop
   vertex 0.211609 0.151982 0
   vertex 0.215054 0.156112 0
   vertex 0.214657 0.15545 0
  endloop
 endfacet
 facet normal 0 0 -1
  outer loop
   vertex 0.215054 0.156112 0
   vertex 0.215745 0.157493 0
   vertex 0.215417 0.156794 0
  endloop
 endfacet
 facet normal 0 -0 -1
  outer loop
   vertex 0.195641 0.177086 0
   vertex 0.196349 0.177395 0
   vertex 0.19495 0.17674 0
  endloop
 endfacet
 facet normal 0 0 -1
  outer loop
   vertex 0.206928 0.149333 0
   vertex 0.216036 0.158209 0
   vertex 0.211609 0.151982 0
  endloop
 endfacet
 facet normal 0 0 -1
  outer loop
   vertex 0.211609 0.151982 0
   vertex 0.216036 0.158209 0
   vertex 0.215054 0.156112 0
  endloop
 endfacet
 facet normal 0 0 -1
  outer loop
   vertex 0.215054 0.156112 0
   vertex 0.216036 0.158209 0
   vertex 0.215745 0.157493 0
  endloop
 endfacet
 facet normal 0 -0 -1
  outer loop
   vertex 0.19495 0.17674 0
   vertex 0.197072 0.177667 0
   vertex 0.194278 0.17636 0
  endloop
 endfacet
 facet normal 0 -0 -1
  outer loop
   vertex 0.194278 0.17636 0
   vertex 0.197072 0.177667 0
   vertex 0.193626 0.175945 0
  endloop
 endfacet
 facet normal 0 -0 -1
  outer loop
   vertex 0.193626 0.175945 0
   vertex 0.197072 0.177667 0
   vertex 0.187964 0.158209 0
  endloop
 endfacet
 facet normal 0 0 -1
  outer loop
   vertex 0.187964 0.158209 0
   vertex 0.197072 0.177667 0
   vertex 0.192391 0.151982 0
  endloop
 endfacet
 facet normal 0 -0 -1
  outer loop
   vertex 0.196349 0.177395 0
   vertex 0.197072 0.177667 0
   vertex 0.19495 0.17674 0
  endloop
 endfacet
 facet normal 0 -0 -1
  outer loop
   vertex 0.197808 0.177902 0
   vertex 0.198555 0.178099 0
   vertex 0.197072 0.177667 0
  endloop
 endfacet
 facet normal 0 0 -1
  outer loop
   vertex 0.192391 0.151982 0
   vertex 0.198555 0.178099 0
   vertex 0.198555 0.148901 0
  endloop
 endfacet
 facet normal 0 -0 -1
  outer loop
   vertex 0.197072 0.177667 0
   vertex 0.198555 0.178099 0
   vertex 0.192391 0.151982 0
  endloop
 endfacet
 facet normal 0 0 -1
  outer loop
   vertex 0.198555 0.148901 0
   vertex 0.198555 0.178099 0
   vertex 0.203926 0.148624 0
  endloop
 endfacet
 facet normal 0 -0 -1
  outer loop
   vertex 0.199311 0.178257 0
   vertex 0.200074 0.178376 0
   vertex 0.198555 0.178099 0
  endloop
 endfacet
 facet normal 0 0 -1
  outer loop
   vertex 0.216683 0.160432 0
   vertex 0.216921 0.161958 0
   vertex 0.216821 0.161192 0
  endloop
 endfacet
 facet normal 0 -0 -1
  outer loop
   vertex 0.200842 0.178455 0
   vertex 0.201614 0.178495 0
   vertex 0.200074 0.178376 0
  endloop
 endfacet
 facet normal 0 0 -1
  outer loop
   vertex 0.216921 0.161958 0
   vertex 0.217 0.1635 0
   vertex 0.21698 0.162728 0
  endloop
 endfacet
 facet normal 0 -0 -1
  outer loop
   vertex 0.201614 0.178495 0
   vertex 0.202386 0.178495 0
   vertex 0.200074 0.178376 0
  endloop
 endfacet
 facet normal 0 0 -1
  outer loop
   vertex 0.216921 0.161958 0
   vertex 0.21698 0.164272 0
   vertex 0.217 0.1635 0
  endloop
 endfacet
 facet normal 0 0 -1
  outer loop
   vertex 0.216921 0.161958 0
   vertex 0.216921 0.165042 0
   vertex 0.21698 0.164272 0
  endloop
 endfacet
 facet normal 0 -0 -1
  outer loop
   vertex 0.202386 0.178495 0
   vertex 0.203926 0.178376 0
   vertex 0.200074 0.178376 0
  endloop
 endfacet
 facet normal -0 -0 -1
  outer loop
   vertex 0.203158 0.178455 0
   vertex 0.203926 0.178376 0
   vertex 0.202386 0.178495 0
  endloop
 endfacet
 facet normal 0 0 -1
  outer loop
   vertex 0.216921 0.165042 0
   vertex 0.216683 0.166568 0
   vertex 0.216821 0.165808 0
  endloop
 endfacet
 facet normal 0 0 -1
  outer loop
   vertex 0.216921 0.161958 0
   vertex 0.216683 0.166568 0
   vertex 0.216921 0.165042 0
  endloop
 endfacet
 facet normal 0 0 -1
  outer loop
   vertex 0.216036 0.158209 0
   vertex 0.216683 0.166568 0
   vertex 0.21629 0.158938 0
  endloop
 endfacet
 facet normal 0 0 -1
  outer loop
   vertex 0.21629 0.158938 0
   vertex 0.216683 0.166568 0
   vertex 0.216505 0.15968 0
  endloop
 endfacet
 facet normal 0 0 -1
  outer loop
   vertex 0.216505 0.15968 0
   vertex 0.216683 0.166568 0
   vertex 0.216683 0.160432 0
  endloop
 endfacet
 facet normal 0 0 -1
  outer loop
   vertex 0.206928 0.149333 0
   vertex 0.216683 0.166568 0
   vertex 0.216036 0.158209 0
  endloop
 endfacet
 facet normal 0 0 -1
  outer loop
   vertex 0.216683 0.160432 0
   vertex 0.216683 0.166568 0
   vertex 0.216921 0.161958 0
  endloop
 endfacet
 facet normal -0 -0 -1
  outer loop
   vertex 0.203926 0.178376 0
   vertex 0.205445 0.178099 0
   vertex 0.200074 0.178376 0
  endloop
 endfacet
 facet normal -0 -0 -1
  outer loop
   vertex 0.204689 0.178257 0
   vertex 0.205445 0.178099 0
   vertex 0.203926 0.178376 0
  endloop
 endfacet
 facet normal 0 0 -1
  outer loop
   vertex 0.198555 0.178099 0
   vertex 0.205445 0.178099 0
   vertex 0.203926 0.148624 0
  endloop
 endfacet
 facet normal 0 -0 -1
  outer loop
   vertex 0.200074 0.178376 0
   vertex 0.205445 0.178099 0
   vertex 0.198555 0.178099 0
  endloop
 endfacet
 facet normal 0 0 -1
  outer loop
   vertex 0.216683 0.166568 0
   vertex 0.216036 0.168791 0
   vertex 0.216505 0.16732 0
  endloop
 endfacet
 facet normal 0 0 -1
  outer loop
   vertex 0.216505 0.16732 0
   vertex 0.216036 0.168791 0
   vertex 0.21629 0.168062 0
  endloop
 endfacet
 facet normal -0 -0 -1
  outer loop
   vertex 0.206928 0.177667 0
   vertex 0.207651 0.177395 0
   vertex 0.206192 0.177902 0
  endloop
 endfacet
 facet normal -0 -0 -1
  outer loop
   vertex 0.206192 0.177902 0
   vertex 0.207651 0.177395 0
   vertex 0.205445 0.178099 0
  endloop
 endfacet
 facet normal -0 -0 -1
  outer loop
   vertex 0.208359 0.177086 0
   vertex 0.20905 0.17674 0
   vertex 0.207651 0.177395 0
  endloop
 endfacet
 facet normal 0 0 -1
  outer loop
   vertex 0.216036 0.168791 0
   vertex 0.215054 0.170888 0
   vertex 0.215745 0.169507 0
  endloop
 endfacet
 facet normal 0 0 -1
  outer loop
   vertex 0.215745 0.169507 0
   vertex 0.215054 0.170888 0
   vertex 0.215417 0.170206 0
  endloop
 endfacet
 facet normal -0 -0 -1
  outer loop
   vertex 0.20905 0.17674 0
   vertex 0.209722 0.17636 0
   vertex 0.207651 0.177395 0
  endloop
 endfacet
 facet normal -0 -0 -1
  outer loop
   vertex 0.207651 0.177395 0
   vertex 0.209722 0.17636 0
   vertex 0.205445 0.178099 0
  endloop
 endfacet
 facet normal 0 -0 -1
  outer loop
   vertex 0.205445 0.178099 0
   vertex 0.209722 0.17636 0
   vertex 0.203926 0.148624 0
  endloop
 endfacet
 facet normal 0 0 -1
  outer loop
   vertex 0.203926 0.148624 0
   vertex 0.214657 0.17155 0
   vertex 0.206928 0.149333 0
  endloop
 endfacet
 facet normal 0 0 -1
  outer loop
   vertex 0.206928 0.149333 0
   vertex 0.214657 0.17155 0
   vertex 0.216683 0.166568 0
  endloop
 endfacet
 facet normal 0 0 -1
  outer loop
   vertex 0.216683 0.166568 0
   vertex 0.214657 0.17155 0
   vertex 0.216036 0.168791 0
  endloop
 endfacet
 facet normal 0 0 -1
  outer loop
   vertex 0.216036 0.168791 0
   vertex 0.214657 0.17155 0
   vertex 0.215054 0.170888 0
  endloop
 endfacet
 facet normal -0 -0 -1
  outer loop
   vertex 0.211003 0.175498 0
   vertex 0.211609 0.175018 0
   vertex 0.210374 0.175945 0
  endloop
 endfacet
 facet normal -0 -0 -1
  outer loop
   vertex 0.210374 0.175945 0
   vertex 0.211609 0.175018 0
   vertex 0.209722 0.17636 0
  endloop
 endfacet
 facet normal 0 0 -1
  outer loop
   vertex 0.214657 0.17155 0
   vertex 0.213267 0.173402 0
   vertex 0.214225 0.172191 0
  endloop
 endfacet
 facet normal 0 0 -1
  outer loop
   vertex 0.214225 0.172191 0
   vertex 0.213267 0.173402 0
   vertex 0.213762 0.172809 0
  endloop
 endfacet
 facet normal 0 -0 -1
  outer loop
   vertex 0.209722 0.17636 0
   vertex 0.213267 0.173402 0
   vertex 0.203926 0.148624 0
  endloop
 endfacet
 facet normal 0 0 -1
  outer loop
   vertex 0.203926 0.148624 0
   vertex 0.213267 0.173402 0
   vertex 0.214657 0.17155 0
  endloop
 endfacet
 facet normal 0 0 -1
  outer loop
   vertex 0.209722 0.17636 0
   vertex 0.212189 0.174508 0
   vertex 0.213267 0.173402 0
  endloop
 endfacet
 facet normal -0 -0 -1
  outer loop
   vertex 0.211609 0.175018 0
   vertex 0.212189 0.174508 0
   vertex 0.209722 0.17636 0
  endloop
 endfacet
 facet normal 0 0 -1
  outer loop
   vertex 0.212189 0.174508 0
   vertex 0.212742 0.173969 0
   vertex 0.213267 0.173402 0
  endloop
 endfacet
 facet normal 0 0 1
  outer loop
   vertex 0.192391 0.151982 0.05
   vertex 0.191258 0.153031 0.05
   vertex 0.191811 0.152492 0.05
  endloop
 endfacet
 facet normal 0 0 1
  outer loop
   vertex 0.190238 0.154191 0.05
   vertex 0.191258 0.153031 0.05
   vertex 0.192391 0.151982 0.05
  endloop
 endfacet
 facet normal 0 0 1
  outer loop
   vertex 0.190238 0.154191 0.05
   vertex 0.190733 0.153598 0.05
   vertex 0.191258 0.153031 0.05
  endloop
 endfacet
 facet normal 0 0 1
  outer loop
   vertex 0.193626 0.151055 0.05
   vertex 0.192391 0.151982 0.05
   vertex 0.192997 0.151502 0.05
  endloop
 endfacet
 facet normal 0 0 1
  outer loop
   vertex 0.189343 0.15545 0.05
   vertex 0.189775 0.154809 0.05
   vertex 0.190238 0.154191 0.05
  endloop
 endfacet
 facet normal 0 0 1
  outer loop
   vertex 0.19495 0.15026 0.05
   vertex 0.192391 0.151982 0.05
   vertex 0.193626 0.151055 0.05
  endloop
 endfacet
 facet normal 0 0 1
  outer loop
   vertex 0.19495 0.15026 0.05
   vertex 0.193626 0.151055 0.05
   vertex 0.194278 0.15064 0.05
  endloop
 endfacet
 facet normal 0 0 1
  outer loop
   vertex 0.195641 0.149914 0.05
   vertex 0.192391 0.151982 0.05
   vertex 0.19495 0.15026 0.05
  endloop
 endfacet
 facet normal 0 0 1
  outer loop
   vertex 0.187964 0.158209 0.05
   vertex 0.190238 0.154191 0.05
   vertex 0.192391 0.151982 0.05
  endloop
 endfacet
 facet normal 0 0 1
  outer loop
   vertex 0.187964 0.158209 0.05
   vertex 0.189343 0.15545 0.05
   vertex 0.190238 0.154191 0.05
  endloop
 endfacet
 facet normal 0 0 1
  outer loop
   vertex 0.187964 0.158209 0.05
   vertex 0.188255 0.157493 0.05
   vertex 0.188583 0.156794 0.05
  endloop
 endfacet
 facet normal 0 0 1
  outer loop
   vertex 0.187964 0.158209 0.05
   vertex 0.188583 0.156794 0.05
   vertex 0.188946 0.156112 0.05
  endloop
 endfacet
 facet normal 0 0 1
  outer loop
   vertex 0.187964 0.158209 0.05
   vertex 0.188946 0.156112 0.05
   vertex 0.189343 0.15545 0.05
  endloop
 endfacet
 facet normal 0 0 1
  outer loop
   vertex 0.197808 0.149098 0.05
   vertex 0.196349 0.149605 0.05
   vertex 0.197072 0.149333 0.05
  endloop
 endfacet
 facet normal 0 0 1
  outer loop
   vertex 0.187495 0.15968 0.05
   vertex 0.18771 0.158938 0.05
   vertex 0.187964 0.158209 0.05
  endloop
 endfacet
 facet normal 0 0 1
  outer loop
   vertex 0.198555 0.148901 0.05
   vertex 0.192391 0.151982 0.05
   vertex 0.195641 0.149914 0.05
  endloop
 endfacet
 facet normal 0 0 1
  outer loop
   vertex 0.198555 0.148901 0.05
   vertex 0.196349 0.149605 0.05
   vertex 0.197808 0.149098 0.05
  endloop
 endfacet
 facet normal 0 0 1
  outer loop
   vertex 0.198555 0.148901 0.05
   vertex 0.195641 0.149914 0.05
   vertex 0.196349 0.149605 0.05
  endloop
 endfacet
 facet normal 0 0 1
  outer loop
   vertex 0.187179 0.161192 0.05
   vertex 0.187317 0.160432 0.05
   vertex 0.187495 0.15968 0.05
  endloop
 endfacet
 facet normal 0 0 1
  outer loop
   vertex 0.200074 0.148624 0.05
   vertex 0.198555 0.148901 0.05
   vertex 0.199311 0.148743 0.05
  endloop
 endfacet
 facet normal 0 0 1
  outer loop
   vertex 0.18702 0.162728 0.05
   vertex 0.187079 0.161958 0.05
   vertex 0.187179 0.161192 0.05
  endloop
 endfacet
 facet normal 0 0 1
  outer loop
   vertex 0.187 0.1635 0.05
   vertex 0.18702 0.162728 0.05
   vertex 0.187179 0.161192 0.05
  endloop
 endfacet
 facet normal 0 0 1
  outer loop
   vertex 0.202386 0.148505 0.05
   vertex 0.200074 0.148624 0.05
   vertex 0.200842 0.148545 0.05
  endloop
 endfacet
 facet normal 0 0 1
  outer loop
   vertex 0.202386 0.148505 0.05
   vertex 0.200842 0.148545 0.05
   vertex 0.201614 0.148505 0.05
  endloop
 endfacet
 facet normal 0 0 1
  outer loop
   vertex 0.187079 0.165042 0.05
   vertex 0.187495 0.15968 0.05
   vertex 0.187964 0.158209 0.05
  endloop
 endfacet
 facet normal 0 0 1
  outer loop
   vertex 0.187079 0.165042 0.05
   vertex 0.18702 0.164272 0.05
   vertex 0.187 0.1635 0.05
  endloop
 endfacet
 facet normal 0 0 1
  outer loop
   vertex 0.187079 0.165042 0.05
   vertex 0.187179 0.161192 0.05
   vertex 0.187495 0.15968 0.05
  endloop
 endfacet
 facet normal 0 0 1
  outer loop
   vertex 0.187079 0.165042 0.05
   vertex 0.187 0.1635 0.05
   vertex 0.187179 0.161192 0.05
  endloop
 endfacet
 facet normal 0 0 1
  outer loop
   vertex 0.203926 0.148624 0.05
   vertex 0.198555 0.148901 0.05
   vertex 0.200074 0.148624 0.05
  endloop
 endfacet
 facet normal 0 0 1
  outer loop
   vertex 0.203926 0.148624 0.05
   vertex 0.200074 0.148624 0.05
   vertex 0.202386 0.148505 0.05
  endloop
 endfacet
 facet normal 0 0 1
  outer loop
   vertex 0.203926 0.148624 0.05
   vertex 0.202386 0.148505 0.05
   vertex 0.203158 0.148545 0.05
  endloop
 endfacet
 facet normal 0 0 1
  outer loop
   vertex 0.187317 0.166568 0.05
   vertex 0.187179 0.165808 0.05
   vertex 0.187079 0.165042 0.05
  endloop
 endfacet
 facet normal 0 0 1
  outer loop
   vertex 0.18771 0.168062 0.05
   vertex 0.187317 0.166568 0.05
   vertex 0.187079 0.165042 0.05
  endloop
 endfacet
 facet normal 0 0 1
  outer loop
   vertex 0.18771 0.168062 0.05
   vertex 0.187495 0.16732 0.05
   vertex 0.187317 0.166568 0.05
  endloop
 endfacet
 facet normal 0 0 1
  outer loop
   vertex 0.206928 0.149333 0.05
   vertex 0.203926 0.148624 0.05
   vertex 0.204689 0.148743 0.05
  endloop
 endfacet
 facet normal 0 0 1
  outer loop
   vertex 0.206928 0.149333 0.05
   vertex 0.204689 0.148743 0.05
   vertex 0.205445 0.148901 0.05
  endloop
 endfacet
 facet normal 0 0 1
  outer loop
   vertex 0.206928 0.149333 0.05
   vertex 0.205445 0.148901 0.05
   vertex 0.206192 0.149098 0.05
  endloop
 endfacet
 facet normal 0 0 1
  outer loop
   vertex 0.188255 0.169507 0.05
   vertex 0.18771 0.168062 0.05
   vertex 0.187079 0.165042 0.05
  endloop
 endfacet
 facet normal 0 0 1
  outer loop
   vertex 0.188255 0.169507 0.05
   vertex 0.187964 0.168791 0.05
   vertex 0.18771 0.168062 0.05
  endloop
 endfacet
 facet normal 0 0 1
  outer loop
   vertex 0.208359 0.149914 0.05
   vertex 0.206928 0.149333 0.05
   vertex 0.207651 0.149605 0.05
  endloop
 endfacet
 facet normal 0 0 1
  outer loop
   vertex 0.188946 0.170888 0.05
   vertex 0.188255 0.169507 0.05
   vertex 0.187079 0.165042 0.05
  endloop
 endfacet
 facet normal 0 0 1
  outer loop
   vertex 0.188946 0.170888 0.05
   vertex 0.188583 0.170206 0.05
   vertex 0.188255 0.169507 0.05
  endloop
 endfacet
 facet normal 0 0 1
  outer loop
   vertex 0.209722 0.15064 0.05
   vertex 0.208359 0.149914 0.05
   vertex 0.20905 0.15026 0.05
  endloop
 endfacet
 facet normal 0 0 1
  outer loop
   vertex 0.209722 0.15064 0.05
   vertex 0.206928 0.149333 0.05
   vertex 0.208359 0.149914 0.05
  endloop
 endfacet
 facet normal 0 0 1
  outer loop
   vertex 0.211003 0.151502 0.05
   vertex 0.209722 0.15064 0.05
   vertex 0.210374 0.151055 0.05
  endloop
 endfacet
 facet normal 0 0 1
  outer loop
   vertex 0.190238 0.172809 0.05
   vertex 0.189775 0.172191 0.05
   vertex 0.189343 0.17155 0.05
  endloop
 endfacet
 facet normal 0 0 1
  outer loop
   vertex 0.190238 0.172809 0.05
   vertex 0.189343 0.17155 0.05
   vertex 0.188946 0.170888 0.05
  endloop
 endfacet
 facet normal 0 0 1
  outer loop
   vertex 0.190238 0.172809 0.05
   vertex 0.188946 0.170888 0.05
   vertex 0.187079 0.165042 0.05
  endloop
 endfacet
 facet normal 0 0 1
  outer loop
   vertex 0.211609 0.151982 0.05
   vertex 0.206928 0.149333 0.05
   vertex 0.209722 0.15064 0.05
  endloop
 endfacet
 facet normal 0 0 1
  outer loop
   vertex 0.211609 0.151982 0.05
   vertex 0.209722 0.15064 0.05
   vertex 0.211003 0.151502 0.05
  endloop
 endfacet
 facet normal 0 0 1
  outer loop
   vertex 0.191258 0.173969 0.05
   vertex 0.190733 0.173402 0.05
   vertex 0.190238 0.172809 0.05
  endloop
 endfacet
 facet normal 0 0 1
  outer loop
   vertex 0.191811 0.174508 0.05
   vertex 0.191258 0.173969 0.05
   vertex 0.190238 0.172809 0.05
  endloop
 endfacet
 facet normal 0 0 1
  outer loop
   vertex 0.191811 0.174508 0.05
   vertex 0.190238 0.172809 0.05
   vertex 0.187079 0.165042 0.05
  endloop
 endfacet
 facet normal 0 0 1
  outer loop
   vertex 0.192997 0.175498 0.05
   vertex 0.192391 0.175018 0.05
   vertex 0.191811 0.174508 0.05
  endloop
 endfacet
 facet normal 0 0 1
  outer loop
   vertex 0.193626 0.175945 0.05
   vertex 0.192997 0.175498 0.05
   vertex 0.191811 0.174508 0.05
  endloop
 endfacet
 facet normal 0 0 1
  outer loop
   vertex 0.193626 0.175945 0.05
   vertex 0.191811 0.174508 0.05
   vertex 0.187079 0.165042 0.05
  endloop
 endfacet
 facet normal 0 0 1
  outer loop
   vertex 0.193626 0.175945 0.05
   vertex 0.187079 0.165042 0.05
   vertex 0.187964 0.158209 0.05
  endloop
 endfacet
 facet normal 0 0 1
  outer loop
   vertex 0.214657 0.15545 0.05
   vertex 0.211609 0.151982 0.05
   vertex 0.212189 0.152492 0.05
  endloop
 endfacet
 facet normal 0 0 1
  outer loop
   vertex 0.214657 0.15545 0.05
   vertex 0.212189 0.152492 0.05
   vertex 0.212742 0.153031 0.05
  endloop
 endfacet
 facet normal 0 0 1
  outer loop
   vertex 0.214657 0.15545 0.05
   vertex 0.212742 0.153031 0.05
   vertex 0.213267 0.153598 0.05
  endloop
 endfacet
 facet normal 0 0 1
  outer loop
   vertex 0.214657 0.15545 0.05
   vertex 0.213267 0.153598 0.05
   vertex 0.213762 0.154191 0.05
  endloop
 endfacet
 facet normal 0 0 1
  outer loop
   vertex 0.214657 0.15545 0.05
   vertex 0.213762 0.154191 0.05
   vertex 0.214225 0.154809 0.05
  endloop
 endfacet
 facet normal 0 0 1
  outer loop
   vertex 0.215054 0.156112 0.05
   vertex 0.211609 0.151982 0.05
   vertex 0.214657 0.15545 0.05
  endloop
 endfacet
 facet normal 0 0 1
  outer loop
   vertex 0.215745 0.157493 0.05
   vertex 0.215054 0.156112 0.05
   vertex 0.215417 0.156794 0.05
  endloop
 endfacet
 facet normal 0 0 1
  outer loop
   vertex 0.196349 0.177395 0.05
   vertex 0.195641 0.177086 0.05
   vertex 0.19495 0.17674 0.05
  endloop
 endfacet
 facet normal 0 0 1
  outer loop
   vertex 0.216036 0.158209 0.05
   vertex 0.206928 0.149333 0.05
   vertex 0.211609 0.151982 0.05
  endloop
 endfacet
 facet normal 0 0 1
  outer loop
   vertex 0.216036 0.158209 0.05
   vertex 0.211609 0.151982 0.05
   vertex 0.215054 0.156112 0.05
  endloop
 endfacet
 facet normal 0 0 1
  outer loop
   vertex 0.216036 0.158209 0.05
   vertex 0.215054 0.156112 0.05
   vertex 0.215745 0.157493 0.05
  endloop
 endfacet
 facet normal 0 0 1
  outer loop
   vertex 0.197072 0.177667 0.05
   vertex 0.19495 0.17674 0.05
   vertex 0.194278 0.17636 0.05
  endloop
 endfacet
 facet normal 0 0 1
  outer loop
   vertex 0.197072 0.177667 0.05
   vertex 0.194278 0.17636 0.05
   vertex 0.193626 0.175945 0.05
  endloop
 endfacet
 facet normal 0 0 1
  outer loop
   vertex 0.197072 0.177667 0.05
   vertex 0.193626 0.175945 0.05
   vertex 0.187964 0.158209 0.05
  endloop
 endfacet
 facet normal 0 0 1
  outer loop
   vertex 0.197072 0.177667 0.05
   vertex 0.187964 0.158209 0.05
   vertex 0.192391 0.151982 0.05
  endloop
 endfacet
 facet normal 0 0 1
  outer loop
   vertex 0.197072 0.177667 0.05
   vertex 0.196349 0.177395 0.05
   vertex 0.19495 0.17674 0.05
  endloop
 endfacet
 facet normal 0 0 1
  outer loop
   vertex 0.198555 0.178099 0.05
   vertex 0.197808 0.177902 0.05
   vertex 0.197072 0.177667 0.05
  endloop
 endfacet
 facet normal 0 0 1
  outer loop
   vertex 0.198555 0.178099 0.05
   vertex 0.192391 0.151982 0.05
   vertex 0.198555 0.148901 0.05
  endloop
 endfacet
 facet normal 0 0 1
  outer loop
   vertex 0.198555 0.178099 0.05
   vertex 0.197072 0.177667 0.05
   vertex 0.192391 0.151982 0.05
  endloop
 endfacet
 facet normal 0 0 1
  outer loop
   vertex 0.198555 0.178099 0.05
   vertex 0.198555 0.148901 0.05
   vertex 0.203926 0.148624 0.05
  endloop
 endfacet
 facet normal 0 0 1
  outer loop
   vertex 0.200074 0.178376 0.05
   vertex 0.199311 0.178257 0.05
   vertex 0.198555 0.178099 0.05
  endloop
 endfacet
 facet normal 0 0 1
  outer loop
   vertex 0.216921 0.161958 0.05
   vertex 0.216683 0.160432 0.05
   vertex 0.216821 0.161192 0.05
  endloop
 endfacet
 facet normal 0 0 1
  outer loop
   vertex 0.201614 0.178495 0.05
   vertex 0.200842 0.178455 0.05
   vertex 0.200074 0.178376 0.05
  endloop
 endfacet
 facet normal 0 0 1
  outer loop
   vertex 0.217 0.1635 0.05
   vertex 0.216921 0.161958 0.05
   vertex 0.21698 0.162728 0.05
  endloop
 endfacet
 facet normal 0 0 1
  outer loop
   vertex 0.202386 0.178495 0.05
   vertex 0.201614 0.178495 0.05
   vertex 0.200074 0.178376 0.05
  endloop
 endfacet
 facet normal 0 0 1
  outer loop
   vertex 0.21698 0.164272 0.05
   vertex 0.216921 0.161958 0.05
   vertex 0.217 0.1635 0.05
  endloop
 endfacet
 facet normal 0 0 1
  outer loop
   vertex 0.216921 0.165042 0.05
   vertex 0.216921 0.161958 0.05
   vertex 0.21698 0.164272 0.05
  endloop
 endfacet
 facet normal 0 0 1
  outer loop
   vertex 0.203926 0.178376 0.05
   vertex 0.202386 0.178495 0.05
   vertex 0.200074 0.178376 0.05
  endloop
 endfacet
 facet normal 0 0 1
  outer loop
   vertex 0.203926 0.178376 0.05
   vertex 0.203158 0.178455 0.05
   vertex 0.202386 0.178495 0.05
  endloop
 endfacet
 facet normal 0 0 1
  outer loop
   vertex 0.216683 0.166568 0.05
   vertex 0.216921 0.165042 0.05
   vertex 0.216821 0.165808 0.05
  endloop
 endfacet
 facet normal 0 0 1
  outer loop
   vertex 0.216683 0.166568 0.05
   vertex 0.216921 0.161958 0.05
   vertex 0.216921 0.165042 0.05
  endloop
 endfacet
 facet normal 0 0 1
  outer loop
   vertex 0.216683 0.166568 0.05
   vertex 0.216036 0.158209 0.05
   vertex 0.21629 0.158938 0.05
  endloop
 endfacet
 facet normal 0 0 1
  outer loop
   vertex 0.216683 0.166568 0.05
   vertex 0.21629 0.158938 0.05
   vertex 0.216505 0.15968 0.05
  endloop
 endfacet
 facet normal 0 0 1
  outer loop
   vertex 0.216683 0.166568 0.05
   vertex 0.216505 0.15968 0.05
   vertex 0.216683 0.160432 0.05
  endloop
 endfacet
 facet normal 0 0 1
  outer loop
   vertex 0.216683 0.166568 0.05
   vertex 0.206928 0.149333 0.05
   vertex 0.216036 0.158209 0.05
  endloop
 endfacet
 facet normal 0 0 1
  outer loop
   vertex 0.216683 0.166568 0.05
   vertex 0.216683 0.160432 0.05
   vertex 0.216921 0.161958 0.05
  endloop
 endfacet
 facet normal 0 0 1
  outer loop
   vertex 0.205445 0.178099 0.05
   vertex 0.203926 0.178376 0.05
   vertex 0.200074 0.178376 0.05
  endloop
 endfacet
 facet normal 0 0 1
  outer loop
   vertex 0.205445 0.178099 0.05
   vertex 0.204689 0.178257 0.05
   vertex 0.203926 0.178376 0.05
  endloop
 endfacet
 facet normal 0 0 1
  outer loop
   vertex 0.205445 0.178099 0.05
   vertex 0.198555 0.178099 0.05
   vertex 0.203926 0.148624 0.05
  endloop
 endfacet
 facet normal 0 0 1
  outer loop
   vertex 0.205445 0.178099 0.05
   vertex 0.200074 0.178376 0.05
   vertex 0.198555 0.178099 0.05
  endloop
 endfacet
 facet normal 0 0 1
  outer loop
   vertex 0.216036 0.168791 0.05
   vertex 0.216683 0.166568 0.05
   vertex 0.216505 0.16732 0.05
  endloop
 endfacet
 facet normal 0 0 1
  outer loop
   vertex 0.216036 0.168791 0.05
   vertex 0.216505 0.16732 0.05
   vertex 0.21629 0.168062 0.05
  endloop
 endfacet
 facet normal 0 0 1
  outer loop
   vertex 0.207651 0.177395 0.05
   vertex 0.206928 0.177667 0.05
   vertex 0.206192 0.177902 0.05
  endloop
 endfacet
 facet normal 0 0 1
  outer loop
   vertex 0.207651 0.177395 0.05
   vertex 0.206192 0.177902 0.05
   vertex 0.205445 0.178099 0.05
  endloop
 endfacet
 facet normal 0 0 1
  outer loop
   vertex 0.20905 0.17674 0.05
   vertex 0.208359 0.177086 0.05
   vertex 0.207651 0.177395 0.05
  endloop
 endfacet
 facet normal 0 0 1
  outer loop
   vertex 0.215054 0.170888 0.05
   vertex 0.216036 0.168791 0.05
   vertex 0.215745 0.169507 0.05
  endloop
 endfacet
 facet normal 0 0 1
  outer loop
   vertex 0.215054 0.170888 0.05
   vertex 0.215745 0.169507 0.05
   vertex 0.215417 0.170206 0.05
  endloop
 endfacet
 facet normal 0 0 1
  outer loop
   vertex 0.209722 0.17636 0.05
   vertex 0.20905 0.17674 0.05
   vertex 0.207651 0.177395 0.05
  endloop
 endfacet
 facet normal 0 0 1
  outer loop
   vertex 0.209722 0.17636 0.05
   vertex 0.207651 0.177395 0.05
   vertex 0.205445 0.178099 0.05
  endloop
 endfacet
 facet normal 0 0 1
  outer loop
   vertex 0.209722 0.17636 0.05
   vertex 0.205445 0.178099 0.05
   vertex 0.203926 0.148624 0.05
  endloop
 endfacet
 facet normal 0 0 1
  outer loop
   vertex 0.214657 0.17155 0.05
   vertex 0.203926 0.148624 0.05
   vertex 0.206928 0.149333 0.05
  endloop
 endfacet
 facet normal 0 0 1
  outer loop
   vertex 0.214657 0.17155 0.05
   vertex 0.206928 0.149333 0.05
   vertex 0.216683 0.166568 0.05
  endloop
 endfacet
 facet normal 0 0 1
  outer loop
   vertex 0.214657 0.17155 0.05
   vertex 0.216683 0.166568 0.05
   vertex 0.216036 0.168791 0.05
  endloop
 endfacet
 facet normal 0 0 1
  outer loop
   vertex 0.214657 0.17155 0.05
   vertex 0.216036 0.168791 0.05
   vertex 0.215054 0.170888 0.05
  endloop
 endfacet
 facet normal 0 0 1
  outer loop
   vertex 0.211609 0.175018 0.05
   vertex 0.211003 0.175498 0.05
   vertex 0.210374 0.175945 0.05
  endloop
 endfacet
 facet normal 0 0 1
  outer loop
   vertex 0.211609 0.175018 0.05
   vertex 0.210374 0.175945 0.05
   vertex 0.209722 0.17636 0.05
  endloop
 endfacet
 facet normal 0 0 1
  outer loop
   vertex 0.213267 0.173402 0.05
   vertex 0.214657 0.17155 0.05
   vertex 0.214225 0.172191 0.05
  endloop
 endfacet
 facet normal 0 0 1
  outer loop
   vertex 0.213267 0.173402 0.05
   vertex 0.214225 0.172191 0.05
   vertex 0.213762 0.172809 0.05
  endloop
 endfacet
 facet normal 0 0 1
  outer loop
   vertex 0.213267 0.173402 0.05
   vertex 0.209722 0.17636 0.05
   vertex 0.203926 0.148624 0.05
  endloop
 endfacet
 facet normal 0 0 1
  outer loop
   vertex 0.213267 0.173402 0.05
   vertex 0.203926 0.148624 0.05
   vertex 0.214657 0.17155 0.05
  endloop
 endfacet
 facet normal 0 0 1
  outer loop
   vertex 0.212189 0.174508 0.05
   vertex 0.209722 0.17636 0.05
   vertex 0.213267 0.173402 0.05
  endloop
 endfacet
 facet normal 0 0 1
  outer loop
   vertex 0.212189 0.174508 0.05
   vertex 0.211609 0.175018 0.05
   vertex 0.209722 0.17636 0.05
  endloop
 endfacet
 facet normal 0 0 1
  outer loop
   vertex 0.212742 0.173969 0.05
   vertex 0.212189 0.174508 0.05
   vertex 0.213267 0.173402 0.05
  endloop
 endfacet
 facet normal 0.999668 0.0257591 0
  outer loop
   vertex 0.687 0.1635 0.05
   vertex 0.687 0.1635 0
   vertex 0.68698 0.164272 0.05
  endloop
 endfacet
 facet normal 0.999668 0.0257591 0
  outer loop
   vertex 0.687 0.1635 0
   vertex 0.68698 0.164272 0
   vertex 0.68698 0.164272 0.05
  endloop
 endfacet
 facet normal 0.997016 0.0771995 0
  outer loop
   vertex 0.68698 0.164272 0.05
   vertex 0.68692 0.165042 0
   vertex 0.68692 0.165042 0.05
  endloop
 endfacet
 facet normal 0.997016 0.0771995 -0
  outer loop
   vertex 0.68698 0.164272 0
   vertex 0.68692 0.165042 0
   vertex 0.68698 0.164272 0.05
  endloop
 endfacet
 facet normal 0.991722 0.1284 0
  outer loop
   vertex 0.68692 0.165042 0.05
   vertex 0.686821 0.165808 0
   vertex 0.686821 0.165808 0.05
  endloop
 endfacet
 facet normal 0.98381 0.179212 0
  outer loop
   vertex 0.686821 0.165808 0.05
   vertex 0.686821 0.165808 0
   vertex 0.686683 0.166568 0.05
  endloop
 endfacet
 facet normal 0.991722 0.1284 -0
  outer loop
   vertex 0.68692 0.165042 0
   vertex 0.686821 0.165808 0
   vertex 0.68692 0.165042 0.05
  endloop
 endfacet
 facet normal 0.98381 0.179212 0
  outer loop
   vertex 0.686821 0.165808 0
   vertex 0.686683 0.166568 0
   vertex 0.686683 0.166568 0.05
  endloop
 endfacet
 facet normal 0.973262 0.2297 0
  outer loop
   vertex 0.686683 0.166568 0.05
   vertex 0.686505 0.16732 0
   vertex 0.686505 0.16732 0.05
  endloop
 endfacet
 facet normal 0.973262 0.2297 -0
  outer loop
   vertex 0.686683 0.166568 0
   vertex 0.686505 0.16732 0
   vertex 0.686683 0.166568 0.05
  endloop
 endfacet
 facet normal 0.960151 0.279482 0
  outer loop
   vertex 0.686505 0.16732 0.05
   vertex 0.68629 0.168062 0
   vertex 0.68629 0.168062 0.05
  endloop
 endfacet
 facet normal 0.944486 0.328551 0
  outer loop
   vertex 0.68629 0.168062 0.05
   vertex 0.68629 0.168062 0
   vertex 0.686036 0.168791 0.05
  endloop
 endfacet
 facet normal 0.960151 0.279482 -0
  outer loop
   vertex 0.686505 0.16732 0
   vertex 0.68629 0.168062 0
   vertex 0.686505 0.16732 0.05
  endloop
 endfacet
 facet normal 0.944486 0.328551 0
  outer loop
   vertex 0.68629 0.168062 0
   vertex 0.686036 0.168791 0
   vertex 0.686036 0.168791 0.05
  endloop
 endfacet
 facet normal 0.926317 0.376745 0
  outer loop
   vertex 0.686036 0.168791 0.05
   vertex 0.685745 0.169507 0
   vertex 0.685745 0.169507 0.05
  endloop
 endfacet
 facet normal 0.926317 0.376745 -0
  outer loop
   vertex 0.686036 0.168791 0
   vertex 0.685745 0.169507 0
   vertex 0.686036 0.168791 0.05
  endloop
 endfacet
 facet normal 0.9057 0.42392 0
  outer loop
   vertex 0.685745 0.169507 0.05
   vertex 0.685417 0.170206 0
   vertex 0.685417 0.170206 0.05
  endloop
 endfacet
 facet normal 0.9057 0.42392 -0
  outer loop
   vertex 0.685745 0.169507 0
   vertex 0.685417 0.170206 0
   vertex 0.685745 0.169507 0.05
  endloop
 endfacet
 facet normal 0.882672 0.469989 0
  outer loop
   vertex 0.685417 0.170206 0.05
   vertex 0.685054 0.170888 0
   vertex 0.685054 0.170888 0.05
  endloop
 endfacet
 facet normal 0.882672 0.469989 -0
  outer loop
   vertex 0.685417 0.170206 0
   vertex 0.685054 0.170888 0
   vertex 0.685417 0.170206 0.05
  endloop
 endfacet
 facet normal 0.857319 0.514786 0
  outer loop
   vertex 0.685054 0.170888 0.05
   vertex 0.684657 0.17155 0
   vertex 0.684657 0.17155 0.05
  endloop
 endfacet
 facet normal 0.857319 0.514786 -0
  outer loop
   vertex 0.685054 0.170888 0
   vertex 0.684657 0.17155 0
   vertex 0.685054 0.170888 0.05
  endloop
 endfacet
 facet normal 0.829672 0.558251 0
  outer loop
   vertex 0.684657 0.17155 0.05
   vertex 0.684225 0.172191 0
   vertex 0.684225 0.172191 0.05
  endloop
 endfacet
 facet normal 0.829672 0.558251 -0
  outer loop
   vertex 0.684657 0.17155 0
   vertex 0.684225 0.172191 0
   vertex 0.684657 0.17155 0.05
  endloop
 endfacet
 facet normal 0.799844 0.600209 0
  outer loop
   vertex 0.684225 0.172191 0.05
   vertex 0.683762 0.172809 0
   vertex 0.683762 0.172809 0.05
  endloop
 endfacet
 facet normal 0.767884 0.640588 0
  outer loop
   vertex 0.683762 0.172809 0.05
   vertex 0.683762 0.172809 0
   vertex 0.683267 0.173402 0.05
  endloop
 endfacet
 facet normal 0.799844 0.600209 -0
  outer loop
   vertex 0.684225 0.172191 0
   vertex 0.683762 0.172809 0
   vertex 0.684225 0.172191 0.05
  endloop
 endfacet
 facet normal 0.767884 0.640588 0
  outer loop
   vertex 0.683762 0.172809 0
   vertex 0.683267 0.173402 0
   vertex 0.683267 0.173402 0.05
  endloop
 endfacet
 facet normal 0.733909 0.679248 -0
  outer loop
   vertex 0.683267 0.173402 0
   vertex 0.682742 0.173969 0
   vertex 0.683267 0.173402 0.05
  endloop
 endfacet
 facet normal 0.733909 0.679248 0
  outer loop
   vertex 0.683267 0.173402 0.05
   vertex 0.682742 0.173969 0
   vertex 0.682742 0.173969 0.05
  endloop
 endfacet
 facet normal 0.697922 0.716174 -0
  outer loop
   vertex 0.682742 0.173969 0
   vertex 0.682189 0.174508 0
   vertex 0.682742 0.173969 0.05
  endloop
 endfacet
 facet normal 0.697922 0.716174 0
  outer loop
   vertex 0.682742 0.173969 0.05
   vertex 0.682189 0.174508 0
   vertex 0.682189 0.174508 0.05
  endloop
 endfacet
 facet normal 0.660148 0.751136 0
  outer loop
   vertex 0.682189 0.174508 0.05
   vertex 0.682189 0.174508 0
   vertex 0.681609 0.175018 0.05
  endloop
 endfacet
 facet normal 0.660148 0.751136 0
  outer loop
   vertex 0.682189 0.174508 0
   vertex 0.681609 0.175018 0
   vertex 0.681609 0.175018 0.05
  endloop
 endfacet
 facet normal 0.620632 0.784102 0
  outer loop
   vertex 0.681609 0.175018 0.05
   vertex 0.681609 0.175018 0
   vertex 0.681003 0.175498 0.05
  endloop
 endfacet
 facet normal 0.579413 0.815034 0
  outer loop
   vertex 0.681003 0.175498 0.05
   vertex 0.681003 0.175498 0
   vertex 0.680374 0.175945 0.05
  endloop
 endfacet
 facet normal 0.620632 0.784102 0
  outer loop
   vertex 0.681609 0.175018 0
   vertex 0.681003 0.175498 0
   vertex 0.681003 0.175498 0.05
  endloop
 endfacet
 facet normal 0.579413 0.815034 0
  outer loop
   vertex 0.681003 0.175498 0
   vertex 0.680374 0.175945 0
   vertex 0.680374 0.175945 0.05
  endloop
 endfacet
 facet normal 0.53668 0.843786 0
  outer loop
   vertex 0.680374 0.175945 0.05
   vertex 0.680374 0.175945 0
   vertex 0.679722 0.17636 0.05
  endloop
 endfacet
 facet normal 0.492548 0.870285 0
  outer loop
   vertex 0.679722 0.17636 0.05
   vertex 0.679722 0.17636 0
   vertex 0.67905 0.17674 0.05
  endloop
 endfacet
 facet normal 0.53668 0.843786 0
  outer loop
   vertex 0.680374 0.175945 0
   vertex 0.679722 0.17636 0
   vertex 0.679722 0.17636 0.05
  endloop
 endfacet
 facet normal 0.492548 0.870285 0
  outer loop
   vertex 0.679722 0.17636 0
   vertex 0.67905 0.17674 0
   vertex 0.67905 0.17674 0.05
  endloop
 endfacet
 facet normal 0.447103 0.894482 0
  outer loop
   vertex 0.67905 0.17674 0.05
   vertex 0.678359 0.177086 0
   vertex 0.678359 0.177086 0.05
  endloop
 endfacet
 facet normal 0.400471 0.91631 0
  outer loop
   vertex 0.678359 0.177086 0.05
   vertex 0.678359 0.177086 0
   vertex 0.677651 0.177395 0.05
  endloop
 endfacet
 facet normal 0.447103 0.894482 -0
  outer loop
   vertex 0.67905 0.17674 0
   vertex 0.678359 0.177086 0
   vertex 0.67905 0.17674 0.05
  endloop
 endfacet
 facet normal 0.400471 0.91631 0
  outer loop
   vertex 0.678359 0.177086 0
   vertex 0.677651 0.177395 0
   vertex 0.677651 0.177395 0.05
  endloop
 endfacet
 facet normal 0.352751 0.935717 0
  outer loop
   vertex 0.677651 0.177395 0.05
   vertex 0.676928 0.177667 0
   vertex 0.676928 0.177667 0.05
  endloop
 endfacet
 facet normal 0.304095 0.952642 0
  outer loop
   vertex 0.676928 0.177667 0.05
   vertex 0.676928 0.177667 0
   vertex 0.676192 0.177902 0.05
  endloop
 endfacet
 facet normal 0.352751 0.935717 -0
  outer loop
   vertex 0.677651 0.177395 0
   vertex 0.676928 0.177667 0
   vertex 0.677651 0.177395 0.05
  endloop
 endfacet
 facet normal 0.304095 0.952642 0
  outer loop
   vertex 0.676928 0.177667 0
   vertex 0.676192 0.177902 0
   vertex 0.676192 0.177902 0.05
  endloop
 endfacet
 facet normal 0.254676 0.967026 0
  outer loop
   vertex 0.676192 0.177902 0.05
   vertex 0.675445 0.178099 0
   vertex 0.675445 0.178099 0.05
  endloop
 endfacet
 facet normal 0.254676 0.967026 -0
  outer loop
   vertex 0.676192 0.177902 0
   vertex 0.675445 0.178099 0
   vertex 0.676192 0.177902 0.05
  endloop
 endfacet
 facet normal 0.204554 0.978855 0
  outer loop
   vertex 0.675445 0.178099 0.05
   vertex 0.674689 0.178257 0
   vertex 0.674689 0.178257 0.05
  endloop
 endfacet
 facet normal 0.153883 0.988089 0
  outer loop
   vertex 0.674689 0.178257 0.05
   vertex 0.674689 0.178257 0
   vertex 0.673926 0.178376 0.05
  endloop
 endfacet
 facet normal 0.204554 0.978855 -0
  outer loop
   vertex 0.675445 0.178099 0
   vertex 0.674689 0.178257 0
   vertex 0.675445 0.178099 0.05
  endloop
 endfacet
 facet normal 0.153883 0.988089 0
  outer loop
   vertex 0.674689 0.178257 0
   vertex 0.673926 0.178376 0
   vertex 0.673926 0.178376 0.05
  endloop
 endfacet
 facet normal 0.102824 0.9947 0
  outer loop
   vertex 0.673926 0.178376 0.05
   vertex 0.673158 0.178455 0
   vertex 0.673158 0.178455 0.05
  endloop
 endfacet
 facet normal 0.102824 0.9947 -0
  outer loop
   vertex 0.673926 0.178376 0
   vertex 0.673158 0.178455 0
   vertex 0.673926 0.178376 0.05
  endloop
 endfacet
 facet normal 0.0514785 0.998674 0
  outer loop
   vertex 0.673158 0.178455 0.05
   vertex 0.672386 0.178495 0
   vertex 0.672386 0.178495 0.05
  endloop
 endfacet
 facet normal 0.0514785 0.998674 -0
  outer loop
   vertex 0.673158 0.178455 0
   vertex 0.672386 0.178495 0
   vertex 0.673158 0.178455 0.05
  endloop
 endfacet
 facet normal 0 1 0
  outer loop
   vertex 0.672386 0.178495 0.05
   vertex 0.671614 0.178495 0
   vertex 0.671614 0.178495 0.05
  endloop
 endfacet
 facet normal 0 1 -0
  outer loop
   vertex 0.672386 0.178495 0
   vertex 0.671614 0.178495 0
   vertex 0.672386 0.178495 0.05
  endloop
 endfacet
 facet normal -0.0514785 0.998674 0
  outer loop
   vertex 0.671614 0.178495 0.05
   vertex 0.670842 0.178455 0
   vertex 0.670842 0.178455 0.05
  endloop
 endfacet
 facet normal -0.0514785 0.998674 0
  outer loop
   vertex 0.671614 0.178495 0
   vertex 0.670842 0.178455 0
   vertex 0.671614 0.178495 0.05
  endloop
 endfacet
 facet normal -0.102824 0.9947 0
  outer loop
   vertex 0.670842 0.178455 0.05
   vertex 0.670074 0.178376 0
   vertex 0.670074 0.178376 0.05
  endloop
 endfacet
 facet normal -0.102824 0.9947 0
  outer loop
   vertex 0.670842 0.178455 0
   vertex 0.670074 0.178376 0
   vertex 0.670842 0.178455 0.05
  endloop
 endfacet
 facet normal -0.153883 0.988089 0
  outer loop
   vertex 0.670074 0.178376 0.05
   vertex 0.669311 0.178257 0
   vertex 0.669311 0.178257 0.05
  endloop
 endfacet
 facet normal -0.153883 0.988089 0
  outer loop
   vertex 0.670074 0.178376 0
   vertex 0.669311 0.178257 0
   vertex 0.670074 0.178376 0.05
  endloop
 endfacet
 facet normal -0.204554 0.978855 0
  outer loop
   vertex 0.669311 0.178257 0.05
   vertex 0.668555 0.178099 0
   vertex 0.668555 0.178099 0.05
  endloop
 endfacet
 facet normal -0.204554 0.978855 0
  outer loop
   vertex 0.669311 0.178257 0
   vertex 0.668555 0.178099 0
   vertex 0.669311 0.178257 0.05
  endloop
 endfacet
 facet normal -0.254676 0.967026 0
  outer loop
   vertex 0.668555 0.178099 0.05
   vertex 0.667808 0.177902 0
   vertex 0.667808 0.177902 0.05
  endloop
 endfacet
 facet normal -0.254676 0.967026 0
  outer loop
   vertex 0.668555 0.178099 0
   vertex 0.667808 0.177902 0
   vertex 0.668555 0.178099 0.05
  endloop
 endfacet
 facet normal -0.304095 0.952642 0
  outer loop
   vertex 0.667808 0.177902 0.05
   vertex 0.667072 0.177667 0
   vertex 0.667072 0.177667 0.05
  endloop
 endfacet
 facet normal -0.304095 0.952642 0
  outer loop
   vertex 0.667808 0.177902 0
   vertex 0.667072 0.177667 0
   vertex 0.667808 0.177902 0.05
  endloop
 endfacet
 facet normal -0.352751 0.935717 0
  outer loop
   vertex 0.667072 0.177667 0.05
   vertex 0.666349 0.177395 0
   vertex 0.666349 0.177395 0.05
  endloop
 endfacet
 facet normal -0.352751 0.935717 0
  outer loop
   vertex 0.667072 0.177667 0
   vertex 0.666349 0.177395 0
   vertex 0.667072 0.177667 0.05
  endloop
 endfacet
 facet normal -0.400471 0.91631 0
  outer loop
   vertex 0.666349 0.177395 0
   vertex 0.665641 0.177086 0
   vertex 0.666349 0.177395 0.05
  endloop
 endfacet
 facet normal -0.400471 0.91631 0
  outer loop
   vertex 0.666349 0.177395 0.05
   vertex 0.665641 0.177086 0
   vertex 0.665641 0.177086 0.05
  endloop
 endfacet
 facet normal -0.447103 0.894482 0
  outer loop
   vertex 0.665641 0.177086 0
   vertex 0.66495 0.17674 0
   vertex 0.665641 0.177086 0.05
  endloop
 endfacet
 facet normal -0.447103 0.894482 0
  outer loop
   vertex 0.665641 0.177086 0.05
   vertex 0.66495 0.17674 0
   vertex 0.66495 0.17674 0.05
  endloop
 endfacet
 facet normal -0.492548 0.870285 0
  outer loop
   vertex 0.66495 0.17674 0.05
   vertex 0.66495 0.17674 0
   vertex 0.664278 0.17636 0.05
  endloop
 endfacet
 facet normal -0.492548 0.870285 0
  outer loop
   vertex 0.66495 0.17674 0
   vertex 0.664278 0.17636 0
   vertex 0.664278 0.17636 0.05
  endloop
 endfacet
 facet normal -0.53668 0.843786 0
  outer loop
   vertex 0.664278 0.17636 0
   vertex 0.663626 0.175945 0
   vertex 0.664278 0.17636 0.05
  endloop
 endfacet
 facet normal -0.53668 0.843786 0
  outer loop
   vertex 0.664278 0.17636 0.05
   vertex 0.663626 0.175945 0
   vertex 0.663626 0.175945 0.05
  endloop
 endfacet
 facet normal -0.579413 0.815034 0
  outer loop
   vertex 0.663626 0.175945 0
   vertex 0.662997 0.175498 0
   vertex 0.663626 0.175945 0.05
  endloop
 endfacet
 facet normal -0.579413 0.815034 0
  outer loop
   vertex 0.663626 0.175945 0.05
   vertex 0.662997 0.175498 0
   vertex 0.662997 0.175498 0.05
  endloop
 endfacet
 facet normal -0.620632 0.784102 0
  outer loop
   vertex 0.662997 0.175498 0
   vertex 0.662391 0.175018 0
   vertex 0.662997 0.175498 0.05
  endloop
 endfacet
 facet normal -0.620632 0.784102 0
  outer loop
   vertex 0.662997 0.175498 0.05
   vertex 0.662391 0.175018 0
   vertex 0.662391 0.175018 0.05
  endloop
 endfacet
 facet normal -0.660148 0.751136 0
  outer loop
   vertex 0.662391 0.175018 0
   vertex 0.661811 0.174508 0
   vertex 0.662391 0.175018 0.05
  endloop
 endfacet
 facet normal -0.660148 0.751136 0
  outer loop
   vertex 0.662391 0.175018 0.05
   vertex 0.661811 0.174508 0
   vertex 0.661811 0.174508 0.05
  endloop
 endfacet
 facet normal -0.697922 0.716174 0
  outer loop
   vertex 0.661811 0.174508 0
   vertex 0.661258 0.173969 0
   vertex 0.661811 0.174508 0.05
  endloop
 endfacet
 facet normal -0.697922 0.716174 0
  outer loop
   vertex 0.661811 0.174508 0.05
   vertex 0.661258 0.173969 0
   vertex 0.661258 0.173969 0.05
  endloop
 endfacet
 facet normal -0.733909 0.679248 0
  outer loop
   vertex 0.661258 0.173969 0
   vertex 0.660733 0.173402 0
   vertex 0.661258 0.173969 0.05
  endloop
 endfacet
 facet normal -0.733909 0.679248 0
  outer loop
   vertex 0.661258 0.173969 0.05
   vertex 0.660733 0.173402 0
   vertex 0.660733 0.173402 0.05
  endloop
 endfacet
 facet normal -0.767884 0.640588 0
  outer loop
   vertex 0.660733 0.173402 0
   vertex 0.660238 0.172809 0
   vertex 0.660733 0.173402 0.05
  endloop
 endfacet
 facet normal -0.767884 0.640588 0
  outer loop
   vertex 0.660733 0.173402 0.05
   vertex 0.660238 0.172809 0
   vertex 0.660238 0.172809 0.05
  endloop
 endfacet
 facet normal -0.799844 0.600209 0
  outer loop
   vertex 0.660238 0.172809 0
   vertex 0.659775 0.172191 0
   vertex 0.660238 0.172809 0.05
  endloop
 endfacet
 facet normal -0.799844 0.600209 0
  outer loop
   vertex 0.660238 0.172809 0.05
   vertex 0.659775 0.172191 0
   vertex 0.659775 0.172191 0.05
  endloop
 endfacet
 facet normal -0.829672 0.558251 0
  outer loop
   vertex 0.659775 0.172191 0
   vertex 0.659343 0.17155 0
   vertex 0.659775 0.172191 0.05
  endloop
 endfacet
 facet normal -0.829672 0.558251 0
  outer loop
   vertex 0.659775 0.172191 0.05
   vertex 0.659343 0.17155 0
   vertex 0.659343 0.17155 0.05
  endloop
 endfacet
 facet normal -0.857319 0.514786 0
  outer loop
   vertex 0.659343 0.17155 0.05
   vertex 0.658946 0.170888 0
   vertex 0.658946 0.170888 0.05
  endloop
 endfacet
 facet normal -0.857319 0.514786 0
  outer loop
   vertex 0.659343 0.17155 0
   vertex 0.658946 0.170888 0
   vertex 0.659343 0.17155 0.05
  endloop
 endfacet
 facet normal -0.882672 0.469989 0
  outer loop
   vertex 0.658946 0.170888 0.05
   vertex 0.658583 0.170206 0
   vertex 0.658583 0.170206 0.05
  endloop
 endfacet
 facet normal -0.882672 0.469989 0
  outer loop
   vertex 0.658946 0.170888 0
   vertex 0.658583 0.170206 0
   vertex 0.658946 0.170888 0.05
  endloop
 endfacet
 facet normal -0.9057 0.42392 0
  outer loop
   vertex 0.658583 0.170206 0.05
   vertex 0.658255 0.169507 0
   vertex 0.658255 0.169507 0.05
  endloop
 endfacet
 facet normal -0.9057 0.42392 0
  outer loop
   vertex 0.658583 0.170206 0
   vertex 0.658255 0.169507 0
   vertex 0.658583 0.170206 0.05
  endloop
 endfacet
 facet normal -0.926317 0.376745 0
  outer loop
   vertex 0.658255 0.169507 0.05
   vertex 0.657964 0.168791 0
   vertex 0.657964 0.168791 0.05
  endloop
 endfacet
 facet normal -0.926317 0.376745 0
  outer loop
   vertex 0.658255 0.169507 0
   vertex 0.657964 0.168791 0
   vertex 0.658255 0.169507 0.05
  endloop
 endfacet
 facet normal -0.944486 0.328551 0
  outer loop
   vertex 0.657964 0.168791 0.05
   vertex 0.65771 0.168062 0
   vertex 0.65771 0.168062 0.05
  endloop
 endfacet
 facet normal -0.944486 0.328551 0
  outer loop
   vertex 0.657964 0.168791 0
   vertex 0.65771 0.168062 0
   vertex 0.657964 0.168791 0.05
  endloop
 endfacet
 facet normal -0.960151 0.279482 0
  outer loop
   vertex 0.65771 0.168062 0.05
   vertex 0.657495 0.16732 0
   vertex 0.657495 0.16732 0.05
  endloop
 endfacet
 facet normal -0.960151 0.279482 0
  outer loop
   vertex 0.65771 0.168062 0
   vertex 0.657495 0.16732 0
   vertex 0.65771 0.168062 0.05
  endloop
 endfacet
 facet normal -0.973262 0.2297 0
  outer loop
   vertex 0.657495 0.16732 0.05
   vertex 0.657317 0.166568 0
   vertex 0.657317 0.166568 0.05
  endloop
 endfacet
 facet normal -0.973262 0.2297 0
  outer loop
   vertex 0.657495 0.16732 0
   vertex 0.657317 0.166568 0
   vertex 0.657495 0.16732 0.05
  endloop
 endfacet
 facet normal -0.98381 0.179212 0
  outer loop
   vertex 0.657317 0.166568 0.05
   vertex 0.657179 0.165808 0
   vertex 0.657179 0.165808 0.05
  endloop
 endfacet
 facet normal -0.98381 0.179212 0
  outer loop
   vertex 0.657317 0.166568 0
   vertex 0.657179 0.165808 0
   vertex 0.657317 0.166568 0.05
  endloop
 endfacet
 facet normal -0.991722 0.1284 0
  outer loop
   vertex 0.657179 0.165808 0.05
   vertex 0.65708 0.165042 0
   vertex 0.65708 0.165042 0.05
  endloop
 endfacet
 facet normal -0.991722 0.1284 0
  outer loop
   vertex 0.657179 0.165808 0
   vertex 0.65708 0.165042 0
   vertex 0.657179 0.165808 0.05
  endloop
 endfacet
 facet normal -0.997016 0.0771995 0
  outer loop
   vertex 0.65708 0.165042 0.05
   vertex 0.65702 0.164272 0
   vertex 0.65702 0.164272 0.05
  endloop
 endfacet
 facet normal -0.997016 0.0771995 0
  outer loop
   vertex 0.65708 0.165042 0
   vertex 0.65702 0.164272 0
   vertex 0.65708 0.165042 0.05
  endloop
 endfacet
 facet normal -0.999668 0.0257591 0
  outer loop
   vertex 0.65702 0.164272 0.05
   vertex 0.657 0.1635 0
   vertex 0.657 0.1635 0.05
  endloop
 endfacet
 facet normal -0.999668 0.0257591 0
  outer loop
   vertex 0.65702 0.164272 0
   vertex 0.657 0.1635 0
   vertex 0.65702 0.164272 0.05
  endloop
 endfacet
 facet normal -0.999668 -0.0257591 0
  outer loop
   vertex 0.657 0.1635 0.05
   vertex 0.65702 0.162728 0
   vertex 0.65702 0.162728 0.05
  endloop
 endfacet
 facet normal -0.999668 -0.0257591 0
  outer loop
   vertex 0.657 0.1635 0
   vertex 0.65702 0.162728 0
   vertex 0.657 0.1635 0.05
  endloop
 endfacet
 facet normal -0.997016 -0.0771995 0
  outer loop
   vertex 0.65702 0.162728 0.05
   vertex 0.65708 0.161958 0
   vertex 0.65708 0.161958 0.05
  endloop
 endfacet
 facet normal -0.997016 -0.0771995 0
  outer loop
   vertex 0.65702 0.162728 0
   vertex 0.65708 0.161958 0
   vertex 0.65702 0.162728 0.05
  endloop
 endfacet
 facet normal -0.991722 -0.1284 0
  outer loop
   vertex 0.65708 0.161958 0
   vertex 0.657179 0.161192 0
   vertex 0.65708 0.161958 0.05
  endloop
 endfacet
 facet normal -0.991722 -0.1284 0
  outer loop
   vertex 0.65708 0.161958 0.05
   vertex 0.657179 0.161192 0
   vertex 0.657179 0.161192 0.05
  endloop
 endfacet
 facet normal -0.98381 -0.179212 0
  outer loop
   vertex 0.657179 0.161192 0
   vertex 0.657317 0.160432 0
   vertex 0.657179 0.161192 0.05
  endloop
 endfacet
 facet normal -0.98381 -0.179212 0
  outer loop
   vertex 0.657179 0.161192 0.05
   vertex 0.657317 0.160432 0
   vertex 0.657317 0.160432 0.05
  endloop
 endfacet
 facet normal -0.973262 -0.2297 0
  outer loop
   vertex 0.657317 0.160432 0
   vertex 0.657495 0.15968 0
   vertex 0.657317 0.160432 0.05
  endloop
 endfacet
 facet normal -0.973262 -0.2297 0
  outer loop
   vertex 0.657317 0.160432 0.05
   vertex 0.657495 0.15968 0
   vertex 0.657495 0.15968 0.05
  endloop
 endfacet
 facet normal -0.960151 -0.279482 0
  outer loop
   vertex 0.657495 0.15968 0
   vertex 0.65771 0.158938 0
   vertex 0.657495 0.15968 0.05
  endloop
 endfacet
 facet normal -0.960151 -0.279482 0
  outer loop
   vertex 0.657495 0.15968 0.05
   vertex 0.65771 0.158938 0
   vertex 0.65771 0.158938 0.05
  endloop
 endfacet
 facet normal -0.944486 -0.328551 0
  outer loop
   vertex 0.65771 0.158938 0
   vertex 0.657964 0.158209 0
   vertex 0.65771 0.158938 0.05
  endloop
 endfacet
 facet normal -0.944486 -0.328551 0
  outer loop
   vertex 0.65771 0.158938 0.05
   vertex 0.657964 0.158209 0
   vertex 0.657964 0.158209 0.05
  endloop
 endfacet
 facet normal -0.926317 -0.376745 0
  outer loop
   vertex 0.657964 0.158209 0
   vertex 0.658255 0.157493 0
   vertex 0.657964 0.158209 0.05
  endloop
 endfacet
 facet normal -0.926317 -0.376745 0
  outer loop
   vertex 0.657964 0.158209 0.05
   vertex 0.658255 0.157493 0
   vertex 0.658255 0.157493 0.05
  endloop
 endfacet
 facet normal -0.9057 -0.42392 0
  outer loop
   vertex 0.658255 0.157493 0
   vertex 0.658583 0.156794 0
   vertex 0.658255 0.157493 0.05
  endloop
 endfacet
 facet normal -0.9057 -0.42392 0
  outer loop
   vertex 0.658255 0.157493 0.05
   vertex 0.658583 0.156794 0
   vertex 0.658583 0.156794 0.05
  endloop
 endfacet
 facet normal -0.882672 -0.469989 0
  outer loop
   vertex 0.658583 0.156794 0
   vertex 0.658946 0.156112 0
   vertex 0.658583 0.156794 0.05
  endloop
 endfacet
 facet normal -0.882672 -0.469989 0
  outer loop
   vertex 0.658583 0.156794 0.05
   vertex 0.658946 0.156112 0
   vertex 0.658946 0.156112 0.05
  endloop
 endfacet
 facet normal -0.857319 -0.514786 0
  outer loop
   vertex 0.658946 0.156112 0
   vertex 0.659343 0.15545 0
   vertex 0.658946 0.156112 0.05
  endloop
 endfacet
 facet normal -0.857319 -0.514786 0
  outer loop
   vertex 0.658946 0.156112 0.05
   vertex 0.659343 0.15545 0
   vertex 0.659343 0.15545 0.05
  endloop
 endfacet
 facet normal -0.829672 -0.558251 0
  outer loop
   vertex 0.659343 0.15545 0
   vertex 0.659775 0.154809 0
   vertex 0.659343 0.15545 0.05
  endloop
 endfacet
 facet normal -0.829672 -0.558251 0
  outer loop
   vertex 0.659343 0.15545 0.05
   vertex 0.659775 0.154809 0
   vertex 0.659775 0.154809 0.05
  endloop
 endfacet
 facet normal -0.799844 -0.600209 0
  outer loop
   vertex 0.659775 0.154809 0
   vertex 0.660238 0.154191 0
   vertex 0.659775 0.154809 0.05
  endloop
 endfacet
 facet normal -0.799844 -0.600209 0
  outer loop
   vertex 0.659775 0.154809 0.05
   vertex 0.660238 0.154191 0
   vertex 0.660238 0.154191 0.05
  endloop
 endfacet
 facet normal -0.767884 -0.640588 0
  outer loop
   vertex 0.660238 0.154191 0
   vertex 0.660733 0.153598 0
   vertex 0.660238 0.154191 0.05
  endloop
 endfacet
 facet normal -0.767884 -0.640588 0
  outer loop
   vertex 0.660238 0.154191 0.05
   vertex 0.660733 0.153598 0
   vertex 0.660733 0.153598 0.05
  endloop
 endfacet
 facet normal -0.733909 -0.679248 0
  outer loop
   vertex 0.660733 0.153598 0
   vertex 0.661258 0.153031 0
   vertex 0.660733 0.153598 0.05
  endloop
 endfacet
 facet normal -0.733909 -0.679248 0
  outer loop
   vertex 0.660733 0.153598 0.05
   vertex 0.661258 0.153031 0
   vertex 0.661258 0.153031 0.05
  endloop
 endfacet
 facet normal -0.697922 -0.716174 0
  outer loop
   vertex 0.661258 0.153031 0
   vertex 0.661811 0.152492 0
   vertex 0.661258 0.153031 0.05
  endloop
 endfacet
 facet normal -0.697922 -0.716174 0
  outer loop
   vertex 0.661258 0.153031 0.05
   vertex 0.661811 0.152492 0
   vertex 0.661811 0.152492 0.05
  endloop
 endfacet
 facet normal -0.660148 -0.751136 0
  outer loop
   vertex 0.661811 0.152492 0
   vertex 0.662391 0.151982 0
   vertex 0.661811 0.152492 0.05
  endloop
 endfacet
 facet normal -0.660148 -0.751136 0
  outer loop
   vertex 0.661811 0.152492 0.05
   vertex 0.662391 0.151982 0
   vertex 0.662391 0.151982 0.05
  endloop
 endfacet
 facet normal -0.620632 -0.784102 0
  outer loop
   vertex 0.662391 0.151982 0
   vertex 0.662997 0.151502 0
   vertex 0.662391 0.151982 0.05
  endloop
 endfacet
 facet normal -0.620632 -0.784102 0
  outer loop
   vertex 0.662391 0.151982 0.05
   vertex 0.662997 0.151502 0
   vertex 0.662997 0.151502 0.05
  endloop
 endfacet
 facet normal -0.579413 -0.815034 0
  outer loop
   vertex 0.662997 0.151502 0
   vertex 0.663626 0.151055 0
   vertex 0.662997 0.151502 0.05
  endloop
 endfacet
 facet normal -0.579413 -0.815034 0
  outer loop
   vertex 0.662997 0.151502 0.05
   vertex 0.663626 0.151055 0
   vertex 0.663626 0.151055 0.05
  endloop
 endfacet
 facet normal -0.53668 -0.843786 0
  outer loop
   vertex 0.663626 0.151055 0
   vertex 0.664278 0.15064 0
   vertex 0.663626 0.151055 0.05
  endloop
 endfacet
 facet normal -0.53668 -0.843786 0
  outer loop
   vertex 0.663626 0.151055 0.05
   vertex 0.664278 0.15064 0
   vertex 0.664278 0.15064 0.05
  endloop
 endfacet
 facet normal -0.492548 -0.870285 0
  outer loop
   vertex 0.664278 0.15064 0
   vertex 0.66495 0.15026 0
   vertex 0.664278 0.15064 0.05
  endloop
 endfacet
 facet normal -0.492548 -0.870285 0
  outer loop
   vertex 0.664278 0.15064 0.05
   vertex 0.66495 0.15026 0
   vertex 0.66495 0.15026 0.05
  endloop
 endfacet
 facet normal -0.447103 -0.894482 0
  outer loop
   vertex 0.66495 0.15026 0
   vertex 0.665641 0.149914 0
   vertex 0.66495 0.15026 0.05
  endloop
 endfacet
 facet normal -0.447103 -0.894482 0
  outer loop
   vertex 0.66495 0.15026 0.05
   vertex 0.665641 0.149914 0
   vertex 0.665641 0.149914 0.05
  endloop
 endfacet
 facet normal -0.400471 -0.91631 0
  outer loop
   vertex 0.665641 0.149914 0
   vertex 0.666349 0.149605 0
   vertex 0.665641 0.149914 0.05
  endloop
 endfacet
 facet normal -0.400471 -0.91631 0
  outer loop
   vertex 0.665641 0.149914 0.05
   vertex 0.666349 0.149605 0
   vertex 0.666349 0.149605 0.05
  endloop
 endfacet
 facet normal -0.352751 -0.935717 0
  outer loop
   vertex 0.666349 0.149605 0.05
   vertex 0.667072 0.149333 0
   vertex 0.667072 0.149333 0.05
  endloop
 endfacet
 facet normal -0.352751 -0.935717 0
  outer loop
   vertex 0.666349 0.149605 0
   vertex 0.667072 0.149333 0
   vertex 0.666349 0.149605 0.05
  endloop
 endfacet
 facet normal -0.304095 -0.952642 0
  outer loop
   vertex 0.667072 0.149333 0.05
   vertex 0.667808 0.149098 0
   vertex 0.667808 0.149098 0.05
  endloop
 endfacet
 facet normal -0.304095 -0.952642 0
  outer loop
   vertex 0.667072 0.149333 0
   vertex 0.667808 0.149098 0
   vertex 0.667072 0.149333 0.05
  endloop
 endfacet
 facet normal -0.254676 -0.967026 0
  outer loop
   vertex 0.667808 0.149098 0.05
   vertex 0.668555 0.148901 0
   vertex 0.668555 0.148901 0.05
  endloop
 endfacet
 facet normal -0.254676 -0.967026 0
  outer loop
   vertex 0.667808 0.149098 0
   vertex 0.668555 0.148901 0
   vertex 0.667808 0.149098 0.05
  endloop
 endfacet
 facet normal -0.204554 -0.978855 0
  outer loop
   vertex 0.668555 0.148901 0.05
   vertex 0.669311 0.148743 0
   vertex 0.669311 0.148743 0.05
  endloop
 endfacet
 facet normal -0.204554 -0.978855 0
  outer loop
   vertex 0.668555 0.148901 0
   vertex 0.669311 0.148743 0
   vertex 0.668555 0.148901 0.05
  endloop
 endfacet
 facet normal -0.153883 -0.988089 0
  outer loop
   vertex 0.669311 0.148743 0
   vertex 0.670074 0.148624 0
   vertex 0.669311 0.148743 0.05
  endloop
 endfacet
 facet normal -0.153883 -0.988089 0
  outer loop
   vertex 0.669311 0.148743 0.05
   vertex 0.670074 0.148624 0
   vertex 0.670074 0.148624 0.05
  endloop
 endfacet
 facet normal -0.102824 -0.9947 0
  outer loop
   vertex 0.670074 0.148624 0
   vertex 0.670842 0.148545 0
   vertex 0.670074 0.148624 0.05
  endloop
 endfacet
 facet normal -0.102824 -0.9947 0
  outer loop
   vertex 0.670074 0.148624 0.05
   vertex 0.670842 0.148545 0
   vertex 0.670842 0.148545 0.05
  endloop
 endfacet
 facet normal -0.0514785 -0.998674 0
  outer loop
   vertex 0.670842 0.148545 0
   vertex 0.671614 0.148505 0
   vertex 0.670842 0.148545 0.05
  endloop
 endfacet
 facet normal -0.0514785 -0.998674 0
  outer loop
   vertex 0.670842 0.148545 0.05
   vertex 0.671614 0.148505 0
   vertex 0.671614 0.148505 0.05
  endloop
 endfacet
 facet normal 0 -1 0
  outer loop
   vertex 0.671614 0.148505 0
   vertex 0.672386 0.148505 0
   vertex 0.671614 0.148505 0.05
  endloop
 endfacet
 facet normal 0 -1 0
  outer loop
   vertex 0.671614 0.148505 0.05
   vertex 0.672386 0.148505 0
   vertex 0.672386 0.148505 0.05
  endloop
 endfacet
 facet normal 0.0514785 -0.998674 0
  outer loop
   vertex 0.672386 0.148505 0
   vertex 0.673158 0.148545 0
   vertex 0.672386 0.148505 0.05
  endloop
 endfacet
 facet normal 0.0514785 -0.998674 0
  outer loop
   vertex 0.672386 0.148505 0.05
   vertex 0.673158 0.148545 0
   vertex 0.673158 0.148545 0.05
  endloop
 endfacet
 facet normal 0.102824 -0.9947 0
  outer loop
   vertex 0.673158 0.148545 0
   vertex 0.673926 0.148624 0
   vertex 0.673158 0.148545 0.05
  endloop
 endfacet
 facet normal 0.102824 -0.9947 0
  outer loop
   vertex 0.673158 0.148545 0.05
   vertex 0.673926 0.148624 0
   vertex 0.673926 0.148624 0.05
  endloop
 endfacet
 facet normal 0.153883 -0.988089 0
  outer loop
   vertex 0.673926 0.148624 0.05
   vertex 0.673926 0.148624 0
   vertex 0.674689 0.148743 0.05
  endloop
 endfacet
 facet normal 0.153883 -0.988089 0
  outer loop
   vertex 0.673926 0.148624 0
   vertex 0.674689 0.148743 0
   vertex 0.674689 0.148743 0.05
  endloop
 endfacet
 facet normal 0.204554 -0.978855 0
  outer loop
   vertex 0.674689 0.148743 0
   vertex 0.675445 0.148901 0
   vertex 0.674689 0.148743 0.05
  endloop
 endfacet
 facet normal 0.204554 -0.978855 0
  outer loop
   vertex 0.674689 0.148743 0.05
   vertex 0.675445 0.148901 0
   vertex 0.675445 0.148901 0.05
  endloop
 endfacet
 facet normal 0.254676 -0.967026 0
  outer loop
   vertex 0.675445 0.148901 0
   vertex 0.676192 0.149098 0
   vertex 0.675445 0.148901 0.05
  endloop
 endfacet
 facet normal 0.254676 -0.967026 0
  outer loop
   vertex 0.675445 0.148901 0.05
   vertex 0.676192 0.149098 0
   vertex 0.676192 0.149098 0.05
  endloop
 endfacet
 facet normal 0.304095 -0.952642 0
  outer loop
   vertex 0.676192 0.149098 0
   vertex 0.676928 0.149333 0
   vertex 0.676192 0.149098 0.05
  endloop
 endfacet
 facet normal 0.304095 -0.952642 0
  outer loop
   vertex 0.676192 0.149098 0.05
   vertex 0.676928 0.149333 0
   vertex 0.676928 0.149333 0.05
  endloop
 endfacet
 facet normal 0.352751 -0.935717 0
  outer loop
   vertex 0.676928 0.149333 0
   vertex 0.677651 0.149605 0
   vertex 0.676928 0.149333 0.05
  endloop
 endfacet
 facet normal 0.352751 -0.935717 0
  outer loop
   vertex 0.676928 0.149333 0.05
   vertex 0.677651 0.149605 0
   vertex 0.677651 0.149605 0.05
  endloop
 endfacet
 facet normal 0.400471 -0.91631 0
  outer loop
   vertex 0.677651 0.149605 0.05
   vertex 0.678359 0.149914 0
   vertex 0.678359 0.149914 0.05
  endloop
 endfacet
 facet normal 0.400471 -0.91631 0
  outer loop
   vertex 0.677651 0.149605 0
   vertex 0.678359 0.149914 0
   vertex 0.677651 0.149605 0.05
  endloop
 endfacet
 facet normal 0.447103 -0.894482 0
  outer loop
   vertex 0.678359 0.149914 0.05
   vertex 0.67905 0.15026 0
   vertex 0.67905 0.15026 0.05
  endloop
 endfacet
 facet normal 0.447103 -0.894482 0
  outer loop
   vertex 0.678359 0.149914 0
   vertex 0.67905 0.15026 0
   vertex 0.678359 0.149914 0.05
  endloop
 endfacet
 facet normal 0.492548 -0.870285 0
  outer loop
   vertex 0.67905 0.15026 0.05
   vertex 0.679722 0.15064 0
   vertex 0.679722 0.15064 0.05
  endloop
 endfacet
 facet normal 0.492548 -0.870285 0
  outer loop
   vertex 0.67905 0.15026 0
   vertex 0.679722 0.15064 0
   vertex 0.67905 0.15026 0.05
  endloop
 endfacet
 facet normal 0.53668 -0.843786 0
  outer loop
   vertex 0.679722 0.15064 0.05
   vertex 0.680374 0.151055 0
   vertex 0.680374 0.151055 0.05
  endloop
 endfacet
 facet normal 0.53668 -0.843786 0
  outer loop
   vertex 0.679722 0.15064 0
   vertex 0.680374 0.151055 0
   vertex 0.679722 0.15064 0.05
  endloop
 endfacet
 facet normal 0.579413 -0.815034 0
  outer loop
   vertex 0.680374 0.151055 0.05
   vertex 0.681003 0.151502 0
   vertex 0.681003 0.151502 0.05
  endloop
 endfacet
 facet normal 0.579413 -0.815034 0
  outer loop
   vertex 0.680374 0.151055 0
   vertex 0.681003 0.151502 0
   vertex 0.680374 0.151055 0.05
  endloop
 endfacet
 facet normal 0.620632 -0.784102 0
  outer loop
   vertex 0.681003 0.151502 0.05
   vertex 0.681609 0.151982 0
   vertex 0.681609 0.151982 0.05
  endloop
 endfacet
 facet normal 0.620632 -0.784102 0
  outer loop
   vertex 0.681003 0.151502 0
   vertex 0.681609 0.151982 0
   vertex 0.681003 0.151502 0.05
  endloop
 endfacet
 facet normal 0.660148 -0.751136 0
  outer loop
   vertex 0.681609 0.151982 0.05
   vertex 0.682189 0.152492 0
   vertex 0.682189 0.152492 0.05
  endloop
 endfacet
 facet normal 0.660148 -0.751136 0
  outer loop
   vertex 0.681609 0.151982 0
   vertex 0.682189 0.152492 0
   vertex 0.681609 0.151982 0.05
  endloop
 endfacet
 facet normal 0.697922 -0.716174 0
  outer loop
   vertex 0.682189 0.152492 0.05
   vertex 0.682742 0.153031 0
   vertex 0.682742 0.153031 0.05
  endloop
 endfacet
 facet normal 0.697922 -0.716174 0
  outer loop
   vertex 0.682189 0.152492 0
   vertex 0.682742 0.153031 0
   vertex 0.682189 0.152492 0.05
  endloop
 endfacet
 facet normal 0.733909 -0.679248 0
  outer loop
   vertex 0.682742 0.153031 0.05
   vertex 0.683267 0.153598 0
   vertex 0.683267 0.153598 0.05
  endloop
 endfacet
 facet normal 0.733909 -0.679248 0
  outer loop
   vertex 0.682742 0.153031 0
   vertex 0.683267 0.153598 0
   vertex 0.682742 0.153031 0.05
  endloop
 endfacet
 facet normal 0.767884 -0.640588 0
  outer loop
   vertex 0.683267 0.153598 0.05
   vertex 0.683762 0.154191 0
   vertex 0.683762 0.154191 0.05
  endloop
 endfacet
 facet normal 0.767884 -0.640588 0
  outer loop
   vertex 0.683267 0.153598 0
   vertex 0.683762 0.154191 0
   vertex 0.683267 0.153598 0.05
  endloop
 endfacet
 facet normal 0.799844 -0.600209 0
  outer loop
   vertex 0.683762 0.154191 0.05
   vertex 0.684225 0.154809 0
   vertex 0.684225 0.154809 0.05
  endloop
 endfacet
 facet normal 0.799844 -0.600209 0
  outer loop
   vertex 0.683762 0.154191 0
   vertex 0.684225 0.154809 0
   vertex 0.683762 0.154191 0.05
  endloop
 endfacet
 facet normal 0.829672 -0.558251 0
  outer loop
   vertex 0.684225 0.154809 0.05
   vertex 0.684657 0.15545 0
   vertex 0.684657 0.15545 0.05
  endloop
 endfacet
 facet normal 0.857319 -0.514786 0
  outer loop
   vertex 0.684657 0.15545 0.05
   vertex 0.684657 0.15545 0
   vertex 0.685054 0.156112 0.05
  endloop
 endfacet
 facet normal 0.829672 -0.558251 0
  outer loop
   vertex 0.684225 0.154809 0
   vertex 0.684657 0.15545 0
   vertex 0.684225 0.154809 0.05
  endloop
 endfacet
 facet normal 0.882672 -0.469989 0
  outer loop
   vertex 0.685054 0.156112 0.05
   vertex 0.685054 0.156112 0
   vertex 0.685417 0.156794 0.05
  endloop
 endfacet
 facet normal 0.857319 -0.514786 0
  outer loop
   vertex 0.684657 0.15545 0
   vertex 0.685054 0.156112 0
   vertex 0.685054 0.156112 0.05
  endloop
 endfacet
 facet normal 0.9057 -0.42392 0
  outer loop
   vertex 0.685417 0.156794 0.05
   vertex 0.685417 0.156794 0
   vertex 0.685745 0.157493 0.05
  endloop
 endfacet
 facet normal 0.882672 -0.469989 0
  outer loop
   vertex 0.685054 0.156112 0
   vertex 0.685417 0.156794 0
   vertex 0.685417 0.156794 0.05
  endloop
 endfacet
 facet normal 0.9057 -0.42392 0
  outer loop
   vertex 0.685417 0.156794 0
   vertex 0.685745 0.157493 0
   vertex 0.685745 0.157493 0.05
  endloop
 endfacet
 facet normal 0.926317 -0.376745 0
  outer loop
   vertex 0.685745 0.157493 0
   vertex 0.686036 0.158209 0
   vertex 0.685745 0.157493 0.05
  endloop
 endfacet
 facet normal 0.926317 -0.376745 0
  outer loop
   vertex 0.685745 0.157493 0.05
   vertex 0.686036 0.158209 0
   vertex 0.686036 0.158209 0.05
  endloop
 endfacet
 facet normal 0.944486 -0.328551 0
  outer loop
   vertex 0.686036 0.158209 0
   vertex 0.68629 0.158938 0
   vertex 0.686036 0.158209 0.05
  endloop
 endfacet
 facet normal 0.944486 -0.328551 0
  outer loop
   vertex 0.686036 0.158209 0.05
   vertex 0.68629 0.158938 0
   vertex 0.68629 0.158938 0.05
  endloop
 endfacet
 facet normal 0.960151 -0.279482 0
  outer loop
   vertex 0.68629 0.158938 0
   vertex 0.686505 0.15968 0
   vertex 0.68629 0.158938 0.05
  endloop
 endfacet
 facet normal 0.960151 -0.279482 0
  outer loop
   vertex 0.68629 0.158938 0.05
   vertex 0.686505 0.15968 0
   vertex 0.686505 0.15968 0.05
  endloop
 endfacet
 facet normal 0.973262 -0.2297 0
  outer loop
   vertex 0.686505 0.15968 0.05
   vertex 0.686505 0.15968 0
   vertex 0.686683 0.160432 0.05
  endloop
 endfacet
 facet normal 0.973262 -0.2297 0
  outer loop
   vertex 0.686505 0.15968 0
   vertex 0.686683 0.160432 0
   vertex 0.686683 0.160432 0.05
  endloop
 endfacet
 facet normal 0.98381 -0.179212 0
  outer loop
   vertex 0.686683 0.160432 0
   vertex 0.686821 0.161192 0
   vertex 0.686683 0.160432 0.05
  endloop
 endfacet
 facet normal 0.98381 -0.179212 0
  outer loop
   vertex 0.686683 0.160432 0.05
   vertex 0.686821 0.161192 0
   vertex 0.686821 0.161192 0.05
  endloop
 endfacet
 facet normal 0.991722 -0.1284 0
  outer loop
   vertex 0.686821 0.161192 0.05
   vertex 0.686821 0.161192 0
   vertex 0.68692 0.161958 0.05
  endloop
 endfacet
 facet normal 0.991722 -0.1284 0
  outer loop
   vertex 0.686821 0.161192 0
   vertex 0.68692 0.161958 0
   vertex 0.68692 0.161958 0.05
  endloop
 endfacet
 facet normal 0.997016 -0.0771995 0
  outer loop
   vertex 0.68692 0.161958 0.05
   vertex 0.68698 0.162728 0
   vertex 0.68698 0.162728 0.05
  endloop
 endfacet
 facet normal 0.997016 -0.0771995 0
  outer loop
   vertex 0.68692 0.161958 0
   vertex 0.68698 0.162728 0
   vertex 0.68692 0.161958 0.05
  endloop
 endfacet
 facet normal 0.999668 -0.0257591 0
  outer loop
   vertex 0.68698 0.162728 0.05
   vertex 0.687 0.1635 0
   vertex 0.687 0.1635 0.05
  endloop
 endfacet
 facet normal 0.999668 -0.0257591 0
  outer loop
   vertex 0.68698 0.162728 0
   vertex 0.687 0.1635 0
   vertex 0.68698 0.162728 0.05
  endloop
 endfacet
 facet normal 0 0 -1
  outer loop
   vertex 0.661258 0.153031 0
   vertex 0.662391 0.151982 0
   vertex 0.661811 0.152492 0
  endloop
 endfacet
 facet normal 0 0 -1
  outer loop
   vertex 0.661258 0.153031 0
   vertex 0.660238 0.154191 0
   vertex 0.662391 0.151982 0
  endloop
 endfacet
 facet normal 0 0 -1
  outer loop
   vertex 0.660733 0.153598 0
   vertex 0.660238 0.154191 0
   vertex 0.661258 0.153031 0
  endloop
 endfacet
 facet normal 0 0 -1
  outer loop
   vertex 0.662391 0.151982 0
   vertex 0.663626 0.151055 0
   vertex 0.662997 0.151502 0
  endloop
 endfacet
 facet normal 0 0 -1
  outer loop
   vertex 0.659775 0.154809 0
   vertex 0.659343 0.15545 0
   vertex 0.660238 0.154191 0
  endloop
 endfacet
 facet normal 0 0 -1
  outer loop
   vertex 0.662391 0.151982 0
   vertex 0.66495 0.15026 0
   vertex 0.663626 0.151055 0
  endloop
 endfacet
 facet normal 0 0 -1
  outer loop
   vertex 0.663626 0.151055 0
   vertex 0.66495 0.15026 0
   vertex 0.664278 0.15064 0
  endloop
 endfacet
 facet normal 0 0 -1
  outer loop
   vertex 0.662391 0.151982 0
   vertex 0.665641 0.149914 0
   vertex 0.66495 0.15026 0
  endloop
 endfacet
 facet normal 0 0 -1
  outer loop
   vertex 0.660238 0.154191 0
   vertex 0.657964 0.158209 0
   vertex 0.662391 0.151982 0
  endloop
 endfacet
 facet normal 0 0 -1
  outer loop
   vertex 0.659343 0.15545 0
   vertex 0.657964 0.158209 0
   vertex 0.660238 0.154191 0
  endloop
 endfacet
 facet normal 0 0 -1
  outer loop
   vertex 0.658255 0.157493 0
   vertex 0.657964 0.158209 0
   vertex 0.658583 0.156794 0
  endloop
 endfacet
 facet normal 0 0 -1
  outer loop
   vertex 0.658583 0.156794 0
   vertex 0.657964 0.158209 0
   vertex 0.658946 0.156112 0
  endloop
 endfacet
 facet normal 0 0 -1
  outer loop
   vertex 0.658946 0.156112 0
   vertex 0.657964 0.158209 0
   vertex 0.659343 0.15545 0
  endloop
 endfacet
 facet normal 0 0 -1
  outer loop
   vertex 0.666349 0.149605 0
   vertex 0.667808 0.149098 0
   vertex 0.667072 0.149333 0
  endloop
 endfacet
 facet normal 0 0 -1
  outer loop
   vertex 0.65771 0.158938 0
   vertex 0.657495 0.15968 0
   vertex 0.657964 0.158209 0
  endloop
 endfacet
 facet normal 0 0 -1
  outer loop
   vertex 0.662391 0.151982 0
   vertex 0.668555 0.148901 0
   vertex 0.665641 0.149914 0
  endloop
 endfacet
 facet normal 0 0 -1
  outer loop
   vertex 0.666349 0.149605 0
   vertex 0.668555 0.148901 0
   vertex 0.667808 0.149098 0
  endloop
 endfacet
 facet normal 0 0 -1
  outer loop
   vertex 0.665641 0.149914 0
   vertex 0.668555 0.148901 0
   vertex 0.666349 0.149605 0
  endloop
 endfacet
 facet normal 0 0 -1
  outer loop
   vertex 0.657317 0.160432 0
   vertex 0.657179 0.161192 0
   vertex 0.657495 0.15968 0
  endloop
 endfacet
 facet normal 0 0 -1
  outer loop
   vertex 0.668555 0.148901 0
   vertex 0.670074 0.148624 0
   vertex 0.669311 0.148743 0
  endloop
 endfacet
 facet normal 0 0 -1
  outer loop
   vertex 0.65708 0.161958 0
   vertex 0.65702 0.162728 0
   vertex 0.657179 0.161192 0
  endloop
 endfacet
 facet normal 0 0 -1
  outer loop
   vertex 0.65702 0.162728 0
   vertex 0.657 0.1635 0
   vertex 0.657179 0.161192 0
  endloop
 endfacet
 facet normal 0 0 -1
  outer loop
   vertex 0.670074 0.148624 0
   vertex 0.672386 0.148505 0
   vertex 0.670842 0.148545 0
  endloop
 endfacet
 facet normal 0 0 -1
  outer loop
   vertex 0.670842 0.148545 0
   vertex 0.672386 0.148505 0
   vertex 0.671614 0.148505 0
  endloop
 endfacet
 facet normal 0 0 -1
  outer loop
   vertex 0.657495 0.15968 0
   vertex 0.65708 0.165042 0
   vertex 0.657964 0.158209 0
  endloop
 endfacet
 facet normal 0 -0 -1
  outer loop
   vertex 0.65702 0.164272 0
   vertex 0.65708 0.165042 0
   vertex 0.657 0.1635 0
  endloop
 endfacet
 facet normal 0 0 -1
  outer loop
   vertex 0.657179 0.161192 0
   vertex 0.65708 0.165042 0
   vertex 0.657495 0.15968 0
  endloop
 endfacet
 facet normal 0 0 -1
  outer loop
   vertex 0.657 0.1635 0
   vertex 0.65708 0.165042 0
   vertex 0.657179 0.161192 0
  endloop
 endfacet
 facet normal 0 0 -1
  outer loop
   vertex 0.668555 0.148901 0
   vertex 0.673926 0.148624 0
   vertex 0.670074 0.148624 0
  endloop
 endfacet
 facet normal 0 0 -1
  outer loop
   vertex 0.670074 0.148624 0
   vertex 0.673926 0.148624 0
   vertex 0.672386 0.148505 0
  endloop
 endfacet
 facet normal 0 0 -1
  outer loop
   vertex 0.672386 0.148505 0
   vertex 0.673926 0.148624 0
   vertex 0.673158 0.148545 0
  endloop
 endfacet
 facet normal 0 -0 -1
  outer loop
   vertex 0.657179 0.165808 0
   vertex 0.657317 0.166568 0
   vertex 0.65708 0.165042 0
  endloop
 endfacet
 facet normal 0 -0 -1
  outer loop
   vertex 0.657317 0.166568 0
   vertex 0.65771 0.168062 0
   vertex 0.65708 0.165042 0
  endloop
 endfacet
 facet normal 0 -0 -1
  outer loop
   vertex 0.657495 0.16732 0
   vertex 0.65771 0.168062 0
   vertex 0.657317 0.166568 0
  endloop
 endfacet
 facet normal 0 0 -1
  outer loop
   vertex 0.673926 0.148624 0
   vertex 0.676928 0.149333 0
   vertex 0.674689 0.148743 0
  endloop
 endfacet
 facet normal 0 0 -1
  outer loop
   vertex 0.674689 0.148743 0
   vertex 0.676928 0.149333 0
   vertex 0.675445 0.148901 0
  endloop
 endfacet
 facet normal 0 0 -1
  outer loop
   vertex 0.675445 0.148901 0
   vertex 0.676928 0.149333 0
   vertex 0.676192 0.149098 0
  endloop
 endfacet
 facet normal 0 -0 -1
  outer loop
   vertex 0.65771 0.168062 0
   vertex 0.658255 0.169507 0
   vertex 0.65708 0.165042 0
  endloop
 endfacet
 facet normal 0 -0 -1
  outer loop
   vertex 0.657964 0.168791 0
   vertex 0.658255 0.169507 0
   vertex 0.65771 0.168062 0
  endloop
 endfacet
 facet normal 0 0 -1
  outer loop
   vertex 0.676928 0.149333 0
   vertex 0.678359 0.149914 0
   vertex 0.677651 0.149605 0
  endloop
 endfacet
 facet normal 0 -0 -1
  outer loop
   vertex 0.658255 0.169507 0
   vertex 0.658946 0.170888 0
   vertex 0.65708 0.165042 0
  endloop
 endfacet
 facet normal 0 -0 -1
  outer loop
   vertex 0.658583 0.170206 0
   vertex 0.658946 0.170888 0
   vertex 0.658255 0.169507 0
  endloop
 endfacet
 facet normal 0 0 -1
  outer loop
   vertex 0.678359 0.149914 0
   vertex 0.679722 0.15064 0
   vertex 0.67905 0.15026 0
  endloop
 endfacet
 facet normal 0 0 -1
  outer loop
   vertex 0.676928 0.149333 0
   vertex 0.679722 0.15064 0
   vertex 0.678359 0.149914 0
  endloop
 endfacet
 facet normal 0 0 -1
  outer loop
   vertex 0.679722 0.15064 0
   vertex 0.681003 0.151502 0
   vertex 0.680374 0.151055 0
  endloop
 endfacet
 facet normal 0 -0 -1
  outer loop
   vertex 0.659775 0.172191 0
   vertex 0.660238 0.172809 0
   vertex 0.659343 0.17155 0
  endloop
 endfacet
 facet normal 0 -0 -1
  outer loop
   vertex 0.659343 0.17155 0
   vertex 0.660238 0.172809 0
   vertex 0.658946 0.170888 0
  endloop
 endfacet
 facet normal 0 -0 -1
  outer loop
   vertex 0.658946 0.170888 0
   vertex 0.660238 0.172809 0
   vertex 0.65708 0.165042 0
  endloop
 endfacet
 facet normal 0 0 -1
  outer loop
   vertex 0.676928 0.149333 0
   vertex 0.681609 0.151982 0
   vertex 0.679722 0.15064 0
  endloop
 endfacet
 facet normal 0 0 -1
  outer loop
   vertex 0.679722 0.15064 0
   vertex 0.681609 0.151982 0
   vertex 0.681003 0.151502 0
  endloop
 endfacet
 facet normal 0 -0 -1
  outer loop
   vertex 0.660733 0.173402 0
   vertex 0.661258 0.173969 0
   vertex 0.660238 0.172809 0
  endloop
 endfacet
 facet normal 0 -0 -1
  outer loop
   vertex 0.661258 0.173969 0
   vertex 0.661811 0.174508 0
   vertex 0.660238 0.172809 0
  endloop
 endfacet
 facet normal 0 -0 -1
  outer loop
   vertex 0.660238 0.172809 0
   vertex 0.661811 0.174508 0
   vertex 0.65708 0.165042 0
  endloop
 endfacet
 facet normal 0 -0 -1
  outer loop
   vertex 0.662391 0.175018 0
   vertex 0.662997 0.175498 0
   vertex 0.661811 0.174508 0
  endloop
 endfacet
 facet normal 0 -0 -1
  outer loop
   vertex 0.662997 0.175498 0
   vertex 0.663626 0.175945 0
   vertex 0.661811 0.174508 0
  endloop
 endfacet
 facet normal 0 -0 -1
  outer loop
   vertex 0.661811 0.174508 0
   vertex 0.663626 0.175945 0
   vertex 0.65708 0.165042 0
  endloop
 endfacet
 facet normal 0 0 -1
  outer loop
   vertex 0.65708 0.165042 0
   vertex 0.663626 0.175945 0
   vertex 0.657964 0.158209 0
  endloop
 endfacet
 facet normal 0 0 -1
  outer loop
   vertex 0.681609 0.151982 0
   vertex 0.684657 0.15545 0
   vertex 0.682189 0.152492 0
  endloop
 endfacet
 facet normal 0 0 -1
  outer loop
   vertex 0.682189 0.152492 0
   vertex 0.684657 0.15545 0
   vertex 0.682742 0.153031 0
  endloop
 endfacet
 facet normal 0 0 -1
  outer loop
   vertex 0.682742 0.153031 0
   vertex 0.684657 0.15545 0
   vertex 0.683267 0.153598 0
  endloop
 endfacet
 facet normal 0 0 -1
  outer loop
   vertex 0.683267 0.153598 0
   vertex 0.684657 0.15545 0
   vertex 0.683762 0.154191 0
  endloop
 endfacet
 facet normal 0 0 -1
  outer loop
   vertex 0.683762 0.154191 0
   vertex 0.684657 0.15545 0
   vertex 0.684225 0.154809 0
  endloop
 endfacet
 facet normal 0 0 -1
  outer loop
   vertex 0.681609 0.151982 0
   vertex 0.685054 0.156112 0
   vertex 0.684657 0.15545 0
  endloop
 endfacet
 facet normal 0 0 -1
  outer loop
   vertex 0.685054 0.156112 0
   vertex 0.685745 0.157493 0
   vertex 0.685417 0.156794 0
  endloop
 endfacet
 facet normal 0 -0 -1
  outer loop
   vertex 0.665641 0.177086 0
   vertex 0.666349 0.177395 0
   vertex 0.66495 0.17674 0
  endloop
 endfacet
 facet normal 0 0 -1
  outer loop
   vertex 0.676928 0.149333 0
   vertex 0.686036 0.158209 0
   vertex 0.681609 0.151982 0
  endloop
 endfacet
 facet normal 0 0 -1
  outer loop
   vertex 0.681609 0.151982 0
   vertex 0.686036 0.158209 0
   vertex 0.685054 0.156112 0
  endloop
 endfacet
 facet normal 0 0 -1
  outer loop
   vertex 0.685054 0.156112 0
   vertex 0.686036 0.158209 0
   vertex 0.685745 0.157493 0
  endloop
 endfacet
 facet normal 0 -0 -1
  outer loop
   vertex 0.66495 0.17674 0
   vertex 0.667072 0.177667 0
   vertex 0.664278 0.17636 0
  endloop
 endfacet
 facet normal 0 -0 -1
  outer loop
   vertex 0.664278 0.17636 0
   vertex 0.667072 0.177667 0
   vertex 0.663626 0.175945 0
  endloop
 endfacet
 facet normal 0 -0 -1
  outer loop
   vertex 0.663626 0.175945 0
   vertex 0.667072 0.177667 0
   vertex 0.657964 0.158209 0
  endloop
 endfacet
 facet normal 0 0 -1
  outer loop
   vertex 0.657964 0.158209 0
   vertex 0.667072 0.177667 0
   vertex 0.662391 0.151982 0
  endloop
 endfacet
 facet normal 0 -0 -1
  outer loop
   vertex 0.666349 0.177395 0
   vertex 0.667072 0.177667 0
   vertex 0.66495 0.17674 0
  endloop
 endfacet
 facet normal 0 -0 -1
  outer loop
   vertex 0.667808 0.177902 0
   vertex 0.668555 0.178099 0
   vertex 0.667072 0.177667 0
  endloop
 endfacet
 facet normal 0 0 -1
  outer loop
   vertex 0.662391 0.151982 0
   vertex 0.668555 0.178099 0
   vertex 0.668555 0.148901 0
  endloop
 endfacet
 facet normal 0 -0 -1
  outer loop
   vertex 0.667072 0.177667 0
   vertex 0.668555 0.178099 0
   vertex 0.662391 0.151982 0
  endloop
 endfacet
 facet normal 0 0 -1
  outer loop
   vertex 0.668555 0.148901 0
   vertex 0.668555 0.178099 0
   vertex 0.673926 0.148624 0
  endloop
 endfacet
 facet normal 0 -0 -1
  outer loop
   vertex 0.669311 0.178257 0
   vertex 0.670074 0.178376 0
   vertex 0.668555 0.178099 0
  endloop
 endfacet
 facet normal 0 0 -1
  outer loop
   vertex 0.686683 0.160432 0
   vertex 0.68692 0.161958 0
   vertex 0.686821 0.161192 0
  endloop
 endfacet
 facet normal 0 -0 -1
  outer loop
   vertex 0.670842 0.178455 0
   vertex 0.671614 0.178495 0
   vertex 0.670074 0.178376 0
  endloop
 endfacet
 facet normal 0 0 -1
  outer loop
   vertex 0.68692 0.161958 0
   vertex 0.687 0.1635 0
   vertex 0.68698 0.162728 0
  endloop
 endfacet
 facet normal 0 -0 -1
  outer loop
   vertex 0.671614 0.178495 0
   vertex 0.672386 0.178495 0
   vertex 0.670074 0.178376 0
  endloop
 endfacet
 facet normal 0 0 -1
  outer loop
   vertex 0.68692 0.161958 0
   vertex 0.68698 0.164272 0
   vertex 0.687 0.1635 0
  endloop
 endfacet
 facet normal 0 0 -1
  outer loop
   vertex 0.68692 0.161958 0
   vertex 0.68692 0.165042 0
   vertex 0.68698 0.164272 0
  endloop
 endfacet
 facet normal 0 -0 -1
  outer loop
   vertex 0.672386 0.178495 0
   vertex 0.673926 0.178376 0
   vertex 0.670074 0.178376 0
  endloop
 endfacet
 facet normal -0 -0 -1
  outer loop
   vertex 0.673158 0.178455 0
   vertex 0.673926 0.178376 0
   vertex 0.672386 0.178495 0
  endloop
 endfacet
 facet normal 0 0 -1
  outer loop
   vertex 0.68692 0.165042 0
   vertex 0.686683 0.166568 0
   vertex 0.686821 0.165808 0
  endloop
 endfacet
 facet normal 0 0 -1
  outer loop
   vertex 0.68692 0.161958 0
   vertex 0.686683 0.166568 0
   vertex 0.68692 0.165042 0
  endloop
 endfacet
 facet normal 0 0 -1
  outer loop
   vertex 0.686036 0.158209 0
   vertex 0.686683 0.166568 0
   vertex 0.68629 0.158938 0
  endloop
 endfacet
 facet normal 0 0 -1
  outer loop
   vertex 0.68629 0.158938 0
   vertex 0.686683 0.166568 0
   vertex 0.686505 0.15968 0
  endloop
 endfacet
 facet normal 0 0 -1
  outer loop
   vertex 0.686505 0.15968 0
   vertex 0.686683 0.166568 0
   vertex 0.686683 0.160432 0
  endloop
 endfacet
 facet normal 0 0 -1
  outer loop
   vertex 0.676928 0.149333 0
   vertex 0.686683 0.166568 0
   vertex 0.686036 0.158209 0
  endloop
 endfacet
 facet normal 0 0 -1
  outer loop
   vertex 0.686683 0.160432 0
   vertex 0.686683 0.166568 0
   vertex 0.68692 0.161958 0
  endloop
 endfacet
 facet normal -0 -0 -1
  outer loop
   vertex 0.673926 0.178376 0
   vertex 0.675445 0.178099 0
   vertex 0.670074 0.178376 0
  endloop
 endfacet
 facet normal -0 -0 -1
  outer loop
   vertex 0.674689 0.178257 0
   vertex 0.675445 0.178099 0
   vertex 0.673926 0.178376 0
  endloop
 endfacet
 facet normal 0 0 -1
  outer loop
   vertex 0.668555 0.178099 0
   vertex 0.675445 0.178099 0
   vertex 0.673926 0.148624 0
  endloop
 endfacet
 facet normal 0 -0 -1
  outer loop
   vertex 0.670074 0.178376 0
   vertex 0.675445 0.178099 0
   vertex 0.668555 0.178099 0
  endloop
 endfacet
 facet normal 0 0 -1
  outer loop
   vertex 0.686683 0.166568 0
   vertex 0.686036 0.168791 0
   vertex 0.686505 0.16732 0
  endloop
 endfacet
 facet normal 0 0 -1
  outer loop
   vertex 0.686505 0.16732 0
   vertex 0.686036 0.168791 0
   vertex 0.68629 0.168062 0
  endloop
 endfacet
 facet normal -0 -0 -1
  outer loop
   vertex 0.676928 0.177667 0
   vertex 0.677651 0.177395 0
   vertex 0.676192 0.177902 0
  endloop
 endfacet
 facet normal -0 -0 -1
  outer loop
   vertex 0.676192 0.177902 0
   vertex 0.677651 0.177395 0
   vertex 0.675445 0.178099 0
  endloop
 endfacet
 facet normal -0 -0 -1
  outer loop
   vertex 0.678359 0.177086 0
   vertex 0.67905 0.17674 0
   vertex 0.677651 0.177395 0
  endloop
 endfacet
 facet normal 0 0 -1
  outer loop
   vertex 0.686036 0.168791 0
   vertex 0.685054 0.170888 0
   vertex 0.685745 0.169507 0
  endloop
 endfacet
 facet normal 0 0 -1
  outer loop
   vertex 0.685745 0.169507 0
   vertex 0.685054 0.170888 0
   vertex 0.685417 0.170206 0
  endloop
 endfacet
 facet normal -0 -0 -1
  outer loop
   vertex 0.67905 0.17674 0
   vertex 0.679722 0.17636 0
   vertex 0.677651 0.177395 0
  endloop
 endfacet
 facet normal -0 -0 -1
  outer loop
   vertex 0.677651 0.177395 0
   vertex 0.679722 0.17636 0
   vertex 0.675445 0.178099 0
  endloop
 endfacet
 facet normal 0 -0 -1
  outer loop
   vertex 0.675445 0.178099 0
   vertex 0.679722 0.17636 0
   vertex 0.673926 0.148624 0
  endloop
 endfacet
 facet normal 0 0 -1
  outer loop
   vertex 0.673926 0.148624 0
   vertex 0.684657 0.17155 0
   vertex 0.676928 0.149333 0
  endloop
 endfacet
 facet normal 0 0 -1
  outer loop
   vertex 0.676928 0.149333 0
   vertex 0.684657 0.17155 0
   vertex 0.686683 0.166568 0
  endloop
 endfacet
 facet normal 0 0 -1
  outer loop
   vertex 0.686683 0.166568 0
   vertex 0.684657 0.17155 0
   vertex 0.686036 0.168791 0
  endloop
 endfacet
 facet normal 0 0 -1
  outer loop
   vertex 0.686036 0.168791 0
   vertex 0.684657 0.17155 0
   vertex 0.685054 0.170888 0
  endloop
 endfacet
 facet normal -0 -0 -1
  outer loop
   vertex 0.681003 0.175498 0
   vertex 0.681609 0.175018 0
   vertex 0.680374 0.175945 0
  endloop
 endfacet
 facet normal -0 -0 -1
  outer loop
   vertex 0.680374 0.175945 0
   vertex 0.681609 0.175018 0
   vertex 0.679722 0.17636 0
  endloop
 endfacet
 facet normal 0 0 -1
  outer loop
   vertex 0.684657 0.17155 0
   vertex 0.683267 0.173402 0
   vertex 0.684225 0.172191 0
  endloop
 endfacet
 facet normal 0 0 -1
  outer loop
   vertex 0.684225 0.172191 0
   vertex 0.683267 0.173402 0
   vertex 0.683762 0.172809 0
  endloop
 endfacet
 facet normal 0 -0 -1
  outer loop
   vertex 0.679722 0.17636 0
   vertex 0.683267 0.173402 0
   vertex 0.673926 0.148624 0
  endloop
 endfacet
 facet normal 0 0 -1
  outer loop
   vertex 0.673926 0.148624 0
   vertex 0.683267 0.173402 0
   vertex 0.684657 0.17155 0
  endloop
 endfacet
 facet normal 0 0 -1
  outer loop
   vertex 0.679722 0.17636 0
   vertex 0.682189 0.174508 0
   vertex 0.683267 0.173402 0
  endloop
 endfacet
 facet normal -0 -0 -1
  outer loop
   vertex 0.681609 0.175018 0
   vertex 0.682189 0.174508 0
   vertex 0.679722 0.17636 0
  endloop
 endfacet
 facet normal 0 0 -1
  outer loop
   vertex 0.682189 0.174508 0
   vertex 0.682742 0.173969 0
   vertex 0.683267 0.173402 0
  endloop
 endfacet
 facet normal 0 0 1
  outer loop
   vertex 0.662391 0.151982 0.05
   vertex 0.661258 0.153031 0.05
   vertex 0.661811 0.152492 0.05
  endloop
 endfacet
 facet normal 0 0 1
  outer loop
   vertex 0.660238 0.154191 0.05
   vertex 0.661258 0.153031 0.05
   vertex 0.662391 0.151982 0.05
  endloop
 endfacet
 facet normal 0 0 1
  outer loop
   vertex 0.660238 0.154191 0.05
   vertex 0.660733 0.153598 0.05
   vertex 0.661258 0.153031 0.05
  endloop
 endfacet
 facet normal 0 0 1
  outer loop
   vertex 0.663626 0.151055 0.05
   vertex 0.662391 0.151982 0.05
   vertex 0.662997 0.151502 0.05
  endloop
 endfacet
 facet normal 0 0 1
  outer loop
   vertex 0.659343 0.15545 0.05
   vertex 0.659775 0.154809 0.05
   vertex 0.660238 0.154191 0.05
  endloop
 endfacet
 facet normal 0 0 1
  outer loop
   vertex 0.66495 0.15026 0.05
   vertex 0.662391 0.151982 0.05
   vertex 0.663626 0.151055 0.05
  endloop
 endfacet
 facet normal 0 0 1
  outer loop
   vertex 0.66495 0.15026 0.05
   vertex 0.663626 0.151055 0.05
   vertex 0.664278 0.15064 0.05
  endloop
 endfacet
 facet normal 0 0 1
  outer loop
   vertex 0.665641 0.149914 0.05
   vertex 0.662391 0.151982 0.05
   vertex 0.66495 0.15026 0.05
  endloop
 endfacet
 facet normal 0 0 1
  outer loop
   vertex 0.657964 0.158209 0.05
   vertex 0.660238 0.154191 0.05
   vertex 0.662391 0.151982 0.05
  endloop
 endfacet
 facet normal 0 0 1
  outer loop
   vertex 0.657964 0.158209 0.05
   vertex 0.659343 0.15545 0.05
   vertex 0.660238 0.154191 0.05
  endloop
 endfacet
 facet normal 0 0 1
  outer loop
   vertex 0.657964 0.158209 0.05
   vertex 0.658255 0.157493 0.05
   vertex 0.658583 0.156794 0.05
  endloop
 endfacet
 facet normal 0 0 1
  outer loop
   vertex 0.657964 0.158209 0.05
   vertex 0.658583 0.156794 0.05
   vertex 0.658946 0.156112 0.05
  endloop
 endfacet
 facet normal 0 0 1
  outer loop
   vertex 0.657964 0.158209 0.05
   vertex 0.658946 0.156112 0.05
   vertex 0.659343 0.15545 0.05
  endloop
 endfacet
 facet normal 0 0 1
  outer loop
   vertex 0.667808 0.149098 0.05
   vertex 0.666349 0.149605 0.05
   vertex 0.667072 0.149333 0.05
  endloop
 endfacet
 facet normal 0 0 1
  outer loop
   vertex 0.657495 0.15968 0.05
   vertex 0.65771 0.158938 0.05
   vertex 0.657964 0.158209 0.05
  endloop
 endfacet
 facet normal 0 0 1
  outer loop
   vertex 0.668555 0.148901 0.05
   vertex 0.662391 0.151982 0.05
   vertex 0.665641 0.149914 0.05
  endloop
 endfacet
 facet normal 0 0 1
  outer loop
   vertex 0.668555 0.148901 0.05
   vertex 0.666349 0.149605 0.05
   vertex 0.667808 0.149098 0.05
  endloop
 endfacet
 facet normal 0 0 1
  outer loop
   vertex 0.668555 0.148901 0.05
   vertex 0.665641 0.149914 0.05
   vertex 0.666349 0.149605 0.05
  endloop
 endfacet
 facet normal 0 0 1
  outer loop
   vertex 0.657179 0.161192 0.05
   vertex 0.657317 0.160432 0.05
   vertex 0.657495 0.15968 0.05
  endloop
 endfacet
 facet normal 0 0 1
  outer loop
   vertex 0.670074 0.148624 0.05
   vertex 0.668555 0.148901 0.05
   vertex 0.669311 0.148743 0.05
  endloop
 endfacet
 facet normal 0 0 1
  outer loop
   vertex 0.65702 0.162728 0.05
   vertex 0.65708 0.161958 0.05
   vertex 0.657179 0.161192 0.05
  endloop
 endfacet
 facet normal 0 0 1
  outer loop
   vertex 0.657 0.1635 0.05
   vertex 0.65702 0.162728 0.05
   vertex 0.657179 0.161192 0.05
  endloop
 endfacet
 facet normal 0 0 1
  outer loop
   vertex 0.672386 0.148505 0.05
   vertex 0.670074 0.148624 0.05
   vertex 0.670842 0.148545 0.05
  endloop
 endfacet
 facet normal 0 0 1
  outer loop
   vertex 0.672386 0.148505 0.05
   vertex 0.670842 0.148545 0.05
   vertex 0.671614 0.148505 0.05
  endloop
 endfacet
 facet normal 0 0 1
  outer loop
   vertex 0.65708 0.165042 0.05
   vertex 0.657495 0.15968 0.05
   vertex 0.657964 0.158209 0.05
  endloop
 endfacet
 facet normal 0 0 1
  outer loop
   vertex 0.65708 0.165042 0.05
   vertex 0.65702 0.164272 0.05
   vertex 0.657 0.1635 0.05
  endloop
 endfacet
 facet normal 0 0 1
  outer loop
   vertex 0.65708 0.165042 0.05
   vertex 0.657179 0.161192 0.05
   vertex 0.657495 0.15968 0.05
  endloop
 endfacet
 facet normal 0 0 1
  outer loop
   vertex 0.65708 0.165042 0.05
   vertex 0.657 0.1635 0.05
   vertex 0.657179 0.161192 0.05
  endloop
 endfacet
 facet normal 0 0 1
  outer loop
   vertex 0.673926 0.148624 0.05
   vertex 0.668555 0.148901 0.05
   vertex 0.670074 0.148624 0.05
  endloop
 endfacet
 facet normal 0 0 1
  outer loop
   vertex 0.673926 0.148624 0.05
   vertex 0.670074 0.148624 0.05
   vertex 0.672386 0.148505 0.05
  endloop
 endfacet
 facet normal 0 0 1
  outer loop
   vertex 0.673926 0.148624 0.05
   vertex 0.672386 0.148505 0.05
   vertex 0.673158 0.148545 0.05
  endloop
 endfacet
 facet normal 0 0 1
  outer loop
   vertex 0.657317 0.166568 0.05
   vertex 0.657179 0.165808 0.05
   vertex 0.65708 0.165042 0.05
  endloop
 endfacet
 facet normal 0 0 1
  outer loop
   vertex 0.65771 0.168062 0.05
   vertex 0.657317 0.166568 0.05
   vertex 0.65708 0.165042 0.05
  endloop
 endfacet
 facet normal 0 0 1
  outer loop
   vertex 0.65771 0.168062 0.05
   vertex 0.657495 0.16732 0.05
   vertex 0.657317 0.166568 0.05
  endloop
 endfacet
 facet normal 0 0 1
  outer loop
   vertex 0.676928 0.149333 0.05
   vertex 0.673926 0.148624 0.05
   vertex 0.674689 0.148743 0.05
  endloop
 endfacet
 facet normal 0 0 1
  outer loop
   vertex 0.676928 0.149333 0.05
   vertex 0.674689 0.148743 0.05
   vertex 0.675445 0.148901 0.05
  endloop
 endfacet
 facet normal 0 0 1
  outer loop
   vertex 0.676928 0.149333 0.05
   vertex 0.675445 0.148901 0.05
   vertex 0.676192 0.149098 0.05
  endloop
 endfacet
 facet normal 0 0 1
  outer loop
   vertex 0.658255 0.169507 0.05
   vertex 0.65771 0.168062 0.05
   vertex 0.65708 0.165042 0.05
  endloop
 endfacet
 facet normal 0 0 1
  outer loop
   vertex 0.658255 0.169507 0.05
   vertex 0.657964 0.168791 0.05
   vertex 0.65771 0.168062 0.05
  endloop
 endfacet
 facet normal 0 0 1
  outer loop
   vertex 0.678359 0.149914 0.05
   vertex 0.676928 0.149333 0.05
   vertex 0.677651 0.149605 0.05
  endloop
 endfacet
 facet normal 0 0 1
  outer loop
   vertex 0.658946 0.170888 0.05
   vertex 0.658255 0.169507 0.05
   vertex 0.65708 0.165042 0.05
  endloop
 endfacet
 facet normal 0 0 1
  outer loop
   vertex 0.658946 0.170888 0.05
   vertex 0.658583 0.170206 0.05
   vertex 0.658255 0.169507 0.05
  endloop
 endfacet
 facet normal 0 0 1
  outer loop
   vertex 0.679722 0.15064 0.05
   vertex 0.678359 0.149914 0.05
   vertex 0.67905 0.15026 0.05
  endloop
 endfacet
 facet normal 0 0 1
  outer loop
   vertex 0.679722 0.15064 0.05
   vertex 0.676928 0.149333 0.05
   vertex 0.678359 0.149914 0.05
  endloop
 endfacet
 facet normal 0 0 1
  outer loop
   vertex 0.681003 0.151502 0.05
   vertex 0.679722 0.15064 0.05
   vertex 0.680374 0.151055 0.05
  endloop
 endfacet
 facet normal 0 0 1
  outer loop
   vertex 0.660238 0.172809 0.05
   vertex 0.659775 0.172191 0.05
   vertex 0.659343 0.17155 0.05
  endloop
 endfacet
 facet normal 0 0 1
  outer loop
   vertex 0.660238 0.172809 0.05
   vertex 0.659343 0.17155 0.05
   vertex 0.658946 0.170888 0.05
  endloop
 endfacet
 facet normal 0 0 1
  outer loop
   vertex 0.660238 0.172809 0.05
   vertex 0.658946 0.170888 0.05
   vertex 0.65708 0.165042 0.05
  endloop
 endfacet
 facet normal 0 0 1
  outer loop
   vertex 0.681609 0.151982 0.05
   vertex 0.676928 0.149333 0.05
   vertex 0.679722 0.15064 0.05
  endloop
 endfacet
 facet normal 0 0 1
  outer loop
   vertex 0.681609 0.151982 0.05
   vertex 0.679722 0.15064 0.05
   vertex 0.681003 0.151502 0.05
  endloop
 endfacet
 facet normal 0 0 1
  outer loop
   vertex 0.661258 0.173969 0.05
   vertex 0.660733 0.173402 0.05
   vertex 0.660238 0.172809 0.05
  endloop
 endfacet
 facet normal 0 0 1
  outer loop
   vertex 0.661811 0.174508 0.05
   vertex 0.661258 0.173969 0.05
   vertex 0.660238 0.172809 0.05
  endloop
 endfacet
 facet normal 0 0 1
  outer loop
   vertex 0.661811 0.174508 0.05
   vertex 0.660238 0.172809 0.05
   vertex 0.65708 0.165042 0.05
  endloop
 endfacet
 facet normal 0 0 1
  outer loop
   vertex 0.662997 0.175498 0.05
   vertex 0.662391 0.175018 0.05
   vertex 0.661811 0.174508 0.05
  endloop
 endfacet
 facet normal 0 0 1
  outer loop
   vertex 0.663626 0.175945 0.05
   vertex 0.662997 0.175498 0.05
   vertex 0.661811 0.174508 0.05
  endloop
 endfacet
 facet normal 0 0 1
  outer loop
   vertex 0.663626 0.175945 0.05
   vertex 0.661811 0.174508 0.05
   vertex 0.65708 0.165042 0.05
  endloop
 endfacet
 facet normal 0 0 1
  outer loop
   vertex 0.663626 0.175945 0.05
   vertex 0.65708 0.165042 0.05
   vertex 0.657964 0.158209 0.05
  endloop
 endfacet
 facet normal 0 0 1
  outer loop
   vertex 0.684657 0.15545 0.05
   vertex 0.681609 0.151982 0.05
   vertex 0.682189 0.152492 0.05
  endloop
 endfacet
 facet normal 0 0 1
  outer loop
   vertex 0.684657 0.15545 0.05
   vertex 0.682189 0.152492 0.05
   vertex 0.682742 0.153031 0.05
  endloop
 endfacet
 facet normal 0 0 1
  outer loop
   vertex 0.684657 0.15545 0.05
   vertex 0.682742 0.153031 0.05
   vertex 0.683267 0.153598 0.05
  endloop
 endfacet
 facet normal 0 0 1
  outer loop
   vertex 0.684657 0.15545 0.05
   vertex 0.683267 0.153598 0.05
   vertex 0.683762 0.154191 0.05
  endloop
 endfacet
 facet normal 0 0 1
  outer loop
   vertex 0.684657 0.15545 0.05
   vertex 0.683762 0.154191 0.05
   vertex 0.684225 0.154809 0.05
  endloop
 endfacet
 facet normal 0 0 1
  outer loop
   vertex 0.685054 0.156112 0.05
   vertex 0.681609 0.151982 0.05
   vertex 0.684657 0.15545 0.05
  endloop
 endfacet
 facet normal 0 0 1
  outer loop
   vertex 0.685745 0.157493 0.05
   vertex 0.685054 0.156112 0.05
   vertex 0.685417 0.156794 0.05
  endloop
 endfacet
 facet normal 0 0 1
  outer loop
   vertex 0.666349 0.177395 0.05
   vertex 0.665641 0.177086 0.05
   vertex 0.66495 0.17674 0.05
  endloop
 endfacet
 facet normal 0 0 1
  outer loop
   vertex 0.686036 0.158209 0.05
   vertex 0.676928 0.149333 0.05
   vertex 0.681609 0.151982 0.05
  endloop
 endfacet
 facet normal 0 0 1
  outer loop
   vertex 0.686036 0.158209 0.05
   vertex 0.681609 0.151982 0.05
   vertex 0.685054 0.156112 0.05
  endloop
 endfacet
 facet normal 0 0 1
  outer loop
   vertex 0.686036 0.158209 0.05
   vertex 0.685054 0.156112 0.05
   vertex 0.685745 0.157493 0.05
  endloop
 endfacet
 facet normal 0 0 1
  outer loop
   vertex 0.667072 0.177667 0.05
   vertex 0.66495 0.17674 0.05
   vertex 0.664278 0.17636 0.05
  endloop
 endfacet
 facet normal 0 0 1
  outer loop
   vertex 0.667072 0.177667 0.05
   vertex 0.664278 0.17636 0.05
   vertex 0.663626 0.175945 0.05
  endloop
 endfacet
 facet normal 0 0 1
  outer loop
   vertex 0.667072 0.177667 0.05
   vertex 0.663626 0.175945 0.05
   vertex 0.657964 0.158209 0.05
  endloop
 endfacet
 facet normal 0 0 1
  outer loop
   vertex 0.667072 0.177667 0.05
   vertex 0.657964 0.158209 0.05
   vertex 0.662391 0.151982 0.05
  endloop
 endfacet
 facet normal 0 0 1
  outer loop
   vertex 0.667072 0.177667 0.05
   vertex 0.666349 0.177395 0.05
   vertex 0.66495 0.17674 0.05
  endloop
 endfacet
 facet normal 0 0 1
  outer loop
   vertex 0.668555 0.178099 0.05
   vertex 0.667808 0.177902 0.05
   vertex 0.667072 0.177667 0.05
  endloop
 endfacet
 facet normal 0 0 1
  outer loop
   vertex 0.668555 0.178099 0.05
   vertex 0.662391 0.151982 0.05
   vertex 0.668555 0.148901 0.05
  endloop
 endfacet
 facet normal 0 0 1
  outer loop
   vertex 0.668555 0.178099 0.05
   vertex 0.667072 0.177667 0.05
   vertex 0.662391 0.151982 0.05
  endloop
 endfacet
 facet normal 0 0 1
  outer loop
   vertex 0.668555 0.178099 0.05
   vertex 0.668555 0.148901 0.05
   vertex 0.673926 0.148624 0.05
  endloop
 endfacet
 facet normal 0 0 1
  outer loop
   vertex 0.670074 0.178376 0.05
   vertex 0.669311 0.178257 0.05
   vertex 0.668555 0.178099 0.05
  endloop
 endfacet
 facet normal 0 0 1
  outer loop
   vertex 0.68692 0.161958 0.05
   vertex 0.686683 0.160432 0.05
   vertex 0.686821 0.161192 0.05
  endloop
 endfacet
 facet normal 0 0 1
  outer loop
   vertex 0.671614 0.178495 0.05
   vertex 0.670842 0.178455 0.05
   vertex 0.670074 0.178376 0.05
  endloop
 endfacet
 facet normal 0 0 1
  outer loop
   vertex 0.687 0.1635 0.05
   vertex 0.68692 0.161958 0.05
   vertex 0.68698 0.162728 0.05
  endloop
 endfacet
 facet normal 0 0 1
  outer loop
   vertex 0.672386 0.178495 0.05
   vertex 0.671614 0.178495 0.05
   vertex 0.670074 0.178376 0.05
  endloop
 endfacet
 facet normal 0 0 1
  outer loop
   vertex 0.68698 0.164272 0.05
   vertex 0.68692 0.161958 0.05
   vertex 0.687 0.1635 0.05
  endloop
 endfacet
 facet normal 0 0 1
  outer loop
   vertex 0.68692 0.165042 0.05
   vertex 0.68692 0.161958 0.05
   vertex 0.68698 0.164272 0.05
  endloop
 endfacet
 facet normal 0 0 1
  outer loop
   vertex 0.673926 0.178376 0.05
   vertex 0.672386 0.178495 0.05
   vertex 0.670074 0.178376 0.05
  endloop
 endfacet
 facet normal 0 0 1
  outer loop
   vertex 0.673926 0.178376 0.05
   vertex 0.673158 0.178455 0.05
   vertex 0.672386 0.178495 0.05
  endloop
 endfacet
 facet normal 0 0 1
  outer loop
   vertex 0.686683 0.166568 0.05
   vertex 0.68692 0.165042 0.05
   vertex 0.686821 0.165808 0.05
  endloop
 endfacet
 facet normal 0 0 1
  outer loop
   vertex 0.686683 0.166568 0.05
   vertex 0.68692 0.161958 0.05
   vertex 0.68692 0.165042 0.05
  endloop
 endfacet
 facet normal 0 0 1
  outer loop
   vertex 0.686683 0.166568 0.05
   vertex 0.686036 0.158209 0.05
   vertex 0.68629 0.158938 0.05
  endloop
 endfacet
 facet normal 0 0 1
  outer loop
   vertex 0.686683 0.166568 0.05
   vertex 0.68629 0.158938 0.05
   vertex 0.686505 0.15968 0.05
  endloop
 endfacet
 facet normal 0 0 1
  outer loop
   vertex 0.686683 0.166568 0.05
   vertex 0.686505 0.15968 0.05
   vertex 0.686683 0.160432 0.05
  endloop
 endfacet
 facet normal 0 0 1
  outer loop
   vertex 0.686683 0.166568 0.05
   vertex 0.676928 0.149333 0.05
   vertex 0.686036 0.158209 0.05
  endloop
 endfacet
 facet normal 0 0 1
  outer loop
   vertex 0.686683 0.166568 0.05
   vertex 0.686683 0.160432 0.05
   vertex 0.68692 0.161958 0.05
  endloop
 endfacet
 facet normal 0 0 1
  outer loop
   vertex 0.675445 0.178099 0.05
   vertex 0.673926 0.178376 0.05
   vertex 0.670074 0.178376 0.05
  endloop
 endfacet
 facet normal 0 0 1
  outer loop
   vertex 0.675445 0.178099 0.05
   vertex 0.674689 0.178257 0.05
   vertex 0.673926 0.178376 0.05
  endloop
 endfacet
 facet normal 0 0 1
  outer loop
   vertex 0.675445 0.178099 0.05
   vertex 0.668555 0.178099 0.05
   vertex 0.673926 0.148624 0.05
  endloop
 endfacet
 facet normal 0 0 1
  outer loop
   vertex 0.675445 0.178099 0.05
   vertex 0.670074 0.178376 0.05
   vertex 0.668555 0.178099 0.05
  endloop
 endfacet
 facet normal 0 0 1
  outer loop
   vertex 0.686036 0.168791 0.05
   vertex 0.686683 0.166568 0.05
   vertex 0.686505 0.16732 0.05
  endloop
 endfacet
 facet normal 0 0 1
  outer loop
   vertex 0.686036 0.168791 0.05
   vertex 0.686505 0.16732 0.05
   vertex 0.68629 0.168062 0.05
  endloop
 endfacet
 facet normal 0 0 1
  outer loop
   vertex 0.677651 0.177395 0.05
   vertex 0.676928 0.177667 0.05
   vertex 0.676192 0.177902 0.05
  endloop
 endfacet
 facet normal 0 0 1
  outer loop
   vertex 0.677651 0.177395 0.05
   vertex 0.676192 0.177902 0.05
   vertex 0.675445 0.178099 0.05
  endloop
 endfacet
 facet normal 0 0 1
  outer loop
   vertex 0.67905 0.17674 0.05
   vertex 0.678359 0.177086 0.05
   vertex 0.677651 0.177395 0.05
  endloop
 endfacet
 facet normal 0 0 1
  outer loop
   vertex 0.685054 0.170888 0.05
   vertex 0.686036 0.168791 0.05
   vertex 0.685745 0.169507 0.05
  endloop
 endfacet
 facet normal 0 0 1
  outer loop
   vertex 0.685054 0.170888 0.05
   vertex 0.685745 0.169507 0.05
   vertex 0.685417 0.170206 0.05
  endloop
 endfacet
 facet normal 0 0 1
  outer loop
   vertex 0.679722 0.17636 0.05
   vertex 0.67905 0.17674 0.05
   vertex 0.677651 0.177395 0.05
  endloop
 endfacet
 facet normal 0 0 1
  outer loop
   vertex 0.679722 0.17636 0.05
   vertex 0.677651 0.177395 0.05
   vertex 0.675445 0.178099 0.05
  endloop
 endfacet
 facet normal 0 0 1
  outer loop
   vertex 0.679722 0.17636 0.05
   vertex 0.675445 0.178099 0.05
   vertex 0.673926 0.148624 0.05
  endloop
 endfacet
 facet normal 0 0 1
  outer loop
   vertex 0.684657 0.17155 0.05
   vertex 0.673926 0.148624 0.05
   vertex 0.676928 0.149333 0.05
  endloop
 endfacet
 facet normal 0 0 1
  outer loop
   vertex 0.684657 0.17155 0.05
   vertex 0.676928 0.149333 0.05
   vertex 0.686683 0.166568 0.05
  endloop
 endfacet
 facet normal 0 0 1
  outer loop
   vertex 0.684657 0.17155 0.05
   vertex 0.686683 0.166568 0.05
   vertex 0.686036 0.168791 0.05
  endloop
 endfacet
 facet normal 0 0 1
  outer loop
   vertex 0.684657 0.17155 0.05
   vertex 0.686036 0.168791 0.05
   vertex 0.685054 0.170888 0.05
  endloop
 endfacet
 facet normal 0 0 1
  outer loop
   vertex 0.681609 0.175018 0.05
   vertex 0.681003 0.175498 0.05
   vertex 0.680374 0.175945 0.05
  endloop
 endfacet
 facet normal 0 0 1
  outer loop
   vertex 0.681609 0.175018 0.05
   vertex 0.680374 0.175945 0.05
   vertex 0.679722 0.17636 0.05
  endloop
 endfacet
 facet normal 0 0 1
  outer loop
   vertex 0.683267 0.173402 0.05
   vertex 0.684657 0.17155 0.05
   vertex 0.684225 0.172191 0.05
  endloop
 endfacet
 facet normal 0 0 1
  outer loop
   vertex 0.683267 0.173402 0.05
   vertex 0.684225 0.172191 0.05
   vertex 0.683762 0.172809 0.05
  endloop
 endfacet
 facet normal 0 0 1
  outer loop
   vertex 0.683267 0.173402 0.05
   vertex 0.679722 0.17636 0.05
   vertex 0.673926 0.148624 0.05
  endloop
 endfacet
 facet normal 0 0 1
  outer loop
   vertex 0.683267 0.173402 0.05
   vertex 0.673926 0.148624 0.05
   vertex 0.684657 0.17155 0.05
  endloop
 endfacet
 facet normal 0 0 1
  outer loop
   vertex 0.682189 0.174508 0.05
   vertex 0.679722 0.17636 0.05
   vertex 0.683267 0.173402 0.05
  endloop
 endfacet
 facet normal 0 0 1
  outer loop
   vertex 0.682189 0.174508 0.05
   vertex 0.681609 0.175018 0.05
   vertex 0.679722 0.17636 0.05
  endloop
 endfacet
 facet normal 0 0 1
  outer loop
   vertex 0.682742 0.173969 0.05
   vertex 0.682189 0.174508 0.05
   vertex 0.683267 0.173402 0.05
  endloop
 endfacet
 facet normal 0.999668 0.0257591 0
  outer loop
   vertex 0.687 -0.1635 0.05
   vertex 0.687 -0.1635 0
   vertex 0.68698 -0.162728 0.05
  endloop
 endfacet
 facet normal 0.999668 0.0257591 0
  outer loop
   vertex 0.687 -0.1635 0
   vertex 0.68698 -0.162728 0
   vertex 0.68698 -0.162728 0.05
  endloop
 endfacet
 facet normal 0.997016 0.0771995 0
  outer loop
   vertex 0.68698 -0.162728 0.05
   vertex 0.68692 -0.161958 0
   vertex 0.68692 -0.161958 0.05
  endloop
 endfacet
 facet normal 0.997016 0.0771995 -0
  outer loop
   vertex 0.68698 -0.162728 0
   vertex 0.68692 -0.161958 0
   vertex 0.68698 -0.162728 0.05
  endloop
 endfacet
 facet normal 0.991722 0.1284 0
  outer loop
   vertex 0.68692 -0.161958 0.05
   vertex 0.686821 -0.161192 0
   vertex 0.686821 -0.161192 0.05
  endloop
 endfacet
 facet normal 0.98381 0.179212 0
  outer loop
   vertex 0.686821 -0.161192 0.05
   vertex 0.686821 -0.161192 0
   vertex 0.686683 -0.160432 0.05
  endloop
 endfacet
 facet normal 0.991722 0.1284 -0
  outer loop
   vertex 0.68692 -0.161958 0
   vertex 0.686821 -0.161192 0
   vertex 0.68692 -0.161958 0.05
  endloop
 endfacet
 facet normal 0.98381 0.179212 0
  outer loop
   vertex 0.686821 -0.161192 0
   vertex 0.686683 -0.160432 0
   vertex 0.686683 -0.160432 0.05
  endloop
 endfacet
 facet normal 0.973262 0.2297 0
  outer loop
   vertex 0.686683 -0.160432 0.05
   vertex 0.686505 -0.15968 0
   vertex 0.686505 -0.15968 0.05
  endloop
 endfacet
 facet normal 0.973262 0.2297 -0
  outer loop
   vertex 0.686683 -0.160432 0
   vertex 0.686505 -0.15968 0
   vertex 0.686683 -0.160432 0.05
  endloop
 endfacet
 facet normal 0.960151 0.279482 0
  outer loop
   vertex 0.686505 -0.15968 0.05
   vertex 0.68629 -0.158938 0
   vertex 0.68629 -0.158938 0.05
  endloop
 endfacet
 facet normal 0.944486 0.328551 0
  outer loop
   vertex 0.68629 -0.158938 0.05
   vertex 0.68629 -0.158938 0
   vertex 0.686036 -0.158209 0.05
  endloop
 endfacet
 facet normal 0.960151 0.279482 -0
  outer loop
   vertex 0.686505 -0.15968 0
   vertex 0.68629 -0.158938 0
   vertex 0.686505 -0.15968 0.05
  endloop
 endfacet
 facet normal 0.944486 0.328551 0
  outer loop
   vertex 0.68629 -0.158938 0
   vertex 0.686036 -0.158209 0
   vertex 0.686036 -0.158209 0.05
  endloop
 endfacet
 facet normal 0.926317 0.376745 0
  outer loop
   vertex 0.686036 -0.158209 0.05
   vertex 0.685745 -0.157493 0
   vertex 0.685745 -0.157493 0.05
  endloop
 endfacet
 facet normal 0.926317 0.376745 -0
  outer loop
   vertex 0.686036 -0.158209 0
   vertex 0.685745 -0.157493 0
   vertex 0.686036 -0.158209 0.05
  endloop
 endfacet
 facet normal 0.9057 0.42392 0
  outer loop
   vertex 0.685745 -0.157493 0.05
   vertex 0.685417 -0.156794 0
   vertex 0.685417 -0.156794 0.05
  endloop
 endfacet
 facet normal 0.9057 0.42392 -0
  outer loop
   vertex 0.685745 -0.157493 0
   vertex 0.685417 -0.156794 0
   vertex 0.685745 -0.157493 0.05
  endloop
 endfacet
 facet normal 0.882672 0.469989 0
  outer loop
   vertex 0.685417 -0.156794 0.05
   vertex 0.685054 -0.156112 0
   vertex 0.685054 -0.156112 0.05
  endloop
 endfacet
 facet normal 0.882672 0.469989 -0
  outer loop
   vertex 0.685417 -0.156794 0
   vertex 0.685054 -0.156112 0
   vertex 0.685417 -0.156794 0.05
  endloop
 endfacet
 facet normal 0.857319 0.514786 0
  outer loop
   vertex 0.685054 -0.156112 0.05
   vertex 0.684657 -0.15545 0
   vertex 0.684657 -0.15545 0.05
  endloop
 endfacet
 facet normal 0.857319 0.514786 -0
  outer loop
   vertex 0.685054 -0.156112 0
   vertex 0.684657 -0.15545 0
   vertex 0.685054 -0.156112 0.05
  endloop
 endfacet
 facet normal 0.829672 0.558251 0
  outer loop
   vertex 0.684657 -0.15545 0.05
   vertex 0.684225 -0.154809 0
   vertex 0.684225 -0.154809 0.05
  endloop
 endfacet
 facet normal 0.829672 0.558251 -0
  outer loop
   vertex 0.684657 -0.15545 0
   vertex 0.684225 -0.154809 0
   vertex 0.684657 -0.15545 0.05
  endloop
 endfacet
 facet normal 0.799844 0.600209 0
  outer loop
   vertex 0.684225 -0.154809 0.05
   vertex 0.683762 -0.154191 0
   vertex 0.683762 -0.154191 0.05
  endloop
 endfacet
 facet normal 0.767884 0.640588 0
  outer loop
   vertex 0.683762 -0.154191 0.05
   vertex 0.683762 -0.154191 0
   vertex 0.683267 -0.153598 0.05
  endloop
 endfacet
 facet normal 0.799844 0.600209 -0
  outer loop
   vertex 0.684225 -0.154809 0
   vertex 0.683762 -0.154191 0
   vertex 0.684225 -0.154809 0.05
  endloop
 endfacet
 facet normal 0.767884 0.640588 0
  outer loop
   vertex 0.683762 -0.154191 0
   vertex 0.683267 -0.153598 0
   vertex 0.683267 -0.153598 0.05
  endloop
 endfacet
 facet normal 0.733909 0.679248 -0
  outer loop
   vertex 0.683267 -0.153598 0
   vertex 0.682742 -0.153031 0
   vertex 0.683267 -0.153598 0.05
  endloop
 endfacet
 facet normal 0.733909 0.679248 0
  outer loop
   vertex 0.683267 -0.153598 0.05
   vertex 0.682742 -0.153031 0
   vertex 0.682742 -0.153031 0.05
  endloop
 endfacet
 facet normal 0.697922 0.716174 -0
  outer loop
   vertex 0.682742 -0.153031 0
   vertex 0.682189 -0.152492 0
   vertex 0.682742 -0.153031 0.05
  endloop
 endfacet
 facet normal 0.697922 0.716174 0
  outer loop
   vertex 0.682742 -0.153031 0.05
   vertex 0.682189 -0.152492 0
   vertex 0.682189 -0.152492 0.05
  endloop
 endfacet
 facet normal 0.660148 0.751136 0
  outer loop
   vertex 0.682189 -0.152492 0.05
   vertex 0.682189 -0.152492 0
   vertex 0.681609 -0.151982 0.05
  endloop
 endfacet
 facet normal 0.660148 0.751136 0
  outer loop
   vertex 0.682189 -0.152492 0
   vertex 0.681609 -0.151982 0
   vertex 0.681609 -0.151982 0.05
  endloop
 endfacet
 facet normal 0.620632 0.784102 0
  outer loop
   vertex 0.681609 -0.151982 0.05
   vertex 0.681609 -0.151982 0
   vertex 0.681003 -0.151502 0.05
  endloop
 endfacet
 facet normal 0.579413 0.815034 0
  outer loop
   vertex 0.681003 -0.151502 0.05
   vertex 0.681003 -0.151502 0
   vertex 0.680374 -0.151055 0.05
  endloop
 endfacet
 facet normal 0.620632 0.784102 0
  outer loop
   vertex 0.681609 -0.151982 0
   vertex 0.681003 -0.151502 0
   vertex 0.681003 -0.151502 0.05
  endloop
 endfacet
 facet normal 0.579413 0.815034 0
  outer loop
   vertex 0.681003 -0.151502 0
   vertex 0.680374 -0.151055 0
   vertex 0.680374 -0.151055 0.05
  endloop
 endfacet
 facet normal 0.53668 0.843786 0
  outer loop
   vertex 0.680374 -0.151055 0.05
   vertex 0.680374 -0.151055 0
   vertex 0.679722 -0.15064 0.05
  endloop
 endfacet
 facet normal 0.492548 0.870285 0
  outer loop
   vertex 0.679722 -0.15064 0.05
   vertex 0.679722 -0.15064 0
   vertex 0.67905 -0.15026 0.05
  endloop
 endfacet
 facet normal 0.53668 0.843786 0
  outer loop
   vertex 0.680374 -0.151055 0
   vertex 0.679722 -0.15064 0
   vertex 0.679722 -0.15064 0.05
  endloop
 endfacet
 facet normal 0.492548 0.870285 0
  outer loop
   vertex 0.679722 -0.15064 0
   vertex 0.67905 -0.15026 0
   vertex 0.67905 -0.15026 0.05
  endloop
 endfacet
 facet normal 0.447103 0.894482 0
  outer loop
   vertex 0.67905 -0.15026 0.05
   vertex 0.678359 -0.149914 0
   vertex 0.678359 -0.149914 0.05
  endloop
 endfacet
 facet normal 0.400471 0.91631 0
  outer loop
   vertex 0.678359 -0.149914 0.05
   vertex 0.678359 -0.149914 0
   vertex 0.677651 -0.149605 0.05
  endloop
 endfacet
 facet normal 0.447103 0.894482 -0
  outer loop
   vertex 0.67905 -0.15026 0
   vertex 0.678359 -0.149914 0
   vertex 0.67905 -0.15026 0.05
  endloop
 endfacet
 facet normal 0.400471 0.91631 0
  outer loop
   vertex 0.678359 -0.149914 0
   vertex 0.677651 -0.149605 0
   vertex 0.677651 -0.149605 0.05
  endloop
 endfacet
 facet normal 0.352751 0.935717 0
  outer loop
   vertex 0.677651 -0.149605 0.05
   vertex 0.676928 -0.149333 0
   vertex 0.676928 -0.149333 0.05
  endloop
 endfacet
 facet normal 0.304095 0.952642 0
  outer loop
   vertex 0.676928 -0.149333 0.05
   vertex 0.676928 -0.149333 0
   vertex 0.676192 -0.149098 0.05
  endloop
 endfacet
 facet normal 0.352751 0.935717 -0
  outer loop
   vertex 0.677651 -0.149605 0
   vertex 0.676928 -0.149333 0
   vertex 0.677651 -0.149605 0.05
  endloop
 endfacet
 facet normal 0.304095 0.952642 0
  outer loop
   vertex 0.676928 -0.149333 0
   vertex 0.676192 -0.149098 0
   vertex 0.676192 -0.149098 0.05
  endloop
 endfacet
 facet normal 0.254676 0.967026 0
  outer loop
   vertex 0.676192 -0.149098 0.05
   vertex 0.675445 -0.148901 0
   vertex 0.675445 -0.148901 0.05
  endloop
 endfacet
 facet normal 0.254676 0.967026 -0
  outer loop
   vertex 0.676192 -0.149098 0
   vertex 0.675445 -0.148901 0
   vertex 0.676192 -0.149098 0.05
  endloop
 endfacet
 facet normal 0.204554 0.978855 0
  outer loop
   vertex 0.675445 -0.148901 0.05
   vertex 0.674689 -0.148743 0
   vertex 0.674689 -0.148743 0.05
  endloop
 endfacet
 facet normal 0.153883 0.988089 0
  outer loop
   vertex 0.674689 -0.148743 0.05
   vertex 0.674689 -0.148743 0
   vertex 0.673926 -0.148624 0.05
  endloop
 endfacet
 facet normal 0.204554 0.978855 -0
  outer loop
   vertex 0.675445 -0.148901 0
   vertex 0.674689 -0.148743 0
   vertex 0.675445 -0.148901 0.05
  endloop
 endfacet
 facet normal 0.153883 0.988089 0
  outer loop
   vertex 0.674689 -0.148743 0
   vertex 0.673926 -0.148624 0
   vertex 0.673926 -0.148624 0.05
  endloop
 endfacet
 facet normal 0.102824 0.9947 0
  outer loop
   vertex 0.673926 -0.148624 0.05
   vertex 0.673158 -0.148545 0
   vertex 0.673158 -0.148545 0.05
  endloop
 endfacet
 facet normal 0.102824 0.9947 -0
  outer loop
   vertex 0.673926 -0.148624 0
   vertex 0.673158 -0.148545 0
   vertex 0.673926 -0.148624 0.05
  endloop
 endfacet
 facet normal 0.0514785 0.998674 0
  outer loop
   vertex 0.673158 -0.148545 0.05
   vertex 0.672386 -0.148505 0
   vertex 0.672386 -0.148505 0.05
  endloop
 endfacet
 facet normal 0.0514785 0.998674 -0
  outer loop
   vertex 0.673158 -0.148545 0
   vertex 0.672386 -0.148505 0
   vertex 0.673158 -0.148545 0.05
  endloop
 endfacet
 facet normal 0 1 0
  outer loop
   vertex 0.672386 -0.148505 0.05
   vertex 0.671614 -0.148505 0
   vertex 0.671614 -0.148505 0.05
  endloop
 endfacet
 facet normal 0 1 -0
  outer loop
   vertex 0.672386 -0.148505 0
   vertex 0.671614 -0.148505 0
   vertex 0.672386 -0.148505 0.05
  endloop
 endfacet
 facet normal -0.0514785 0.998674 0
  outer loop
   vertex 0.671614 -0.148505 0.05
   vertex 0.670842 -0.148545 0
   vertex 0.670842 -0.148545 0.05
  endloop
 endfacet
 facet normal -0.0514785 0.998674 0
  outer loop
   vertex 0.671614 -0.148505 0
   vertex 0.670842 -0.148545 0
   vertex 0.671614 -0.148505 0.05
  endloop
 endfacet
 facet normal -0.102824 0.9947 0
  outer loop
   vertex 0.670842 -0.148545 0.05
   vertex 0.670074 -0.148624 0
   vertex 0.670074 -0.148624 0.05
  endloop
 endfacet
 facet normal -0.102824 0.9947 0
  outer loop
   vertex 0.670842 -0.148545 0
   vertex 0.670074 -0.148624 0
   vertex 0.670842 -0.148545 0.05
  endloop
 endfacet
 facet normal -0.153883 0.988089 0
  outer loop
   vertex 0.670074 -0.148624 0.05
   vertex 0.669311 -0.148743 0
   vertex 0.669311 -0.148743 0.05
  endloop
 endfacet
 facet normal -0.153883 0.988089 0
  outer loop
   vertex 0.670074 -0.148624 0
   vertex 0.669311 -0.148743 0
   vertex 0.670074 -0.148624 0.05
  endloop
 endfacet
 facet normal -0.204554 0.978855 0
  outer loop
   vertex 0.669311 -0.148743 0.05
   vertex 0.668555 -0.148901 0
   vertex 0.668555 -0.148901 0.05
  endloop
 endfacet
 facet normal -0.204554 0.978855 0
  outer loop
   vertex 0.669311 -0.148743 0
   vertex 0.668555 -0.148901 0
   vertex 0.669311 -0.148743 0.05
  endloop
 endfacet
 facet normal -0.254676 0.967026 0
  outer loop
   vertex 0.668555 -0.148901 0.05
   vertex 0.667808 -0.149098 0
   vertex 0.667808 -0.149098 0.05
  endloop
 endfacet
 facet normal -0.254676 0.967026 0
  outer loop
   vertex 0.668555 -0.148901 0
   vertex 0.667808 -0.149098 0
   vertex 0.668555 -0.148901 0.05
  endloop
 endfacet
 facet normal -0.304095 0.952642 0
  outer loop
   vertex 0.667808 -0.149098 0.05
   vertex 0.667072 -0.149333 0
   vertex 0.667072 -0.149333 0.05
  endloop
 endfacet
 facet normal -0.304095 0.952642 0
  outer loop
   vertex 0.667808 -0.149098 0
   vertex 0.667072 -0.149333 0
   vertex 0.667808 -0.149098 0.05
  endloop
 endfacet
 facet normal -0.352751 0.935717 0
  outer loop
   vertex 0.667072 -0.149333 0.05
   vertex 0.666349 -0.149605 0
   vertex 0.666349 -0.149605 0.05
  endloop
 endfacet
 facet normal -0.352751 0.935717 0
  outer loop
   vertex 0.667072 -0.149333 0
   vertex 0.666349 -0.149605 0
   vertex 0.667072 -0.149333 0.05
  endloop
 endfacet
 facet normal -0.400471 0.91631 0
  outer loop
   vertex 0.666349 -0.149605 0
   vertex 0.665641 -0.149914 0
   vertex 0.666349 -0.149605 0.05
  endloop
 endfacet
 facet normal -0.400471 0.91631 0
  outer loop
   vertex 0.666349 -0.149605 0.05
   vertex 0.665641 -0.149914 0
   vertex 0.665641 -0.149914 0.05
  endloop
 endfacet
 facet normal -0.447103 0.894482 0
  outer loop
   vertex 0.665641 -0.149914 0
   vertex 0.66495 -0.15026 0
   vertex 0.665641 -0.149914 0.05
  endloop
 endfacet
 facet normal -0.447103 0.894482 0
  outer loop
   vertex 0.665641 -0.149914 0.05
   vertex 0.66495 -0.15026 0
   vertex 0.66495 -0.15026 0.05
  endloop
 endfacet
 facet normal -0.492548 0.870285 0
  outer loop
   vertex 0.66495 -0.15026 0.05
   vertex 0.66495 -0.15026 0
   vertex 0.664278 -0.15064 0.05
  endloop
 endfacet
 facet normal -0.492548 0.870285 0
  outer loop
   vertex 0.66495 -0.15026 0
   vertex 0.664278 -0.15064 0
   vertex 0.664278 -0.15064 0.05
  endloop
 endfacet
 facet normal -0.53668 0.843786 0
  outer loop
   vertex 0.664278 -0.15064 0
   vertex 0.663626 -0.151055 0
   vertex 0.664278 -0.15064 0.05
  endloop
 endfacet
 facet normal -0.53668 0.843786 0
  outer loop
   vertex 0.664278 -0.15064 0.05
   vertex 0.663626 -0.151055 0
   vertex 0.663626 -0.151055 0.05
  endloop
 endfacet
 facet normal -0.579413 0.815034 0
  outer loop
   vertex 0.663626 -0.151055 0
   vertex 0.662997 -0.151502 0
   vertex 0.663626 -0.151055 0.05
  endloop
 endfacet
 facet normal -0.579413 0.815034 0
  outer loop
   vertex 0.663626 -0.151055 0.05
   vertex 0.662997 -0.151502 0
   vertex 0.662997 -0.151502 0.05
  endloop
 endfacet
 facet normal -0.620632 0.784102 0
  outer loop
   vertex 0.662997 -0.151502 0
   vertex 0.662391 -0.151982 0
   vertex 0.662997 -0.151502 0.05
  endloop
 endfacet
 facet normal -0.620632 0.784102 0
  outer loop
   vertex 0.662997 -0.151502 0.05
   vertex 0.662391 -0.151982 0
   vertex 0.662391 -0.151982 0.05
  endloop
 endfacet
 facet normal -0.660148 0.751136 0
  outer loop
   vertex 0.662391 -0.151982 0
   vertex 0.661811 -0.152492 0
   vertex 0.662391 -0.151982 0.05
  endloop
 endfacet
 facet normal -0.660148 0.751136 0
  outer loop
   vertex 0.662391 -0.151982 0.05
   vertex 0.661811 -0.152492 0
   vertex 0.661811 -0.152492 0.05
  endloop
 endfacet
 facet normal -0.697922 0.716174 0
  outer loop
   vertex 0.661811 -0.152492 0
   vertex 0.661258 -0.153031 0
   vertex 0.661811 -0.152492 0.05
  endloop
 endfacet
 facet normal -0.697922 0.716174 0
  outer loop
   vertex 0.661811 -0.152492 0.05
   vertex 0.661258 -0.153031 0
   vertex 0.661258 -0.153031 0.05
  endloop
 endfacet
 facet normal -0.733909 0.679248 0
  outer loop
   vertex 0.661258 -0.153031 0
   vertex 0.660733 -0.153598 0
   vertex 0.661258 -0.153031 0.05
  endloop
 endfacet
 facet normal -0.733909 0.679248 0
  outer loop
   vertex 0.661258 -0.153031 0.05
   vertex 0.660733 -0.153598 0
   vertex 0.660733 -0.153598 0.05
  endloop
 endfacet
 facet normal -0.767884 0.640588 0
  outer loop
   vertex 0.660733 -0.153598 0
   vertex 0.660238 -0.154191 0
   vertex 0.660733 -0.153598 0.05
  endloop
 endfacet
 facet normal -0.767884 0.640588 0
  outer loop
   vertex 0.660733 -0.153598 0.05
   vertex 0.660238 -0.154191 0
   vertex 0.660238 -0.154191 0.05
  endloop
 endfacet
 facet normal -0.799844 0.600209 0
  outer loop
   vertex 0.660238 -0.154191 0
   vertex 0.659775 -0.154809 0
   vertex 0.660238 -0.154191 0.05
  endloop
 endfacet
 facet normal -0.799844 0.600209 0
  outer loop
   vertex 0.660238 -0.154191 0.05
   vertex 0.659775 -0.154809 0
   vertex 0.659775 -0.154809 0.05
  endloop
 endfacet
 facet normal -0.829672 0.558251 0
  outer loop
   vertex 0.659775 -0.154809 0
   vertex 0.659343 -0.15545 0
   vertex 0.659775 -0.154809 0.05
  endloop
 endfacet
 facet normal -0.829672 0.558251 0
  outer loop
   vertex 0.659775 -0.154809 0.05
   vertex 0.659343 -0.15545 0
   vertex 0.659343 -0.15545 0.05
  endloop
 endfacet
 facet normal -0.857319 0.514786 0
  outer loop
   vertex 0.659343 -0.15545 0.05
   vertex 0.658946 -0.156112 0
   vertex 0.658946 -0.156112 0.05
  endloop
 endfacet
 facet normal -0.857319 0.514786 0
  outer loop
   vertex 0.659343 -0.15545 0
   vertex 0.658946 -0.156112 0
   vertex 0.659343 -0.15545 0.05
  endloop
 endfacet
 facet normal -0.882672 0.469989 0
  outer loop
   vertex 0.658946 -0.156112 0.05
   vertex 0.658583 -0.156794 0
   vertex 0.658583 -0.156794 0.05
  endloop
 endfacet
 facet normal -0.882672 0.469989 0
  outer loop
   vertex 0.658946 -0.156112 0
   vertex 0.658583 -0.156794 0
   vertex 0.658946 -0.156112 0.05
  endloop
 endfacet
 facet normal -0.9057 0.42392 0
  outer loop
   vertex 0.658583 -0.156794 0.05
   vertex 0.658255 -0.157493 0
   vertex 0.658255 -0.157493 0.05
  endloop
 endfacet
 facet normal -0.9057 0.42392 0
  outer loop
   vertex 0.658583 -0.156794 0
   vertex 0.658255 -0.157493 0
   vertex 0.658583 -0.156794 0.05
  endloop
 endfacet
 facet normal -0.926317 0.376745 0
  outer loop
   vertex 0.658255 -0.157493 0.05
   vertex 0.657964 -0.158209 0
   vertex 0.657964 -0.158209 0.05
  endloop
 endfacet
 facet normal -0.926317 0.376745 0
  outer loop
   vertex 0.658255 -0.157493 0
   vertex 0.657964 -0.158209 0
   vertex 0.658255 -0.157493 0.05
  endloop
 endfacet
 facet normal -0.944486 0.328551 0
  outer loop
   vertex 0.657964 -0.158209 0.05
   vertex 0.65771 -0.158938 0
   vertex 0.65771 -0.158938 0.05
  endloop
 endfacet
 facet normal -0.944486 0.328551 0
  outer loop
   vertex 0.657964 -0.158209 0
   vertex 0.65771 -0.158938 0
   vertex 0.657964 -0.158209 0.05
  endloop
 endfacet
 facet normal -0.960151 0.279482 0
  outer loop
   vertex 0.65771 -0.158938 0.05
   vertex 0.657495 -0.15968 0
   vertex 0.657495 -0.15968 0.05
  endloop
 endfacet
 facet normal -0.960151 0.279482 0
  outer loop
   vertex 0.65771 -0.158938 0
   vertex 0.657495 -0.15968 0
   vertex 0.65771 -0.158938 0.05
  endloop
 endfacet
 facet normal -0.973262 0.2297 0
  outer loop
   vertex 0.657495 -0.15968 0.05
   vertex 0.657317 -0.160432 0
   vertex 0.657317 -0.160432 0.05
  endloop
 endfacet
 facet normal -0.973262 0.2297 0
  outer loop
   vertex 0.657495 -0.15968 0
   vertex 0.657317 -0.160432 0
   vertex 0.657495 -0.15968 0.05
  endloop
 endfacet
 facet normal -0.98381 0.179212 0
  outer loop
   vertex 0.657317 -0.160432 0.05
   vertex 0.657179 -0.161192 0
   vertex 0.657179 -0.161192 0.05
  endloop
 endfacet
 facet normal -0.98381 0.179212 0
  outer loop
   vertex 0.657317 -0.160432 0
   vertex 0.657179 -0.161192 0
   vertex 0.657317 -0.160432 0.05
  endloop
 endfacet
 facet normal -0.991722 0.1284 0
  outer loop
   vertex 0.657179 -0.161192 0.05
   vertex 0.65708 -0.161958 0
   vertex 0.65708 -0.161958 0.05
  endloop
 endfacet
 facet normal -0.991722 0.1284 0
  outer loop
   vertex 0.657179 -0.161192 0
   vertex 0.65708 -0.161958 0
   vertex 0.657179 -0.161192 0.05
  endloop
 endfacet
 facet normal -0.997016 0.0771995 0
  outer loop
   vertex 0.65708 -0.161958 0.05
   vertex 0.65702 -0.162728 0
   vertex 0.65702 -0.162728 0.05
  endloop
 endfacet
 facet normal -0.997016 0.0771995 0
  outer loop
   vertex 0.65708 -0.161958 0
   vertex 0.65702 -0.162728 0
   vertex 0.65708 -0.161958 0.05
  endloop
 endfacet
 facet normal -0.999668 0.0257591 0
  outer loop
   vertex 0.65702 -0.162728 0.05
   vertex 0.657 -0.1635 0
   vertex 0.657 -0.1635 0.05
  endloop
 endfacet
 facet normal -0.999668 0.0257591 0
  outer loop
   vertex 0.65702 -0.162728 0
   vertex 0.657 -0.1635 0
   vertex 0.65702 -0.162728 0.05
  endloop
 endfacet
 facet normal -0.999668 -0.0257591 0
  outer loop
   vertex 0.657 -0.1635 0.05
   vertex 0.65702 -0.164272 0
   vertex 0.65702 -0.164272 0.05
  endloop
 endfacet
 facet normal -0.999668 -0.0257591 0
  outer loop
   vertex 0.657 -0.1635 0
   vertex 0.65702 -0.164272 0
   vertex 0.657 -0.1635 0.05
  endloop
 endfacet
 facet normal -0.997016 -0.0771995 0
  outer loop
   vertex 0.65702 -0.164272 0.05
   vertex 0.65708 -0.165042 0
   vertex 0.65708 -0.165042 0.05
  endloop
 endfacet
 facet normal -0.997016 -0.0771995 0
  outer loop
   vertex 0.65702 -0.164272 0
   vertex 0.65708 -0.165042 0
   vertex 0.65702 -0.164272 0.05
  endloop
 endfacet
 facet normal -0.991722 -0.1284 0
  outer loop
   vertex 0.65708 -0.165042 0
   vertex 0.657179 -0.165808 0
   vertex 0.65708 -0.165042 0.05
  endloop
 endfacet
 facet normal -0.991722 -0.1284 0
  outer loop
   vertex 0.65708 -0.165042 0.05
   vertex 0.657179 -0.165808 0
   vertex 0.657179 -0.165808 0.05
  endloop
 endfacet
 facet normal -0.98381 -0.179212 0
  outer loop
   vertex 0.657179 -0.165808 0
   vertex 0.657317 -0.166568 0
   vertex 0.657179 -0.165808 0.05
  endloop
 endfacet
 facet normal -0.98381 -0.179212 0
  outer loop
   vertex 0.657179 -0.165808 0.05
   vertex 0.657317 -0.166568 0
   vertex 0.657317 -0.166568 0.05
  endloop
 endfacet
 facet normal -0.973262 -0.2297 0
  outer loop
   vertex 0.657317 -0.166568 0
   vertex 0.657495 -0.16732 0
   vertex 0.657317 -0.166568 0.05
  endloop
 endfacet
 facet normal -0.973262 -0.2297 0
  outer loop
   vertex 0.657317 -0.166568 0.05
   vertex 0.657495 -0.16732 0
   vertex 0.657495 -0.16732 0.05
  endloop
 endfacet
 facet normal -0.960151 -0.279482 0
  outer loop
   vertex 0.657495 -0.16732 0
   vertex 0.65771 -0.168062 0
   vertex 0.657495 -0.16732 0.05
  endloop
 endfacet
 facet normal -0.960151 -0.279482 0
  outer loop
   vertex 0.657495 -0.16732 0.05
   vertex 0.65771 -0.168062 0
   vertex 0.65771 -0.168062 0.05
  endloop
 endfacet
 facet normal -0.944486 -0.328551 0
  outer loop
   vertex 0.65771 -0.168062 0
   vertex 0.657964 -0.168791 0
   vertex 0.65771 -0.168062 0.05
  endloop
 endfacet
 facet normal -0.944486 -0.328551 0
  outer loop
   vertex 0.65771 -0.168062 0.05
   vertex 0.657964 -0.168791 0
   vertex 0.657964 -0.168791 0.05
  endloop
 endfacet
 facet normal -0.926317 -0.376745 0
  outer loop
   vertex 0.657964 -0.168791 0
   vertex 0.658255 -0.169507 0
   vertex 0.657964 -0.168791 0.05
  endloop
 endfacet
 facet normal -0.926317 -0.376745 0
  outer loop
   vertex 0.657964 -0.168791 0.05
   vertex 0.658255 -0.169507 0
   vertex 0.658255 -0.169507 0.05
  endloop
 endfacet
 facet normal -0.9057 -0.42392 0
  outer loop
   vertex 0.658255 -0.169507 0
   vertex 0.658583 -0.170206 0
   vertex 0.658255 -0.169507 0.05
  endloop
 endfacet
 facet normal -0.9057 -0.42392 0
  outer loop
   vertex 0.658255 -0.169507 0.05
   vertex 0.658583 -0.170206 0
   vertex 0.658583 -0.170206 0.05
  endloop
 endfacet
 facet normal -0.882672 -0.469989 0
  outer loop
   vertex 0.658583 -0.170206 0
   vertex 0.658946 -0.170888 0
   vertex 0.658583 -0.170206 0.05
  endloop
 endfacet
 facet normal -0.882672 -0.469989 0
  outer loop
   vertex 0.658583 -0.170206 0.05
   vertex 0.658946 -0.170888 0
   vertex 0.658946 -0.170888 0.05
  endloop
 endfacet
 facet normal -0.857319 -0.514786 0
  outer loop
   vertex 0.658946 -0.170888 0
   vertex 0.659343 -0.17155 0
   vertex 0.658946 -0.170888 0.05
  endloop
 endfacet
 facet normal -0.857319 -0.514786 0
  outer loop
   vertex 0.658946 -0.170888 0.05
   vertex 0.659343 -0.17155 0
   vertex 0.659343 -0.17155 0.05
  endloop
 endfacet
 facet normal -0.829672 -0.558251 0
  outer loop
   vertex 0.659343 -0.17155 0
   vertex 0.659775 -0.172191 0
   vertex 0.659343 -0.17155 0.05
  endloop
 endfacet
 facet normal -0.829672 -0.558251 0
  outer loop
   vertex 0.659343 -0.17155 0.05
   vertex 0.659775 -0.172191 0
   vertex 0.659775 -0.172191 0.05
  endloop
 endfacet
 facet normal -0.799844 -0.600209 0
  outer loop
   vertex 0.659775 -0.172191 0
   vertex 0.660238 -0.172809 0
   vertex 0.659775 -0.172191 0.05
  endloop
 endfacet
 facet normal -0.799844 -0.600209 0
  outer loop
   vertex 0.659775 -0.172191 0.05
   vertex 0.660238 -0.172809 0
   vertex 0.660238 -0.172809 0.05
  endloop
 endfacet
 facet normal -0.767884 -0.640588 0
  outer loop
   vertex 0.660238 -0.172809 0
   vertex 0.660733 -0.173402 0
   vertex 0.660238 -0.172809 0.05
  endloop
 endfacet
 facet normal -0.767884 -0.640588 0
  outer loop
   vertex 0.660238 -0.172809 0.05
   vertex 0.660733 -0.173402 0
   vertex 0.660733 -0.173402 0.05
  endloop
 endfacet
 facet normal -0.733909 -0.679248 0
  outer loop
   vertex 0.660733 -0.173402 0
   vertex 0.661258 -0.173969 0
   vertex 0.660733 -0.173402 0.05
  endloop
 endfacet
 facet normal -0.733909 -0.679248 0
  outer loop
   vertex 0.660733 -0.173402 0.05
   vertex 0.661258 -0.173969 0
   vertex 0.661258 -0.173969 0.05
  endloop
 endfacet
 facet normal -0.697922 -0.716174 0
  outer loop
   vertex 0.661258 -0.173969 0
   vertex 0.661811 -0.174508 0
   vertex 0.661258 -0.173969 0.05
  endloop
 endfacet
 facet normal -0.697922 -0.716174 0
  outer loop
   vertex 0.661258 -0.173969 0.05
   vertex 0.661811 -0.174508 0
   vertex 0.661811 -0.174508 0.05
  endloop
 endfacet
 facet normal -0.660148 -0.751136 0
  outer loop
   vertex 0.661811 -0.174508 0
   vertex 0.662391 -0.175018 0
   vertex 0.661811 -0.174508 0.05
  endloop
 endfacet
 facet normal -0.660148 -0.751136 0
  outer loop
   vertex 0.661811 -0.174508 0.05
   vertex 0.662391 -0.175018 0
   vertex 0.662391 -0.175018 0.05
  endloop
 endfacet
 facet normal -0.620632 -0.784102 0
  outer loop
   vertex 0.662391 -0.175018 0
   vertex 0.662997 -0.175498 0
   vertex 0.662391 -0.175018 0.05
  endloop
 endfacet
 facet normal -0.620632 -0.784102 0
  outer loop
   vertex 0.662391 -0.175018 0.05
   vertex 0.662997 -0.175498 0
   vertex 0.662997 -0.175498 0.05
  endloop
 endfacet
 facet normal -0.579413 -0.815034 0
  outer loop
   vertex 0.662997 -0.175498 0
   vertex 0.663626 -0.175945 0
   vertex 0.662997 -0.175498 0.05
  endloop
 endfacet
 facet normal -0.579413 -0.815034 0
  outer loop
   vertex 0.662997 -0.175498 0.05
   vertex 0.663626 -0.175945 0
   vertex 0.663626 -0.175945 0.05
  endloop
 endfacet
 facet normal -0.53668 -0.843786 0
  outer loop
   vertex 0.663626 -0.175945 0
   vertex 0.664278 -0.17636 0
   vertex 0.663626 -0.175945 0.05
  endloop
 endfacet
 facet normal -0.53668 -0.843786 0
  outer loop
   vertex 0.663626 -0.175945 0.05
   vertex 0.664278 -0.17636 0
   vertex 0.664278 -0.17636 0.05
  endloop
 endfacet
 facet normal -0.492548 -0.870285 0
  outer loop
   vertex 0.664278 -0.17636 0
   vertex 0.66495 -0.17674 0
   vertex 0.664278 -0.17636 0.05
  endloop
 endfacet
 facet normal -0.492548 -0.870285 0
  outer loop
   vertex 0.664278 -0.17636 0.05
   vertex 0.66495 -0.17674 0
   vertex 0.66495 -0.17674 0.05
  endloop
 endfacet
 facet normal -0.447103 -0.894482 0
  outer loop
   vertex 0.66495 -0.17674 0
   vertex 0.665641 -0.177086 0
   vertex 0.66495 -0.17674 0.05
  endloop
 endfacet
 facet normal -0.447103 -0.894482 0
  outer loop
   vertex 0.66495 -0.17674 0.05
   vertex 0.665641 -0.177086 0
   vertex 0.665641 -0.177086 0.05
  endloop
 endfacet
 facet normal -0.400471 -0.91631 0
  outer loop
   vertex 0.665641 -0.177086 0
   vertex 0.666349 -0.177395 0
   vertex 0.665641 -0.177086 0.05
  endloop
 endfacet
 facet normal -0.400471 -0.91631 0
  outer loop
   vertex 0.665641 -0.177086 0.05
   vertex 0.666349 -0.177395 0
   vertex 0.666349 -0.177395 0.05
  endloop
 endfacet
 facet normal -0.352751 -0.935717 0
  outer loop
   vertex 0.666349 -0.177395 0.05
   vertex 0.667072 -0.177667 0
   vertex 0.667072 -0.177667 0.05
  endloop
 endfacet
 facet normal -0.352751 -0.935717 0
  outer loop
   vertex 0.666349 -0.177395 0
   vertex 0.667072 -0.177667 0
   vertex 0.666349 -0.177395 0.05
  endloop
 endfacet
 facet normal -0.304095 -0.952642 0
  outer loop
   vertex 0.667072 -0.177667 0.05
   vertex 0.667808 -0.177902 0
   vertex 0.667808 -0.177902 0.05
  endloop
 endfacet
 facet normal -0.304095 -0.952642 0
  outer loop
   vertex 0.667072 -0.177667 0
   vertex 0.667808 -0.177902 0
   vertex 0.667072 -0.177667 0.05
  endloop
 endfacet
 facet normal -0.254676 -0.967026 0
  outer loop
   vertex 0.667808 -0.177902 0.05
   vertex 0.668555 -0.178099 0
   vertex 0.668555 -0.178099 0.05
  endloop
 endfacet
 facet normal -0.254676 -0.967026 0
  outer loop
   vertex 0.667808 -0.177902 0
   vertex 0.668555 -0.178099 0
   vertex 0.667808 -0.177902 0.05
  endloop
 endfacet
 facet normal -0.204554 -0.978855 0
  outer loop
   vertex 0.668555 -0.178099 0.05
   vertex 0.669311 -0.178257 0
   vertex 0.669311 -0.178257 0.05
  endloop
 endfacet
 facet normal -0.204554 -0.978855 0
  outer loop
   vertex 0.668555 -0.178099 0
   vertex 0.669311 -0.178257 0
   vertex 0.668555 -0.178099 0.05
  endloop
 endfacet
 facet normal -0.153883 -0.988089 0
  outer loop
   vertex 0.669311 -0.178257 0
   vertex 0.670074 -0.178376 0
   vertex 0.669311 -0.178257 0.05
  endloop
 endfacet
 facet normal -0.153883 -0.988089 0
  outer loop
   vertex 0.669311 -0.178257 0.05
   vertex 0.670074 -0.178376 0
   vertex 0.670074 -0.178376 0.05
  endloop
 endfacet
 facet normal -0.102824 -0.9947 0
  outer loop
   vertex 0.670074 -0.178376 0
   vertex 0.670842 -0.178455 0
   vertex 0.670074 -0.178376 0.05
  endloop
 endfacet
 facet normal -0.102824 -0.9947 0
  outer loop
   vertex 0.670074 -0.178376 0.05
   vertex 0.670842 -0.178455 0
   vertex 0.670842 -0.178455 0.05
  endloop
 endfacet
 facet normal -0.0514785 -0.998674 0
  outer loop
   vertex 0.670842 -0.178455 0
   vertex 0.671614 -0.178495 0
   vertex 0.670842 -0.178455 0.05
  endloop
 endfacet
 facet normal -0.0514785 -0.998674 0
  outer loop
   vertex 0.670842 -0.178455 0.05
   vertex 0.671614 -0.178495 0
   vertex 0.671614 -0.178495 0.05
  endloop
 endfacet
 facet normal 0 -1 0
  outer loop
   vertex 0.671614 -0.178495 0
   vertex 0.672386 -0.178495 0
   vertex 0.671614 -0.178495 0.05
  endloop
 endfacet
 facet normal 0 -1 0
  outer loop
   vertex 0.671614 -0.178495 0.05
   vertex 0.672386 -0.178495 0
   vertex 0.672386 -0.178495 0.05
  endloop
 endfacet
 facet normal 0.0514785 -0.998674 0
  outer loop
   vertex 0.672386 -0.178495 0
   vertex 0.673158 -0.178455 0
   vertex 0.672386 -0.178495 0.05
  endloop
 endfacet
 facet normal 0.0514785 -0.998674 0
  outer loop
   vertex 0.672386 -0.178495 0.05
   vertex 0.673158 -0.178455 0
   vertex 0.673158 -0.178455 0.05
  endloop
 endfacet
 facet normal 0.102824 -0.9947 0
  outer loop
   vertex 0.673158 -0.178455 0
   vertex 0.673926 -0.178376 0
   vertex 0.673158 -0.178455 0.05
  endloop
 endfacet
 facet normal 0.102824 -0.9947 0
  outer loop
   vertex 0.673158 -0.178455 0.05
   vertex 0.673926 -0.178376 0
   vertex 0.673926 -0.178376 0.05
  endloop
 endfacet
 facet normal 0.153883 -0.988089 0
  outer loop
   vertex 0.673926 -0.178376 0.05
   vertex 0.673926 -0.178376 0
   vertex 0.674689 -0.178257 0.05
  endloop
 endfacet
 facet normal 0.153883 -0.988089 0
  outer loop
   vertex 0.673926 -0.178376 0
   vertex 0.674689 -0.178257 0
   vertex 0.674689 -0.178257 0.05
  endloop
 endfacet
 facet normal 0.204554 -0.978855 0
  outer loop
   vertex 0.674689 -0.178257 0
   vertex 0.675445 -0.178099 0
   vertex 0.674689 -0.178257 0.05
  endloop
 endfacet
 facet normal 0.204554 -0.978855 0
  outer loop
   vertex 0.674689 -0.178257 0.05
   vertex 0.675445 -0.178099 0
   vertex 0.675445 -0.178099 0.05
  endloop
 endfacet
 facet normal 0.254676 -0.967026 0
  outer loop
   vertex 0.675445 -0.178099 0
   vertex 0.676192 -0.177902 0
   vertex 0.675445 -0.178099 0.05
  endloop
 endfacet
 facet normal 0.254676 -0.967026 0
  outer loop
   vertex 0.675445 -0.178099 0.05
   vertex 0.676192 -0.177902 0
   vertex 0.676192 -0.177902 0.05
  endloop
 endfacet
 facet normal 0.304095 -0.952642 0
  outer loop
   vertex 0.676192 -0.177902 0
   vertex 0.676928 -0.177667 0
   vertex 0.676192 -0.177902 0.05
  endloop
 endfacet
 facet normal 0.304095 -0.952642 0
  outer loop
   vertex 0.676192 -0.177902 0.05
   vertex 0.676928 -0.177667 0
   vertex 0.676928 -0.177667 0.05
  endloop
 endfacet
 facet normal 0.352751 -0.935717 0
  outer loop
   vertex 0.676928 -0.177667 0
   vertex 0.677651 -0.177395 0
   vertex 0.676928 -0.177667 0.05
  endloop
 endfacet
 facet normal 0.352751 -0.935717 0
  outer loop
   vertex 0.676928 -0.177667 0.05
   vertex 0.677651 -0.177395 0
   vertex 0.677651 -0.177395 0.05
  endloop
 endfacet
 facet normal 0.400471 -0.91631 0
  outer loop
   vertex 0.677651 -0.177395 0.05
   vertex 0.678359 -0.177086 0
   vertex 0.678359 -0.177086 0.05
  endloop
 endfacet
 facet normal 0.400471 -0.91631 0
  outer loop
   vertex 0.677651 -0.177395 0
   vertex 0.678359 -0.177086 0
   vertex 0.677651 -0.177395 0.05
  endloop
 endfacet
 facet normal 0.447103 -0.894482 0
  outer loop
   vertex 0.678359 -0.177086 0.05
   vertex 0.67905 -0.17674 0
   vertex 0.67905 -0.17674 0.05
  endloop
 endfacet
 facet normal 0.447103 -0.894482 0
  outer loop
   vertex 0.678359 -0.177086 0
   vertex 0.67905 -0.17674 0
   vertex 0.678359 -0.177086 0.05
  endloop
 endfacet
 facet normal 0.492548 -0.870285 0
  outer loop
   vertex 0.67905 -0.17674 0.05
   vertex 0.679722 -0.17636 0
   vertex 0.679722 -0.17636 0.05
  endloop
 endfacet
 facet normal 0.492548 -0.870285 0
  outer loop
   vertex 0.67905 -0.17674 0
   vertex 0.679722 -0.17636 0
   vertex 0.67905 -0.17674 0.05
  endloop
 endfacet
 facet normal 0.53668 -0.843786 0
  outer loop
   vertex 0.679722 -0.17636 0.05
   vertex 0.680374 -0.175945 0
   vertex 0.680374 -0.175945 0.05
  endloop
 endfacet
 facet normal 0.53668 -0.843786 0
  outer loop
   vertex 0.679722 -0.17636 0
   vertex 0.680374 -0.175945 0
   vertex 0.679722 -0.17636 0.05
  endloop
 endfacet
 facet normal 0.579413 -0.815034 0
  outer loop
   vertex 0.680374 -0.175945 0.05
   vertex 0.681003 -0.175498 0
   vertex 0.681003 -0.175498 0.05
  endloop
 endfacet
 facet normal 0.579413 -0.815034 0
  outer loop
   vertex 0.680374 -0.175945 0
   vertex 0.681003 -0.175498 0
   vertex 0.680374 -0.175945 0.05
  endloop
 endfacet
 facet normal 0.620632 -0.784102 0
  outer loop
   vertex 0.681003 -0.175498 0.05
   vertex 0.681609 -0.175018 0
   vertex 0.681609 -0.175018 0.05
  endloop
 endfacet
 facet normal 0.620632 -0.784102 0
  outer loop
   vertex 0.681003 -0.175498 0
   vertex 0.681609 -0.175018 0
   vertex 0.681003 -0.175498 0.05
  endloop
 endfacet
 facet normal 0.660148 -0.751136 0
  outer loop
   vertex 0.681609 -0.175018 0.05
   vertex 0.682189 -0.174508 0
   vertex 0.682189 -0.174508 0.05
  endloop
 endfacet
 facet normal 0.660148 -0.751136 0
  outer loop
   vertex 0.681609 -0.175018 0
   vertex 0.682189 -0.174508 0
   vertex 0.681609 -0.175018 0.05
  endloop
 endfacet
 facet normal 0.697922 -0.716174 0
  outer loop
   vertex 0.682189 -0.174508 0.05
   vertex 0.682742 -0.173969 0
   vertex 0.682742 -0.173969 0.05
  endloop
 endfacet
 facet normal 0.697922 -0.716174 0
  outer loop
   vertex 0.682189 -0.174508 0
   vertex 0.682742 -0.173969 0
   vertex 0.682189 -0.174508 0.05
  endloop
 endfacet
 facet normal 0.733909 -0.679248 0
  outer loop
   vertex 0.682742 -0.173969 0.05
   vertex 0.683267 -0.173402 0
   vertex 0.683267 -0.173402 0.05
  endloop
 endfacet
 facet normal 0.733909 -0.679248 0
  outer loop
   vertex 0.682742 -0.173969 0
   vertex 0.683267 -0.173402 0
   vertex 0.682742 -0.173969 0.05
  endloop
 endfacet
 facet normal 0.767884 -0.640588 0
  outer loop
   vertex 0.683267 -0.173402 0.05
   vertex 0.683762 -0.172809 0
   vertex 0.683762 -0.172809 0.05
  endloop
 endfacet
 facet normal 0.767884 -0.640588 0
  outer loop
   vertex 0.683267 -0.173402 0
   vertex 0.683762 -0.172809 0
   vertex 0.683267 -0.173402 0.05
  endloop
 endfacet
 facet normal 0.799844 -0.600209 0
  outer loop
   vertex 0.683762 -0.172809 0.05
   vertex 0.684225 -0.172191 0
   vertex 0.684225 -0.172191 0.05
  endloop
 endfacet
 facet normal 0.799844 -0.600209 0
  outer loop
   vertex 0.683762 -0.172809 0
   vertex 0.684225 -0.172191 0
   vertex 0.683762 -0.172809 0.05
  endloop
 endfacet
 facet normal 0.829672 -0.558251 0
  outer loop
   vertex 0.684225 -0.172191 0.05
   vertex 0.684657 -0.17155 0
   vertex 0.684657 -0.17155 0.05
  endloop
 endfacet
 facet normal 0.857319 -0.514786 0
  outer loop
   vertex 0.684657 -0.17155 0.05
   vertex 0.684657 -0.17155 0
   vertex 0.685054 -0.170888 0.05
  endloop
 endfacet
 facet normal 0.829672 -0.558251 0
  outer loop
   vertex 0.684225 -0.172191 0
   vertex 0.684657 -0.17155 0
   vertex 0.684225 -0.172191 0.05
  endloop
 endfacet
 facet normal 0.882672 -0.469989 0
  outer loop
   vertex 0.685054 -0.170888 0.05
   vertex 0.685054 -0.170888 0
   vertex 0.685417 -0.170206 0.05
  endloop
 endfacet
 facet normal 0.857319 -0.514786 0
  outer loop
   vertex 0.684657 -0.17155 0
   vertex 0.685054 -0.170888 0
   vertex 0.685054 -0.170888 0.05
  endloop
 endfacet
 facet normal 0.9057 -0.42392 0
  outer loop
   vertex 0.685417 -0.170206 0.05
   vertex 0.685417 -0.170206 0
   vertex 0.685745 -0.169507 0.05
  endloop
 endfacet
 facet normal 0.882672 -0.469989 0
  outer loop
   vertex 0.685054 -0.170888 0
   vertex 0.685417 -0.170206 0
   vertex 0.685417 -0.170206 0.05
  endloop
 endfacet
 facet normal 0.9057 -0.42392 0
  outer loop
   vertex 0.685417 -0.170206 0
   vertex 0.685745 -0.169507 0
   vertex 0.685745 -0.169507 0.05
  endloop
 endfacet
 facet normal 0.926317 -0.376745 0
  outer loop
   vertex 0.685745 -0.169507 0
   vertex 0.686036 -0.168791 0
   vertex 0.685745 -0.169507 0.05
  endloop
 endfacet
 facet normal 0.926317 -0.376745 0
  outer loop
   vertex 0.685745 -0.169507 0.05
   vertex 0.686036 -0.168791 0
   vertex 0.686036 -0.168791 0.05
  endloop
 endfacet
 facet normal 0.944486 -0.328551 0
  outer loop
   vertex 0.686036 -0.168791 0
   vertex 0.68629 -0.168062 0
   vertex 0.686036 -0.168791 0.05
  endloop
 endfacet
 facet normal 0.944486 -0.328551 0
  outer loop
   vertex 0.686036 -0.168791 0.05
   vertex 0.68629 -0.168062 0
   vertex 0.68629 -0.168062 0.05
  endloop
 endfacet
 facet normal 0.960151 -0.279482 0
  outer loop
   vertex 0.68629 -0.168062 0
   vertex 0.686505 -0.16732 0
   vertex 0.68629 -0.168062 0.05
  endloop
 endfacet
 facet normal 0.960151 -0.279482 0
  outer loop
   vertex 0.68629 -0.168062 0.05
   vertex 0.686505 -0.16732 0
   vertex 0.686505 -0.16732 0.05
  endloop
 endfacet
 facet normal 0.973262 -0.2297 0
  outer loop
   vertex 0.686505 -0.16732 0.05
   vertex 0.686505 -0.16732 0
   vertex 0.686683 -0.166568 0.05
  endloop
 endfacet
 facet normal 0.973262 -0.2297 0
  outer loop
   vertex 0.686505 -0.16732 0
   vertex 0.686683 -0.166568 0
   vertex 0.686683 -0.166568 0.05
  endloop
 endfacet
 facet normal 0.98381 -0.179212 0
  outer loop
   vertex 0.686683 -0.166568 0
   vertex 0.686821 -0.165808 0
   vertex 0.686683 -0.166568 0.05
  endloop
 endfacet
 facet normal 0.98381 -0.179212 0
  outer loop
   vertex 0.686683 -0.166568 0.05
   vertex 0.686821 -0.165808 0
   vertex 0.686821 -0.165808 0.05
  endloop
 endfacet
 facet normal 0.991722 -0.1284 0
  outer loop
   vertex 0.686821 -0.165808 0.05
   vertex 0.686821 -0.165808 0
   vertex 0.68692 -0.165042 0.05
  endloop
 endfacet
 facet normal 0.991722 -0.1284 0
  outer loop
   vertex 0.686821 -0.165808 0
   vertex 0.68692 -0.165042 0
   vertex 0.68692 -0.165042 0.05
  endloop
 endfacet
 facet normal 0.997016 -0.0771995 0
  outer loop
   vertex 0.68692 -0.165042 0.05
   vertex 0.68698 -0.164272 0
   vertex 0.68698 -0.164272 0.05
  endloop
 endfacet
 facet normal 0.997016 -0.0771995 0
  outer loop
   vertex 0.68692 -0.165042 0
   vertex 0.68698 -0.164272 0
   vertex 0.68692 -0.165042 0.05
  endloop
 endfacet
 facet normal 0.999668 -0.0257591 0
  outer loop
   vertex 0.68698 -0.164272 0.05
   vertex 0.687 -0.1635 0
   vertex 0.687 -0.1635 0.05
  endloop
 endfacet
 facet normal 0.999668 -0.0257591 0
  outer loop
   vertex 0.68698 -0.164272 0
   vertex 0.687 -0.1635 0
   vertex 0.68698 -0.164272 0.05
  endloop
 endfacet
 facet normal 0 0 -1
  outer loop
   vertex 0.661258 -0.173969 0
   vertex 0.662391 -0.175018 0
   vertex 0.661811 -0.174508 0
  endloop
 endfacet
 facet normal 0 0 -1
  outer loop
   vertex 0.661258 -0.173969 0
   vertex 0.660238 -0.172809 0
   vertex 0.662391 -0.175018 0
  endloop
 endfacet
 facet normal 0 0 -1
  outer loop
   vertex 0.660733 -0.173402 0
   vertex 0.660238 -0.172809 0
   vertex 0.661258 -0.173969 0
  endloop
 endfacet
 facet normal 0 0 -1
  outer loop
   vertex 0.662391 -0.175018 0
   vertex 0.663626 -0.175945 0
   vertex 0.662997 -0.175498 0
  endloop
 endfacet
 facet normal 0 0 -1
  outer loop
   vertex 0.659775 -0.172191 0
   vertex 0.659343 -0.17155 0
   vertex 0.660238 -0.172809 0
  endloop
 endfacet
 facet normal 0 0 -1
  outer loop
   vertex 0.662391 -0.175018 0
   vertex 0.66495 -0.17674 0
   vertex 0.663626 -0.175945 0
  endloop
 endfacet
 facet normal 0 0 -1
  outer loop
   vertex 0.663626 -0.175945 0
   vertex 0.66495 -0.17674 0
   vertex 0.664278 -0.17636 0
  endloop
 endfacet
 facet normal 0 0 -1
  outer loop
   vertex 0.662391 -0.175018 0
   vertex 0.665641 -0.177086 0
   vertex 0.66495 -0.17674 0
  endloop
 endfacet
 facet normal 0 0 -1
  outer loop
   vertex 0.660238 -0.172809 0
   vertex 0.657964 -0.168791 0
   vertex 0.662391 -0.175018 0
  endloop
 endfacet
 facet normal 0 0 -1
  outer loop
   vertex 0.659343 -0.17155 0
   vertex 0.657964 -0.168791 0
   vertex 0.660238 -0.172809 0
  endloop
 endfacet
 facet normal 0 0 -1
  outer loop
   vertex 0.658255 -0.169507 0
   vertex 0.657964 -0.168791 0
   vertex 0.658583 -0.170206 0
  endloop
 endfacet
 facet normal 0 0 -1
  outer loop
   vertex 0.658583 -0.170206 0
   vertex 0.657964 -0.168791 0
   vertex 0.658946 -0.170888 0
  endloop
 endfacet
 facet normal 0 0 -1
  outer loop
   vertex 0.658946 -0.170888 0
   vertex 0.657964 -0.168791 0
   vertex 0.659343 -0.17155 0
  endloop
 endfacet
 facet normal 0 0 -1
  outer loop
   vertex 0.666349 -0.177395 0
   vertex 0.667808 -0.177902 0
   vertex 0.667072 -0.177667 0
  endloop
 endfacet
 facet normal 0 0 -1
  outer loop
   vertex 0.65771 -0.168062 0
   vertex 0.657495 -0.16732 0
   vertex 0.657964 -0.168791 0
  endloop
 endfacet
 facet normal 0 0 -1
  outer loop
   vertex 0.662391 -0.175018 0
   vertex 0.668555 -0.178099 0
   vertex 0.665641 -0.177086 0
  endloop
 endfacet
 facet normal 0 0 -1
  outer loop
   vertex 0.666349 -0.177395 0
   vertex 0.668555 -0.178099 0
   vertex 0.667808 -0.177902 0
  endloop
 endfacet
 facet normal 0 0 -1
  outer loop
   vertex 0.665641 -0.177086 0
   vertex 0.668555 -0.178099 0
   vertex 0.666349 -0.177395 0
  endloop
 endfacet
 facet normal 0 0 -1
  outer loop
   vertex 0.657317 -0.166568 0
   vertex 0.657179 -0.165808 0
   vertex 0.657495 -0.16732 0
  endloop
 endfacet
 facet normal 0 0 -1
  outer loop
   vertex 0.668555 -0.178099 0
   vertex 0.670074 -0.178376 0
   vertex 0.669311 -0.178257 0
  endloop
 endfacet
 facet normal 0 0 -1
  outer loop
   vertex 0.65708 -0.165042 0
   vertex 0.65702 -0.164272 0
   vertex 0.657179 -0.165808 0
  endloop
 endfacet
 facet normal 0 0 -1
  outer loop
   vertex 0.65702 -0.164272 0
   vertex 0.657 -0.1635 0
   vertex 0.657179 -0.165808 0
  endloop
 endfacet
 facet normal 0 0 -1
  outer loop
   vertex 0.670074 -0.178376 0
   vertex 0.672386 -0.178495 0
   vertex 0.670842 -0.178455 0
  endloop
 endfacet
 facet normal 0 0 -1
  outer loop
   vertex 0.670842 -0.178455 0
   vertex 0.672386 -0.178495 0
   vertex 0.671614 -0.178495 0
  endloop
 endfacet
 facet normal 0 0 -1
  outer loop
   vertex 0.657495 -0.16732 0
   vertex 0.65708 -0.161958 0
   vertex 0.657964 -0.168791 0
  endloop
 endfacet
 facet normal 0 -0 -1
  outer loop
   vertex 0.65702 -0.162728 0
   vertex 0.65708 -0.161958 0
   vertex 0.657 -0.1635 0
  endloop
 endfacet
 facet normal 0 0 -1
  outer loop
   vertex 0.657179 -0.165808 0
   vertex 0.65708 -0.161958 0
   vertex 0.657495 -0.16732 0
  endloop
 endfacet
 facet normal 0 0 -1
  outer loop
   vertex 0.657 -0.1635 0
   vertex 0.65708 -0.161958 0
   vertex 0.657179 -0.165808 0
  endloop
 endfacet
 facet normal 0 0 -1
  outer loop
   vertex 0.668555 -0.178099 0
   vertex 0.673926 -0.178376 0
   vertex 0.670074 -0.178376 0
  endloop
 endfacet
 facet normal 0 0 -1
  outer loop
   vertex 0.670074 -0.178376 0
   vertex 0.673926 -0.178376 0
   vertex 0.672386 -0.178495 0
  endloop
 endfacet
 facet normal 0 0 -1
  outer loop
   vertex 0.672386 -0.178495 0
   vertex 0.673926 -0.178376 0
   vertex 0.673158 -0.178455 0
  endloop
 endfacet
 facet normal 0 -0 -1
  outer loop
   vertex 0.657179 -0.161192 0
   vertex 0.657317 -0.160432 0
   vertex 0.65708 -0.161958 0
  endloop
 endfacet
 facet normal 0 -0 -1
  outer loop
   vertex 0.657317 -0.160432 0
   vertex 0.65771 -0.158938 0
   vertex 0.65708 -0.161958 0
  endloop
 endfacet
 facet normal 0 -0 -1
  outer loop
   vertex 0.657495 -0.15968 0
   vertex 0.65771 -0.158938 0
   vertex 0.657317 -0.160432 0
  endloop
 endfacet
 facet normal 0 0 -1
  outer loop
   vertex 0.673926 -0.178376 0
   vertex 0.676928 -0.177667 0
   vertex 0.674689 -0.178257 0
  endloop
 endfacet
 facet normal 0 0 -1
  outer loop
   vertex 0.674689 -0.178257 0
   vertex 0.676928 -0.177667 0
   vertex 0.675445 -0.178099 0
  endloop
 endfacet
 facet normal 0 0 -1
  outer loop
   vertex 0.675445 -0.178099 0
   vertex 0.676928 -0.177667 0
   vertex 0.676192 -0.177902 0
  endloop
 endfacet
 facet normal 0 -0 -1
  outer loop
   vertex 0.65771 -0.158938 0
   vertex 0.658255 -0.157493 0
   vertex 0.65708 -0.161958 0
  endloop
 endfacet
 facet normal 0 -0 -1
  outer loop
   vertex 0.657964 -0.158209 0
   vertex 0.658255 -0.157493 0
   vertex 0.65771 -0.158938 0
  endloop
 endfacet
 facet normal 0 0 -1
  outer loop
   vertex 0.676928 -0.177667 0
   vertex 0.678359 -0.177086 0
   vertex 0.677651 -0.177395 0
  endloop
 endfacet
 facet normal 0 -0 -1
  outer loop
   vertex 0.658255 -0.157493 0
   vertex 0.658946 -0.156112 0
   vertex 0.65708 -0.161958 0
  endloop
 endfacet
 facet normal 0 -0 -1
  outer loop
   vertex 0.658583 -0.156794 0
   vertex 0.658946 -0.156112 0
   vertex 0.658255 -0.157493 0
  endloop
 endfacet
 facet normal 0 0 -1
  outer loop
   vertex 0.678359 -0.177086 0
   vertex 0.679722 -0.17636 0
   vertex 0.67905 -0.17674 0
  endloop
 endfacet
 facet normal 0 0 -1
  outer loop
   vertex 0.676928 -0.177667 0
   vertex 0.679722 -0.17636 0
   vertex 0.678359 -0.177086 0
  endloop
 endfacet
 facet normal 0 0 -1
  outer loop
   vertex 0.679722 -0.17636 0
   vertex 0.681003 -0.175498 0
   vertex 0.680374 -0.175945 0
  endloop
 endfacet
 facet normal 0 -0 -1
  outer loop
   vertex 0.659775 -0.154809 0
   vertex 0.660238 -0.154191 0
   vertex 0.659343 -0.15545 0
  endloop
 endfacet
 facet normal 0 -0 -1
  outer loop
   vertex 0.659343 -0.15545 0
   vertex 0.660238 -0.154191 0
   vertex 0.658946 -0.156112 0
  endloop
 endfacet
 facet normal 0 -0 -1
  outer loop
   vertex 0.658946 -0.156112 0
   vertex 0.660238 -0.154191 0
   vertex 0.65708 -0.161958 0
  endloop
 endfacet
 facet normal 0 0 -1
  outer loop
   vertex 0.676928 -0.177667 0
   vertex 0.681609 -0.175018 0
   vertex 0.679722 -0.17636 0
  endloop
 endfacet
 facet normal 0 0 -1
  outer loop
   vertex 0.679722 -0.17636 0
   vertex 0.681609 -0.175018 0
   vertex 0.681003 -0.175498 0
  endloop
 endfacet
 facet normal 0 -0 -1
  outer loop
   vertex 0.660733 -0.153598 0
   vertex 0.661258 -0.153031 0
   vertex 0.660238 -0.154191 0
  endloop
 endfacet
 facet normal 0 -0 -1
  outer loop
   vertex 0.661258 -0.153031 0
   vertex 0.661811 -0.152492 0
   vertex 0.660238 -0.154191 0
  endloop
 endfacet
 facet normal 0 -0 -1
  outer loop
   vertex 0.660238 -0.154191 0
   vertex 0.661811 -0.152492 0
   vertex 0.65708 -0.161958 0
  endloop
 endfacet
 facet normal 0 -0 -1
  outer loop
   vertex 0.662391 -0.151982 0
   vertex 0.662997 -0.151502 0
   vertex 0.661811 -0.152492 0
  endloop
 endfacet
 facet normal 0 -0 -1
  outer loop
   vertex 0.662997 -0.151502 0
   vertex 0.663626 -0.151055 0
   vertex 0.661811 -0.152492 0
  endloop
 endfacet
 facet normal 0 -0 -1
  outer loop
   vertex 0.661811 -0.152492 0
   vertex 0.663626 -0.151055 0
   vertex 0.65708 -0.161958 0
  endloop
 endfacet
 facet normal 0 0 -1
  outer loop
   vertex 0.65708 -0.161958 0
   vertex 0.663626 -0.151055 0
   vertex 0.657964 -0.168791 0
  endloop
 endfacet
 facet normal 0 0 -1
  outer loop
   vertex 0.681609 -0.175018 0
   vertex 0.684657 -0.17155 0
   vertex 0.682189 -0.174508 0
  endloop
 endfacet
 facet normal 0 0 -1
  outer loop
   vertex 0.682189 -0.174508 0
   vertex 0.684657 -0.17155 0
   vertex 0.682742 -0.173969 0
  endloop
 endfacet
 facet normal 0 0 -1
  outer loop
   vertex 0.682742 -0.173969 0
   vertex 0.684657 -0.17155 0
   vertex 0.683267 -0.173402 0
  endloop
 endfacet
 facet normal 0 0 -1
  outer loop
   vertex 0.683267 -0.173402 0
   vertex 0.684657 -0.17155 0
   vertex 0.683762 -0.172809 0
  endloop
 endfacet
 facet normal 0 0 -1
  outer loop
   vertex 0.683762 -0.172809 0
   vertex 0.684657 -0.17155 0
   vertex 0.684225 -0.172191 0
  endloop
 endfacet
 facet normal 0 0 -1
  outer loop
   vertex 0.681609 -0.175018 0
   vertex 0.685054 -0.170888 0
   vertex 0.684657 -0.17155 0
  endloop
 endfacet
 facet normal 0 0 -1
  outer loop
   vertex 0.685054 -0.170888 0
   vertex 0.685745 -0.169507 0
   vertex 0.685417 -0.170206 0
  endloop
 endfacet
 facet normal 0 -0 -1
  outer loop
   vertex 0.665641 -0.149914 0
   vertex 0.666349 -0.149605 0
   vertex 0.66495 -0.15026 0
  endloop
 endfacet
 facet normal 0 0 -1
  outer loop
   vertex 0.676928 -0.177667 0
   vertex 0.686036 -0.168791 0
   vertex 0.681609 -0.175018 0
  endloop
 endfacet
 facet normal 0 0 -1
  outer loop
   vertex 0.681609 -0.175018 0
   vertex 0.686036 -0.168791 0
   vertex 0.685054 -0.170888 0
  endloop
 endfacet
 facet normal 0 0 -1
  outer loop
   vertex 0.685054 -0.170888 0
   vertex 0.686036 -0.168791 0
   vertex 0.685745 -0.169507 0
  endloop
 endfacet
 facet normal 0 -0 -1
  outer loop
   vertex 0.66495 -0.15026 0
   vertex 0.667072 -0.149333 0
   vertex 0.664278 -0.15064 0
  endloop
 endfacet
 facet normal 0 -0 -1
  outer loop
   vertex 0.664278 -0.15064 0
   vertex 0.667072 -0.149333 0
   vertex 0.663626 -0.151055 0
  endloop
 endfacet
 facet normal 0 -0 -1
  outer loop
   vertex 0.663626 -0.151055 0
   vertex 0.667072 -0.149333 0
   vertex 0.657964 -0.168791 0
  endloop
 endfacet
 facet normal 0 0 -1
  outer loop
   vertex 0.657964 -0.168791 0
   vertex 0.667072 -0.149333 0
   vertex 0.662391 -0.175018 0
  endloop
 endfacet
 facet normal 0 -0 -1
  outer loop
   vertex 0.666349 -0.149605 0
   vertex 0.667072 -0.149333 0
   vertex 0.66495 -0.15026 0
  endloop
 endfacet
 facet normal 0 -0 -1
  outer loop
   vertex 0.667808 -0.149098 0
   vertex 0.668555 -0.148901 0
   vertex 0.667072 -0.149333 0
  endloop
 endfacet
 facet normal 0 0 -1
  outer loop
   vertex 0.662391 -0.175018 0
   vertex 0.668555 -0.148901 0
   vertex 0.668555 -0.178099 0
  endloop
 endfacet
 facet normal 0 -0 -1
  outer loop
   vertex 0.667072 -0.149333 0
   vertex 0.668555 -0.148901 0
   vertex 0.662391 -0.175018 0
  endloop
 endfacet
 facet normal 0 0 -1
  outer loop
   vertex 0.668555 -0.178099 0
   vertex 0.668555 -0.148901 0
   vertex 0.673926 -0.178376 0
  endloop
 endfacet
 facet normal 0 -0 -1
  outer loop
   vertex 0.669311 -0.148743 0
   vertex 0.670074 -0.148624 0
   vertex 0.668555 -0.148901 0
  endloop
 endfacet
 facet normal 0 0 -1
  outer loop
   vertex 0.686683 -0.166568 0
   vertex 0.68692 -0.165042 0
   vertex 0.686821 -0.165808 0
  endloop
 endfacet
 facet normal 0 -0 -1
  outer loop
   vertex 0.670842 -0.148545 0
   vertex 0.671614 -0.148505 0
   vertex 0.670074 -0.148624 0
  endloop
 endfacet
 facet normal 0 0 -1
  outer loop
   vertex 0.68692 -0.165042 0
   vertex 0.687 -0.1635 0
   vertex 0.68698 -0.164272 0
  endloop
 endfacet
 facet normal 0 -0 -1
  outer loop
   vertex 0.671614 -0.148505 0
   vertex 0.672386 -0.148505 0
   vertex 0.670074 -0.148624 0
  endloop
 endfacet
 facet normal 0 0 -1
  outer loop
   vertex 0.68692 -0.165042 0
   vertex 0.68698 -0.162728 0
   vertex 0.687 -0.1635 0
  endloop
 endfacet
 facet normal 0 0 -1
  outer loop
   vertex 0.68692 -0.165042 0
   vertex 0.68692 -0.161958 0
   vertex 0.68698 -0.162728 0
  endloop
 endfacet
 facet normal 0 -0 -1
  outer loop
   vertex 0.672386 -0.148505 0
   vertex 0.673926 -0.148624 0
   vertex 0.670074 -0.148624 0
  endloop
 endfacet
 facet normal -0 -0 -1
  outer loop
   vertex 0.673158 -0.148545 0
   vertex 0.673926 -0.148624 0
   vertex 0.672386 -0.148505 0
  endloop
 endfacet
 facet normal 0 0 -1
  outer loop
   vertex 0.68692 -0.161958 0
   vertex 0.686683 -0.160432 0
   vertex 0.686821 -0.161192 0
  endloop
 endfacet
 facet normal 0 0 -1
  outer loop
   vertex 0.68692 -0.165042 0
   vertex 0.686683 -0.160432 0
   vertex 0.68692 -0.161958 0
  endloop
 endfacet
 facet normal 0 0 -1
  outer loop
   vertex 0.686036 -0.168791 0
   vertex 0.686683 -0.160432 0
   vertex 0.68629 -0.168062 0
  endloop
 endfacet
 facet normal 0 0 -1
  outer loop
   vertex 0.68629 -0.168062 0
   vertex 0.686683 -0.160432 0
   vertex 0.686505 -0.16732 0
  endloop
 endfacet
 facet normal 0 0 -1
  outer loop
   vertex 0.686505 -0.16732 0
   vertex 0.686683 -0.160432 0
   vertex 0.686683 -0.166568 0
  endloop
 endfacet
 facet normal 0 0 -1
  outer loop
   vertex 0.676928 -0.177667 0
   vertex 0.686683 -0.160432 0
   vertex 0.686036 -0.168791 0
  endloop
 endfacet
 facet normal 0 0 -1
  outer loop
   vertex 0.686683 -0.166568 0
   vertex 0.686683 -0.160432 0
   vertex 0.68692 -0.165042 0
  endloop
 endfacet
 facet normal -0 -0 -1
  outer loop
   vertex 0.673926 -0.148624 0
   vertex 0.675445 -0.148901 0
   vertex 0.670074 -0.148624 0
  endloop
 endfacet
 facet normal -0 -0 -1
  outer loop
   vertex 0.674689 -0.148743 0
   vertex 0.675445 -0.148901 0
   vertex 0.673926 -0.148624 0
  endloop
 endfacet
 facet normal 0 0 -1
  outer loop
   vertex 0.668555 -0.148901 0
   vertex 0.675445 -0.148901 0
   vertex 0.673926 -0.178376 0
  endloop
 endfacet
 facet normal 0 -0 -1
  outer loop
   vertex 0.670074 -0.148624 0
   vertex 0.675445 -0.148901 0
   vertex 0.668555 -0.148901 0
  endloop
 endfacet
 facet normal 0 0 -1
  outer loop
   vertex 0.686683 -0.160432 0
   vertex 0.686036 -0.158209 0
   vertex 0.686505 -0.15968 0
  endloop
 endfacet
 facet normal 0 0 -1
  outer loop
   vertex 0.686505 -0.15968 0
   vertex 0.686036 -0.158209 0
   vertex 0.68629 -0.158938 0
  endloop
 endfacet
 facet normal -0 -0 -1
  outer loop
   vertex 0.676928 -0.149333 0
   vertex 0.677651 -0.149605 0
   vertex 0.676192 -0.149098 0
  endloop
 endfacet
 facet normal -0 -0 -1
  outer loop
   vertex 0.676192 -0.149098 0
   vertex 0.677651 -0.149605 0
   vertex 0.675445 -0.148901 0
  endloop
 endfacet
 facet normal -0 -0 -1
  outer loop
   vertex 0.678359 -0.149914 0
   vertex 0.67905 -0.15026 0
   vertex 0.677651 -0.149605 0
  endloop
 endfacet
 facet normal 0 0 -1
  outer loop
   vertex 0.686036 -0.158209 0
   vertex 0.685054 -0.156112 0
   vertex 0.685745 -0.157493 0
  endloop
 endfacet
 facet normal 0 0 -1
  outer loop
   vertex 0.685745 -0.157493 0
   vertex 0.685054 -0.156112 0
   vertex 0.685417 -0.156794 0
  endloop
 endfacet
 facet normal -0 -0 -1
  outer loop
   vertex 0.67905 -0.15026 0
   vertex 0.679722 -0.15064 0
   vertex 0.677651 -0.149605 0
  endloop
 endfacet
 facet normal -0 -0 -1
  outer loop
   vertex 0.677651 -0.149605 0
   vertex 0.679722 -0.15064 0
   vertex 0.675445 -0.148901 0
  endloop
 endfacet
 facet normal 0 -0 -1
  outer loop
   vertex 0.675445 -0.148901 0
   vertex 0.679722 -0.15064 0
   vertex 0.673926 -0.178376 0
  endloop
 endfacet
 facet normal 0 0 -1
  outer loop
   vertex 0.673926 -0.178376 0
   vertex 0.684657 -0.15545 0
   vertex 0.676928 -0.177667 0
  endloop
 endfacet
 facet normal 0 0 -1
  outer loop
   vertex 0.676928 -0.177667 0
   vertex 0.684657 -0.15545 0
   vertex 0.686683 -0.160432 0
  endloop
 endfacet
 facet normal 0 0 -1
  outer loop
   vertex 0.686683 -0.160432 0
   vertex 0.684657 -0.15545 0
   vertex 0.686036 -0.158209 0
  endloop
 endfacet
 facet normal 0 0 -1
  outer loop
   vertex 0.686036 -0.158209 0
   vertex 0.684657 -0.15545 0
   vertex 0.685054 -0.156112 0
  endloop
 endfacet
 facet normal -0 -0 -1
  outer loop
   vertex 0.681003 -0.151502 0
   vertex 0.681609 -0.151982 0
   vertex 0.680374 -0.151055 0
  endloop
 endfacet
 facet normal -0 -0 -1
  outer loop
   vertex 0.680374 -0.151055 0
   vertex 0.681609 -0.151982 0
   vertex 0.679722 -0.15064 0
  endloop
 endfacet
 facet normal 0 0 -1
  outer loop
   vertex 0.684657 -0.15545 0
   vertex 0.683267 -0.153598 0
   vertex 0.684225 -0.154809 0
  endloop
 endfacet
 facet normal 0 0 -1
  outer loop
   vertex 0.684225 -0.154809 0
   vertex 0.683267 -0.153598 0
   vertex 0.683762 -0.154191 0
  endloop
 endfacet
 facet normal 0 -0 -1
  outer loop
   vertex 0.679722 -0.15064 0
   vertex 0.683267 -0.153598 0
   vertex 0.673926 -0.178376 0
  endloop
 endfacet
 facet normal 0 0 -1
  outer loop
   vertex 0.673926 -0.178376 0
   vertex 0.683267 -0.153598 0
   vertex 0.684657 -0.15545 0
  endloop
 endfacet
 facet normal 0 0 -1
  outer loop
   vertex 0.679722 -0.15064 0
   vertex 0.682189 -0.152492 0
   vertex 0.683267 -0.153598 0
  endloop
 endfacet
 facet normal -0 -0 -1
  outer loop
   vertex 0.681609 -0.151982 0
   vertex 0.682189 -0.152492 0
   vertex 0.679722 -0.15064 0
  endloop
 endfacet
 facet normal 0 0 -1
  outer loop
   vertex 0.682189 -0.152492 0
   vertex 0.682742 -0.153031 0
   vertex 0.683267 -0.153598 0
  endloop
 endfacet
 facet normal 0 0 1
  outer loop
   vertex 0.662391 -0.175018 0.05
   vertex 0.661258 -0.173969 0.05
   vertex 0.661811 -0.174508 0.05
  endloop
 endfacet
 facet normal 0 0 1
  outer loop
   vertex 0.660238 -0.172809 0.05
   vertex 0.661258 -0.173969 0.05
   vertex 0.662391 -0.175018 0.05
  endloop
 endfacet
 facet normal 0 0 1
  outer loop
   vertex 0.660238 -0.172809 0.05
   vertex 0.660733 -0.173402 0.05
   vertex 0.661258 -0.173969 0.05
  endloop
 endfacet
 facet normal 0 0 1
  outer loop
   vertex 0.663626 -0.175945 0.05
   vertex 0.662391 -0.175018 0.05
   vertex 0.662997 -0.175498 0.05
  endloop
 endfacet
 facet normal 0 0 1
  outer loop
   vertex 0.659343 -0.17155 0.05
   vertex 0.659775 -0.172191 0.05
   vertex 0.660238 -0.172809 0.05
  endloop
 endfacet
 facet normal 0 0 1
  outer loop
   vertex 0.66495 -0.17674 0.05
   vertex 0.662391 -0.175018 0.05
   vertex 0.663626 -0.175945 0.05
  endloop
 endfacet
 facet normal 0 0 1
  outer loop
   vertex 0.66495 -0.17674 0.05
   vertex 0.663626 -0.175945 0.05
   vertex 0.664278 -0.17636 0.05
  endloop
 endfacet
 facet normal 0 0 1
  outer loop
   vertex 0.665641 -0.177086 0.05
   vertex 0.662391 -0.175018 0.05
   vertex 0.66495 -0.17674 0.05
  endloop
 endfacet
 facet normal 0 0 1
  outer loop
   vertex 0.657964 -0.168791 0.05
   vertex 0.660238 -0.172809 0.05
   vertex 0.662391 -0.175018 0.05
  endloop
 endfacet
 facet normal 0 0 1
  outer loop
   vertex 0.657964 -0.168791 0.05
   vertex 0.659343 -0.17155 0.05
   vertex 0.660238 -0.172809 0.05
  endloop
 endfacet
 facet normal 0 0 1
  outer loop
   vertex 0.657964 -0.168791 0.05
   vertex 0.658255 -0.169507 0.05
   vertex 0.658583 -0.170206 0.05
  endloop
 endfacet
 facet normal 0 0 1
  outer loop
   vertex 0.657964 -0.168791 0.05
   vertex 0.658583 -0.170206 0.05
   vertex 0.658946 -0.170888 0.05
  endloop
 endfacet
 facet normal 0 0 1
  outer loop
   vertex 0.657964 -0.168791 0.05
   vertex 0.658946 -0.170888 0.05
   vertex 0.659343 -0.17155 0.05
  endloop
 endfacet
 facet normal 0 0 1
  outer loop
   vertex 0.667808 -0.177902 0.05
   vertex 0.666349 -0.177395 0.05
   vertex 0.667072 -0.177667 0.05
  endloop
 endfacet
 facet normal 0 0 1
  outer loop
   vertex 0.657495 -0.16732 0.05
   vertex 0.65771 -0.168062 0.05
   vertex 0.657964 -0.168791 0.05
  endloop
 endfacet
 facet normal 0 0 1
  outer loop
   vertex 0.668555 -0.178099 0.05
   vertex 0.662391 -0.175018 0.05
   vertex 0.665641 -0.177086 0.05
  endloop
 endfacet
 facet normal 0 0 1
  outer loop
   vertex 0.668555 -0.178099 0.05
   vertex 0.666349 -0.177395 0.05
   vertex 0.667808 -0.177902 0.05
  endloop
 endfacet
 facet normal 0 0 1
  outer loop
   vertex 0.668555 -0.178099 0.05
   vertex 0.665641 -0.177086 0.05
   vertex 0.666349 -0.177395 0.05
  endloop
 endfacet
 facet normal 0 0 1
  outer loop
   vertex 0.657179 -0.165808 0.05
   vertex 0.657317 -0.166568 0.05
   vertex 0.657495 -0.16732 0.05
  endloop
 endfacet
 facet normal 0 0 1
  outer loop
   vertex 0.670074 -0.178376 0.05
   vertex 0.668555 -0.178099 0.05
   vertex 0.669311 -0.178257 0.05
  endloop
 endfacet
 facet normal 0 0 1
  outer loop
   vertex 0.65702 -0.164272 0.05
   vertex 0.65708 -0.165042 0.05
   vertex 0.657179 -0.165808 0.05
  endloop
 endfacet
 facet normal 0 0 1
  outer loop
   vertex 0.657 -0.1635 0.05
   vertex 0.65702 -0.164272 0.05
   vertex 0.657179 -0.165808 0.05
  endloop
 endfacet
 facet normal 0 0 1
  outer loop
   vertex 0.672386 -0.178495 0.05
   vertex 0.670074 -0.178376 0.05
   vertex 0.670842 -0.178455 0.05
  endloop
 endfacet
 facet normal 0 0 1
  outer loop
   vertex 0.672386 -0.178495 0.05
   vertex 0.670842 -0.178455 0.05
   vertex 0.671614 -0.178495 0.05
  endloop
 endfacet
 facet normal 0 0 1
  outer loop
   vertex 0.65708 -0.161958 0.05
   vertex 0.657495 -0.16732 0.05
   vertex 0.657964 -0.168791 0.05
  endloop
 endfacet
 facet normal 0 0 1
  outer loop
   vertex 0.65708 -0.161958 0.05
   vertex 0.65702 -0.162728 0.05
   vertex 0.657 -0.1635 0.05
  endloop
 endfacet
 facet normal 0 0 1
  outer loop
   vertex 0.65708 -0.161958 0.05
   vertex 0.657179 -0.165808 0.05
   vertex 0.657495 -0.16732 0.05
  endloop
 endfacet
 facet normal 0 0 1
  outer loop
   vertex 0.65708 -0.161958 0.05
   vertex 0.657 -0.1635 0.05
   vertex 0.657179 -0.165808 0.05
  endloop
 endfacet
 facet normal 0 0 1
  outer loop
   vertex 0.673926 -0.178376 0.05
   vertex 0.668555 -0.178099 0.05
   vertex 0.670074 -0.178376 0.05
  endloop
 endfacet
 facet normal 0 0 1
  outer loop
   vertex 0.673926 -0.178376 0.05
   vertex 0.670074 -0.178376 0.05
   vertex 0.672386 -0.178495 0.05
  endloop
 endfacet
 facet normal 0 0 1
  outer loop
   vertex 0.673926 -0.178376 0.05
   vertex 0.672386 -0.178495 0.05
   vertex 0.673158 -0.178455 0.05
  endloop
 endfacet
 facet normal 0 0 1
  outer loop
   vertex 0.657317 -0.160432 0.05
   vertex 0.657179 -0.161192 0.05
   vertex 0.65708 -0.161958 0.05
  endloop
 endfacet
 facet normal 0 0 1
  outer loop
   vertex 0.65771 -0.158938 0.05
   vertex 0.657317 -0.160432 0.05
   vertex 0.65708 -0.161958 0.05
  endloop
 endfacet
 facet normal 0 0 1
  outer loop
   vertex 0.65771 -0.158938 0.05
   vertex 0.657495 -0.15968 0.05
   vertex 0.657317 -0.160432 0.05
  endloop
 endfacet
 facet normal 0 0 1
  outer loop
   vertex 0.676928 -0.177667 0.05
   vertex 0.673926 -0.178376 0.05
   vertex 0.674689 -0.178257 0.05
  endloop
 endfacet
 facet normal 0 0 1
  outer loop
   vertex 0.676928 -0.177667 0.05
   vertex 0.674689 -0.178257 0.05
   vertex 0.675445 -0.178099 0.05
  endloop
 endfacet
 facet normal 0 0 1
  outer loop
   vertex 0.676928 -0.177667 0.05
   vertex 0.675445 -0.178099 0.05
   vertex 0.676192 -0.177902 0.05
  endloop
 endfacet
 facet normal 0 0 1
  outer loop
   vertex 0.658255 -0.157493 0.05
   vertex 0.65771 -0.158938 0.05
   vertex 0.65708 -0.161958 0.05
  endloop
 endfacet
 facet normal 0 0 1
  outer loop
   vertex 0.658255 -0.157493 0.05
   vertex 0.657964 -0.158209 0.05
   vertex 0.65771 -0.158938 0.05
  endloop
 endfacet
 facet normal 0 0 1
  outer loop
   vertex 0.678359 -0.177086 0.05
   vertex 0.676928 -0.177667 0.05
   vertex 0.677651 -0.177395 0.05
  endloop
 endfacet
 facet normal 0 0 1
  outer loop
   vertex 0.658946 -0.156112 0.05
   vertex 0.658255 -0.157493 0.05
   vertex 0.65708 -0.161958 0.05
  endloop
 endfacet
 facet normal 0 0 1
  outer loop
   vertex 0.658946 -0.156112 0.05
   vertex 0.658583 -0.156794 0.05
   vertex 0.658255 -0.157493 0.05
  endloop
 endfacet
 facet normal 0 0 1
  outer loop
   vertex 0.679722 -0.17636 0.05
   vertex 0.678359 -0.177086 0.05
   vertex 0.67905 -0.17674 0.05
  endloop
 endfacet
 facet normal 0 0 1
  outer loop
   vertex 0.679722 -0.17636 0.05
   vertex 0.676928 -0.177667 0.05
   vertex 0.678359 -0.177086 0.05
  endloop
 endfacet
 facet normal 0 0 1
  outer loop
   vertex 0.681003 -0.175498 0.05
   vertex 0.679722 -0.17636 0.05
   vertex 0.680374 -0.175945 0.05
  endloop
 endfacet
 facet normal 0 0 1
  outer loop
   vertex 0.660238 -0.154191 0.05
   vertex 0.659775 -0.154809 0.05
   vertex 0.659343 -0.15545 0.05
  endloop
 endfacet
 facet normal 0 0 1
  outer loop
   vertex 0.660238 -0.154191 0.05
   vertex 0.659343 -0.15545 0.05
   vertex 0.658946 -0.156112 0.05
  endloop
 endfacet
 facet normal 0 0 1
  outer loop
   vertex 0.660238 -0.154191 0.05
   vertex 0.658946 -0.156112 0.05
   vertex 0.65708 -0.161958 0.05
  endloop
 endfacet
 facet normal 0 0 1
  outer loop
   vertex 0.681609 -0.175018 0.05
   vertex 0.676928 -0.177667 0.05
   vertex 0.679722 -0.17636 0.05
  endloop
 endfacet
 facet normal 0 0 1
  outer loop
   vertex 0.681609 -0.175018 0.05
   vertex 0.679722 -0.17636 0.05
   vertex 0.681003 -0.175498 0.05
  endloop
 endfacet
 facet normal 0 0 1
  outer loop
   vertex 0.661258 -0.153031 0.05
   vertex 0.660733 -0.153598 0.05
   vertex 0.660238 -0.154191 0.05
  endloop
 endfacet
 facet normal 0 0 1
  outer loop
   vertex 0.661811 -0.152492 0.05
   vertex 0.661258 -0.153031 0.05
   vertex 0.660238 -0.154191 0.05
  endloop
 endfacet
 facet normal 0 0 1
  outer loop
   vertex 0.661811 -0.152492 0.05
   vertex 0.660238 -0.154191 0.05
   vertex 0.65708 -0.161958 0.05
  endloop
 endfacet
 facet normal 0 0 1
  outer loop
   vertex 0.662997 -0.151502 0.05
   vertex 0.662391 -0.151982 0.05
   vertex 0.661811 -0.152492 0.05
  endloop
 endfacet
 facet normal 0 0 1
  outer loop
   vertex 0.663626 -0.151055 0.05
   vertex 0.662997 -0.151502 0.05
   vertex 0.661811 -0.152492 0.05
  endloop
 endfacet
 facet normal 0 0 1
  outer loop
   vertex 0.663626 -0.151055 0.05
   vertex 0.661811 -0.152492 0.05
   vertex 0.65708 -0.161958 0.05
  endloop
 endfacet
 facet normal 0 0 1
  outer loop
   vertex 0.663626 -0.151055 0.05
   vertex 0.65708 -0.161958 0.05
   vertex 0.657964 -0.168791 0.05
  endloop
 endfacet
 facet normal 0 0 1
  outer loop
   vertex 0.684657 -0.17155 0.05
   vertex 0.681609 -0.175018 0.05
   vertex 0.682189 -0.174508 0.05
  endloop
 endfacet
 facet normal 0 0 1
  outer loop
   vertex 0.684657 -0.17155 0.05
   vertex 0.682189 -0.174508 0.05
   vertex 0.682742 -0.173969 0.05
  endloop
 endfacet
 facet normal 0 0 1
  outer loop
   vertex 0.684657 -0.17155 0.05
   vertex 0.682742 -0.173969 0.05
   vertex 0.683267 -0.173402 0.05
  endloop
 endfacet
 facet normal 0 0 1
  outer loop
   vertex 0.684657 -0.17155 0.05
   vertex 0.683267 -0.173402 0.05
   vertex 0.683762 -0.172809 0.05
  endloop
 endfacet
 facet normal 0 0 1
  outer loop
   vertex 0.684657 -0.17155 0.05
   vertex 0.683762 -0.172809 0.05
   vertex 0.684225 -0.172191 0.05
  endloop
 endfacet
 facet normal 0 0 1
  outer loop
   vertex 0.685054 -0.170888 0.05
   vertex 0.681609 -0.175018 0.05
   vertex 0.684657 -0.17155 0.05
  endloop
 endfacet
 facet normal 0 0 1
  outer loop
   vertex 0.685745 -0.169507 0.05
   vertex 0.685054 -0.170888 0.05
   vertex 0.685417 -0.170206 0.05
  endloop
 endfacet
 facet normal 0 0 1
  outer loop
   vertex 0.666349 -0.149605 0.05
   vertex 0.665641 -0.149914 0.05
   vertex 0.66495 -0.15026 0.05
  endloop
 endfacet
 facet normal 0 0 1
  outer loop
   vertex 0.686036 -0.168791 0.05
   vertex 0.676928 -0.177667 0.05
   vertex 0.681609 -0.175018 0.05
  endloop
 endfacet
 facet normal 0 0 1
  outer loop
   vertex 0.686036 -0.168791 0.05
   vertex 0.681609 -0.175018 0.05
   vertex 0.685054 -0.170888 0.05
  endloop
 endfacet
 facet normal 0 0 1
  outer loop
   vertex 0.686036 -0.168791 0.05
   vertex 0.685054 -0.170888 0.05
   vertex 0.685745 -0.169507 0.05
  endloop
 endfacet
 facet normal 0 0 1
  outer loop
   vertex 0.667072 -0.149333 0.05
   vertex 0.66495 -0.15026 0.05
   vertex 0.664278 -0.15064 0.05
  endloop
 endfacet
 facet normal 0 0 1
  outer loop
   vertex 0.667072 -0.149333 0.05
   vertex 0.664278 -0.15064 0.05
   vertex 0.663626 -0.151055 0.05
  endloop
 endfacet
 facet normal 0 0 1
  outer loop
   vertex 0.667072 -0.149333 0.05
   vertex 0.663626 -0.151055 0.05
   vertex 0.657964 -0.168791 0.05
  endloop
 endfacet
 facet normal 0 0 1
  outer loop
   vertex 0.667072 -0.149333 0.05
   vertex 0.657964 -0.168791 0.05
   vertex 0.662391 -0.175018 0.05
  endloop
 endfacet
 facet normal 0 0 1
  outer loop
   vertex 0.667072 -0.149333 0.05
   vertex 0.666349 -0.149605 0.05
   vertex 0.66495 -0.15026 0.05
  endloop
 endfacet
 facet normal 0 0 1
  outer loop
   vertex 0.668555 -0.148901 0.05
   vertex 0.667808 -0.149098 0.05
   vertex 0.667072 -0.149333 0.05
  endloop
 endfacet
 facet normal 0 0 1
  outer loop
   vertex 0.668555 -0.148901 0.05
   vertex 0.662391 -0.175018 0.05
   vertex 0.668555 -0.178099 0.05
  endloop
 endfacet
 facet normal 0 0 1
  outer loop
   vertex 0.668555 -0.148901 0.05
   vertex 0.667072 -0.149333 0.05
   vertex 0.662391 -0.175018 0.05
  endloop
 endfacet
 facet normal 0 0 1
  outer loop
   vertex 0.668555 -0.148901 0.05
   vertex 0.668555 -0.178099 0.05
   vertex 0.673926 -0.178376 0.05
  endloop
 endfacet
 facet normal 0 0 1
  outer loop
   vertex 0.670074 -0.148624 0.05
   vertex 0.669311 -0.148743 0.05
   vertex 0.668555 -0.148901 0.05
  endloop
 endfacet
 facet normal 0 0 1
  outer loop
   vertex 0.68692 -0.165042 0.05
   vertex 0.686683 -0.166568 0.05
   vertex 0.686821 -0.165808 0.05
  endloop
 endfacet
 facet normal 0 0 1
  outer loop
   vertex 0.671614 -0.148505 0.05
   vertex 0.670842 -0.148545 0.05
   vertex 0.670074 -0.148624 0.05
  endloop
 endfacet
 facet normal 0 0 1
  outer loop
   vertex 0.687 -0.1635 0.05
   vertex 0.68692 -0.165042 0.05
   vertex 0.68698 -0.164272 0.05
  endloop
 endfacet
 facet normal 0 0 1
  outer loop
   vertex 0.672386 -0.148505 0.05
   vertex 0.671614 -0.148505 0.05
   vertex 0.670074 -0.148624 0.05
  endloop
 endfacet
 facet normal 0 0 1
  outer loop
   vertex 0.68698 -0.162728 0.05
   vertex 0.68692 -0.165042 0.05
   vertex 0.687 -0.1635 0.05
  endloop
 endfacet
 facet normal 0 0 1
  outer loop
   vertex 0.68692 -0.161958 0.05
   vertex 0.68692 -0.165042 0.05
   vertex 0.68698 -0.162728 0.05
  endloop
 endfacet
 facet normal 0 0 1
  outer loop
   vertex 0.673926 -0.148624 0.05
   vertex 0.672386 -0.148505 0.05
   vertex 0.670074 -0.148624 0.05
  endloop
 endfacet
 facet normal 0 0 1
  outer loop
   vertex 0.673926 -0.148624 0.05
   vertex 0.673158 -0.148545 0.05
   vertex 0.672386 -0.148505 0.05
  endloop
 endfacet
 facet normal 0 0 1
  outer loop
   vertex 0.686683 -0.160432 0.05
   vertex 0.68692 -0.161958 0.05
   vertex 0.686821 -0.161192 0.05
  endloop
 endfacet
 facet normal 0 0 1
  outer loop
   vertex 0.686683 -0.160432 0.05
   vertex 0.68692 -0.165042 0.05
   vertex 0.68692 -0.161958 0.05
  endloop
 endfacet
 facet normal 0 0 1
  outer loop
   vertex 0.686683 -0.160432 0.05
   vertex 0.686036 -0.168791 0.05
   vertex 0.68629 -0.168062 0.05
  endloop
 endfacet
 facet normal 0 0 1
  outer loop
   vertex 0.686683 -0.160432 0.05
   vertex 0.68629 -0.168062 0.05
   vertex 0.686505 -0.16732 0.05
  endloop
 endfacet
 facet normal 0 0 1
  outer loop
   vertex 0.686683 -0.160432 0.05
   vertex 0.686505 -0.16732 0.05
   vertex 0.686683 -0.166568 0.05
  endloop
 endfacet
 facet normal 0 0 1
  outer loop
   vertex 0.686683 -0.160432 0.05
   vertex 0.676928 -0.177667 0.05
   vertex 0.686036 -0.168791 0.05
  endloop
 endfacet
 facet normal 0 0 1
  outer loop
   vertex 0.686683 -0.160432 0.05
   vertex 0.686683 -0.166568 0.05
   vertex 0.68692 -0.165042 0.05
  endloop
 endfacet
 facet normal 0 0 1
  outer loop
   vertex 0.675445 -0.148901 0.05
   vertex 0.673926 -0.148624 0.05
   vertex 0.670074 -0.148624 0.05
  endloop
 endfacet
 facet normal 0 0 1
  outer loop
   vertex 0.675445 -0.148901 0.05
   vertex 0.674689 -0.148743 0.05
   vertex 0.673926 -0.148624 0.05
  endloop
 endfacet
 facet normal 0 0 1
  outer loop
   vertex 0.675445 -0.148901 0.05
   vertex 0.668555 -0.148901 0.05
   vertex 0.673926 -0.178376 0.05
  endloop
 endfacet
 facet normal 0 0 1
  outer loop
   vertex 0.675445 -0.148901 0.05
   vertex 0.670074 -0.148624 0.05
   vertex 0.668555 -0.148901 0.05
  endloop
 endfacet
 facet normal 0 0 1
  outer loop
   vertex 0.686036 -0.158209 0.05
   vertex 0.686683 -0.160432 0.05
   vertex 0.686505 -0.15968 0.05
  endloop
 endfacet
 facet normal 0 0 1
  outer loop
   vertex 0.686036 -0.158209 0.05
   vertex 0.686505 -0.15968 0.05
   vertex 0.68629 -0.158938 0.05
  endloop
 endfacet
 facet normal 0 0 1
  outer loop
   vertex 0.677651 -0.149605 0.05
   vertex 0.676928 -0.149333 0.05
   vertex 0.676192 -0.149098 0.05
  endloop
 endfacet
 facet normal 0 0 1
  outer loop
   vertex 0.677651 -0.149605 0.05
   vertex 0.676192 -0.149098 0.05
   vertex 0.675445 -0.148901 0.05
  endloop
 endfacet
 facet normal 0 0 1
  outer loop
   vertex 0.67905 -0.15026 0.05
   vertex 0.678359 -0.149914 0.05
   vertex 0.677651 -0.149605 0.05
  endloop
 endfacet
 facet normal 0 0 1
  outer loop
   vertex 0.685054 -0.156112 0.05
   vertex 0.686036 -0.158209 0.05
   vertex 0.685745 -0.157493 0.05
  endloop
 endfacet
 facet normal 0 0 1
  outer loop
   vertex 0.685054 -0.156112 0.05
   vertex 0.685745 -0.157493 0.05
   vertex 0.685417 -0.156794 0.05
  endloop
 endfacet
 facet normal 0 0 1
  outer loop
   vertex 0.679722 -0.15064 0.05
   vertex 0.67905 -0.15026 0.05
   vertex 0.677651 -0.149605 0.05
  endloop
 endfacet
 facet normal 0 0 1
  outer loop
   vertex 0.679722 -0.15064 0.05
   vertex 0.677651 -0.149605 0.05
   vertex 0.675445 -0.148901 0.05
  endloop
 endfacet
 facet normal 0 0 1
  outer loop
   vertex 0.679722 -0.15064 0.05
   vertex 0.675445 -0.148901 0.05
   vertex 0.673926 -0.178376 0.05
  endloop
 endfacet
 facet normal 0 0 1
  outer loop
   vertex 0.684657 -0.15545 0.05
   vertex 0.673926 -0.178376 0.05
   vertex 0.676928 -0.177667 0.05
  endloop
 endfacet
 facet normal 0 0 1
  outer loop
   vertex 0.684657 -0.15545 0.05
   vertex 0.676928 -0.177667 0.05
   vertex 0.686683 -0.160432 0.05
  endloop
 endfacet
 facet normal 0 0 1
  outer loop
   vertex 0.684657 -0.15545 0.05
   vertex 0.686683 -0.160432 0.05
   vertex 0.686036 -0.158209 0.05
  endloop
 endfacet
 facet normal 0 0 1
  outer loop
   vertex 0.684657 -0.15545 0.05
   vertex 0.686036 -0.158209 0.05
   vertex 0.685054 -0.156112 0.05
  endloop
 endfacet
 facet normal 0 0 1
  outer loop
   vertex 0.681609 -0.151982 0.05
   vertex 0.681003 -0.151502 0.05
   vertex 0.680374 -0.151055 0.05
  endloop
 endfacet
 facet normal 0 0 1
  outer loop
   vertex 0.681609 -0.151982 0.05
   vertex 0.680374 -0.151055 0.05
   vertex 0.679722 -0.15064 0.05
  endloop
 endfacet
 facet normal 0 0 1
  outer loop
   vertex 0.683267 -0.153598 0.05
   vertex 0.684657 -0.15545 0.05
   vertex 0.684225 -0.154809 0.05
  endloop
 endfacet
 facet normal 0 0 1
  outer loop
   vertex 0.683267 -0.153598 0.05
   vertex 0.684225 -0.154809 0.05
   vertex 0.683762 -0.154191 0.05
  endloop
 endfacet
 facet normal 0 0 1
  outer loop
   vertex 0.683267 -0.153598 0.05
   vertex 0.679722 -0.15064 0.05
   vertex 0.673926 -0.178376 0.05
  endloop
 endfacet
 facet normal 0 0 1
  outer loop
   vertex 0.683267 -0.153598 0.05
   vertex 0.673926 -0.178376 0.05
   vertex 0.684657 -0.15545 0.05
  endloop
 endfacet
 facet normal 0 0 1
  outer loop
   vertex 0.682189 -0.152492 0.05
   vertex 0.679722 -0.15064 0.05
   vertex 0.683267 -0.153598 0.05
  endloop
 endfacet
 facet normal 0 0 1
  outer loop
   vertex 0.682189 -0.152492 0.05
   vertex 0.681609 -0.151982 0.05
   vertex 0.679722 -0.15064 0.05
  endloop
 endfacet
 facet normal 0 0 1
  outer loop
   vertex 0.682742 -0.153031 0.05
   vertex 0.682189 -0.152492 0.05
   vertex 0.683267 -0.153598 0.05
  endloop
 endfacet
 facet normal -1 0 0
  outer loop
   vertex -0 -0.0945 0.238
   vertex -0 0.0945 0.238
   vertex -0 -0.0945 0.15
  endloop
 endfacet
 facet normal -1 0 -0
  outer loop
   vertex -0 0.0945 0.238
   vertex -0 0.0945 0.15
   vertex -0 -0.0945 0.15
  endloop
 endfacet
 facet normal -0.999959 0 0.00900015
  outer loop
   vertex -0 0.0945 0.238
   vertex 1.62e-05 -0.0962999 0.2398
   vertex 1.62e-05 0.0962999 0.2398
  endloop
 endfacet
 facet normal -0.999959 0 0.00900015
  outer loop
   vertex -0 -0.0945 0.238
   vertex 1.62e-05 -0.0962999 0.2398
   vertex -0 0.0945 0.238
  endloop
 endfacet
 facet normal -0.999636 0 0.0269963
  outer loop
   vertex 1.62e-05 0.0962999 0.2398
   vertex 6.4793e-05 -0.0980992 0.241599
   vertex 6.4793e-05 0.0980992 0.241599
  endloop
 endfacet
 facet normal -0.999636 0 0.0269963
  outer loop
   vertex 1.62e-05 -0.0962999 0.2398
   vertex 6.4793e-05 -0.0980992 0.241599
   vertex 1.62e-05 0.0962999 0.2398
  endloop
 endfacet
 facet normal -0.998988 0 0.0449837
  outer loop
   vertex 6.4793e-05 -0.0980992 0.241599
   vertex 0.000145749 0.0998971 0.243397
   vertex 6.4793e-05 0.0980992 0.241599
  endloop
 endfacet
 facet normal -0.998988 0 0.0449837
  outer loop
   vertex 6.4793e-05 -0.0980992 0.241599
   vertex 0.000145749 -0.0998971 0.243397
   vertex 0.000145749 0.0998971 0.243397
  endloop
 endfacet
 facet normal -0.998017 0 0.0629518
  outer loop
   vertex 0.000145749 -0.0998971 0.243397
   vertex 0.00025902 0.101693 0.245193
   vertex 0.000145749 0.0998971 0.243397
  endloop
 endfacet
 facet normal -0.998017 0 0.0629518
  outer loop
   vertex 0.000145749 -0.0998971 0.243397
   vertex 0.00025902 -0.101693 0.245193
   vertex 0.00025902 0.101693 0.245193
  endloop
 endfacet
 facet normal -0.996723 0 0.0808966
  outer loop
   vertex 0.00025902 -0.101693 0.245193
   vertex 0.000404537 0.103486 0.246986
   vertex 0.00025902 0.101693 0.245193
  endloop
 endfacet
 facet normal -0.996723 0 0.0808966
  outer loop
   vertex 0.00025902 -0.101693 0.245193
   vertex 0.000404537 -0.103486 0.246986
   vertex 0.000404537 0.103486 0.246986
  endloop
 endfacet
 facet normal -0.995106 0 0.0988087
  outer loop
   vertex 0.000404537 -0.103486 0.246986
   vertex 0.00058221 0.105275 0.248775
   vertex 0.000404537 0.103486 0.246986
  endloop
 endfacet
 facet normal -0.995106 0 0.0988087
  outer loop
   vertex 0.000404537 -0.103486 0.246986
   vertex 0.00058221 -0.105275 0.248775
   vertex 0.00058221 0.105275 0.248775
  endloop
 endfacet
 facet normal -0.99317 0 0.11668
  outer loop
   vertex 0.00058221 -0.105275 0.248775
   vertex 0.000791927 0.10706 0.25056
   vertex 0.00058221 0.105275 0.248775
  endloop
 endfacet
 facet normal -0.99317 0 0.11668
  outer loop
   vertex 0.00058221 -0.105275 0.248775
   vertex 0.000791927 -0.10706 0.25056
   vertex 0.000791927 0.10706 0.25056
  endloop
 endfacet
 facet normal -0.990913 0 0.134508
  outer loop
   vertex 0.000791927 -0.10706 0.25056
   vertex 0.00103356 0.10884 0.25234
   vertex 0.000791927 0.10706 0.25056
  endloop
 endfacet
 facet normal -0.990913 0 0.134508
  outer loop
   vertex 0.000791927 -0.10706 0.25056
   vertex 0.00103356 -0.10884 0.25234
   vertex 0.00103356 0.10884 0.25234
  endloop
 endfacet
 facet normal -0.988337 0 0.152282
  outer loop
   vertex 0.00103356 -0.10884 0.25234
   vertex 0.00130695 0.110615 0.254115
   vertex 0.00103356 0.10884 0.25234
  endloop
 endfacet
 facet normal -0.988337 0 0.152282
  outer loop
   vertex 0.00103356 -0.10884 0.25234
   vertex 0.00130695 -0.110615 0.254115
   vertex 0.00130695 0.110615 0.254115
  endloop
 endfacet
 facet normal -0.985445 0 0.169994
  outer loop
   vertex 0.00130695 -0.110615 0.254115
   vertex 0.00161194 0.112383 0.255883
   vertex 0.00130695 0.110615 0.254115
  endloop
 endfacet
 facet normal -0.985445 0 0.169994
  outer loop
   vertex 0.00130695 -0.110615 0.254115
   vertex 0.00161194 -0.112383 0.255883
   vertex 0.00161194 0.112383 0.255883
  endloop
 endfacet
 facet normal -0.982238 0 0.187639
  outer loop
   vertex 0.00161194 -0.112383 0.255883
   vertex 0.00194833 0.114144 0.257644
   vertex 0.00161194 0.112383 0.255883
  endloop
 endfacet
 facet normal -0.982238 0 0.187639
  outer loop
   vertex 0.00161194 -0.112383 0.255883
   vertex 0.00194833 -0.114144 0.257644
   vertex 0.00194833 0.114144 0.257644
  endloop
 endfacet
 facet normal -0.978718 0 0.205209
  outer loop
   vertex 0.00194833 -0.114144 0.257644
   vertex 0.0023159 0.115897 0.259397
   vertex 0.00194833 0.114144 0.257644
  endloop
 endfacet
 facet normal -0.978718 0 0.205209
  outer loop
   vertex 0.00194833 -0.114144 0.257644
   vertex 0.0023159 -0.115897 0.259397
   vertex 0.0023159 0.115897 0.259397
  endloop
 endfacet
 facet normal -0.974888 0 0.222697
  outer loop
   vertex 0.0023159 -0.115897 0.259397
   vertex 0.00271444 0.117641 0.261141
   vertex 0.0023159 0.115897 0.259397
  endloop
 endfacet
 facet normal -0.974888 0 0.222697
  outer loop
   vertex 0.0023159 -0.115897 0.259397
   vertex 0.00271444 -0.117641 0.261141
   vertex 0.00271444 0.117641 0.261141
  endloop
 endfacet
 facet normal -0.970748 0 0.240101
  outer loop
   vertex 0.00271444 -0.117641 0.261141
   vertex 0.0031437 0.119377 0.262877
   vertex 0.00271444 0.117641 0.261141
  endloop
 endfacet
 facet normal -0.970748 0 0.240101
  outer loop
   vertex 0.00271444 -0.117641 0.261141
   vertex 0.0031437 -0.119377 0.262877
   vertex 0.0031437 0.119377 0.262877
  endloop
 endfacet
 facet normal -0.966303 0 0.257407
  outer loop
   vertex 0.0031437 -0.119377 0.262877
   vertex 0.00360339 0.121103 0.264603
   vertex 0.0031437 0.119377 0.262877
  endloop
 endfacet
 facet normal -0.966303 0 0.257407
  outer loop
   vertex 0.0031437 -0.119377 0.262877
   vertex 0.00360339 -0.121103 0.264603
   vertex 0.00360339 0.121103 0.264603
  endloop
 endfacet
 facet normal -0.961554 0 0.274615
  outer loop
   vertex 0.00360339 -0.121103 0.264603
   vertex 0.00409326 0.122818 0.266318
   vertex 0.00360339 0.121103 0.264603
  endloop
 endfacet
 facet normal -0.956507 0 0.291711
  outer loop
   vertex 0.00409326 0.122818 0.266318
   vertex 0.00409326 -0.122818 0.266318
   vertex 0.00461299 0.124522 0.268022
  endloop
 endfacet
 facet normal -0.961554 0 0.274615
  outer loop
   vertex 0.00360339 -0.121103 0.264603
   vertex 0.00409326 -0.122818 0.266318
   vertex 0.00409326 0.122818 0.266318
  endloop
 endfacet
 facet normal -0.951161 0 0.308694
  outer loop
   vertex 0.00461299 0.124522 0.268022
   vertex 0.00461299 -0.124522 0.268022
   vertex 0.00516226 0.126214 0.269714
  endloop
 endfacet
 facet normal -0.956507 0 0.291711
  outer loop
   vertex 0.00409326 -0.122818 0.266318
   vertex 0.00461299 -0.124522 0.268022
   vertex 0.00461299 0.124522 0.268022
  endloop
 endfacet
 facet normal -0.945523 0 0.325556
  outer loop
   vertex 0.00516226 0.126214 0.269714
   vertex 0.00516226 -0.126214 0.269714
   vertex 0.00574074 0.127895 0.271395
  endloop
 endfacet
 facet normal -0.951161 0 0.308694
  outer loop
   vertex 0.00461299 -0.124522 0.268022
   vertex 0.00516226 -0.126214 0.269714
   vertex 0.00516226 0.126214 0.269714
  endloop
 endfacet
 facet normal -0.939592 0 0.342297
  outer loop
   vertex 0.00574074 0.127895 0.271395
   vertex 0.00574074 -0.127895 0.271395
   vertex 0.00634809 0.129562 0.273062
  endloop
 endfacet
 facet normal -0.945523 0 0.325556
  outer loop
   vertex 0.00516226 -0.126214 0.269714
   vertex 0.00574074 -0.127895 0.271395
   vertex 0.00574074 0.127895 0.271395
  endloop
 endfacet
 facet normal -0.933377 0 0.358897
  outer loop
   vertex 0.00634809 0.129562 0.273062
   vertex 0.00634809 -0.129562 0.273062
   vertex 0.00698394 0.131215 0.274715
  endloop
 endfacet
 facet normal -0.939592 0 0.342297
  outer loop
   vertex 0.00574074 -0.127895 0.271395
   vertex 0.00634809 -0.129562 0.273062
   vertex 0.00634809 0.129562 0.273062
  endloop
 endfacet
 facet normal -0.926879 0 0.375361
  outer loop
   vertex 0.00698394 0.131215 0.274715
   vertex 0.00698394 -0.131215 0.274715
   vertex 0.0076479 0.132855 0.276355
  endloop
 endfacet
 facet normal -0.933377 0 0.358897
  outer loop
   vertex 0.00634809 -0.129562 0.273062
   vertex 0.00698394 -0.131215 0.274715
   vertex 0.00698394 0.131215 0.274715
  endloop
 endfacet
 facet normal -0.920098 0 0.391689
  outer loop
   vertex 0.0076479 0.132855 0.276355
   vertex 0.0076479 -0.132855 0.276355
   vertex 0.00833959 0.13448 0.27798
  endloop
 endfacet
 facet normal -0.926879 0 0.375361
  outer loop
   vertex 0.00698394 -0.131215 0.274715
   vertex 0.0076479 -0.132855 0.276355
   vertex 0.0076479 0.132855 0.276355
  endloop
 endfacet
 facet normal -0.913044 0 0.40786
  outer loop
   vertex 0.00833959 0.13448 0.27798
   vertex 0.00833959 -0.13448 0.27798
   vertex 0.0090586 0.136089 0.279589
  endloop
 endfacet
 facet normal -0.920098 0 0.391689
  outer loop
   vertex 0.0076479 -0.132855 0.276355
   vertex 0.00833959 -0.13448 0.27798
   vertex 0.00833959 0.13448 0.27798
  endloop
 endfacet
 facet normal -0.905718 0 0.42388
  outer loop
   vertex 0.0090586 0.136089 0.279589
   vertex 0.0090586 -0.136089 0.279589
   vertex 0.00980451 0.137683 0.281183
  endloop
 endfacet
 facet normal -0.913044 0 0.40786
  outer loop
   vertex 0.00833959 -0.13448 0.27798
   vertex 0.0090586 -0.136089 0.279589
   vertex 0.0090586 0.136089 0.279589
  endloop
 endfacet
 facet normal -0.898129 0 0.439732
  outer loop
   vertex 0.00980451 0.137683 0.281183
   vertex 0.00980451 -0.137683 0.281183
   vertex 0.0105769 0.139261 0.282761
  endloop
 endfacet
 facet normal -0.905718 0 0.42388
  outer loop
   vertex 0.0090586 -0.136089 0.279589
   vertex 0.00980451 -0.137683 0.281183
   vertex 0.00980451 0.137683 0.281183
  endloop
 endfacet
 facet normal -0.890272 0 0.455429
  outer loop
   vertex 0.0105769 0.139261 0.282761
   vertex 0.0105769 -0.139261 0.282761
   vertex 0.0113753 0.140821 0.284321
  endloop
 endfacet
 facet normal -0.898129 0 0.439732
  outer loop
   vertex 0.00980451 -0.137683 0.281183
   vertex 0.0105769 -0.139261 0.282761
   vertex 0.0105769 0.139261 0.282761
  endloop
 endfacet
 facet normal -0.890272 0 0.455429
  outer loop
   vertex 0.0105769 -0.139261 0.282761
   vertex 0.0113753 -0.140821 0.284321
   vertex 0.0113753 0.140821 0.284321
  endloop
 endfacet
 facet normal -0.882162 0 0.470947
  outer loop
   vertex 0.0113753 0.140821 0.284321
   vertex 0.0113753 -0.140821 0.284321
   vertex 0.0121993 0.142365 0.285865
  endloop
 endfacet
 facet normal -0.882162 0 0.470947
  outer loop
   vertex 0.0113753 -0.140821 0.284321
   vertex 0.0121993 -0.142365 0.285865
   vertex 0.0121993 0.142365 0.285865
  endloop
 endfacet
 facet normal -0.873795 0 0.486294
  outer loop
   vertex 0.0121993 0.142365 0.285865
   vertex 0.0121993 -0.142365 0.285865
   vertex 0.0130484 0.14389 0.28739
  endloop
 endfacet
 facet normal -0.873795 0 0.486294
  outer loop
   vertex 0.0121993 -0.142365 0.285865
   vertex 0.0130484 -0.14389 0.28739
   vertex 0.0130484 0.14389 0.28739
  endloop
 endfacet
 facet normal -0.86518 0 0.501461
  outer loop
   vertex 0.0130484 0.14389 0.28739
   vertex 0.0130484 -0.14389 0.28739
   vertex 0.0139221 0.145398 0.288898
  endloop
 endfacet
 facet normal -0.86518 0 0.501461
  outer loop
   vertex 0.0130484 -0.14389 0.28739
   vertex 0.0139221 -0.145398 0.288898
   vertex 0.0139221 0.145398 0.288898
  endloop
 endfacet
 facet normal -0.856323 0 0.51644
  outer loop
   vertex 0.0139221 0.145398 0.288898
   vertex 0.0139221 -0.145398 0.288898
   vertex 0.01482 0.146887 0.290387
  endloop
 endfacet
 facet normal -0.856323 0 0.51644
  outer loop
   vertex 0.0139221 -0.145398 0.288898
   vertex 0.01482 -0.146887 0.290387
   vertex 0.01482 0.146887 0.290387
  endloop
 endfacet
 facet normal -0.847222 0 0.531239
  outer loop
   vertex 0.01482 0.146887 0.290387
   vertex 0.01482 -0.146887 0.290387
   vertex 0.0157416 0.148356 0.291856
  endloop
 endfacet
 facet normal -0.847222 0 0.531239
  outer loop
   vertex 0.01482 -0.146887 0.290387
   vertex 0.0157416 -0.148356 0.291856
   vertex 0.0157416 0.148356 0.291856
  endloop
 endfacet
 facet normal -0.837892 0 0.545835
  outer loop
   vertex 0.0157416 0.148356 0.291856
   vertex 0.0157416 -0.148356 0.291856
   vertex 0.0166863 0.149807 0.293307
  endloop
 endfacet
 facet normal -0.837892 0 0.545835
  outer loop
   vertex 0.0157416 -0.148356 0.291856
   vertex 0.0166863 -0.149807 0.293307
   vertex 0.0166863 0.149807 0.293307
  endloop
 endfacet
 facet normal -0.828328 0 0.560244
  outer loop
   vertex 0.0166863 0.149807 0.293307
   vertex 0.0166863 -0.149807 0.293307
   vertex 0.0176538 0.151237 0.294737
  endloop
 endfacet
 facet normal -0.828328 0 0.560244
  outer loop
   vertex 0.0166863 -0.149807 0.293307
   vertex 0.0176538 -0.151237 0.294737
   vertex 0.0176538 0.151237 0.294737
  endloop
 endfacet
 facet normal -0.818546 0 0.574441
  outer loop
   vertex 0.0176538 0.151237 0.294737
   vertex 0.0176538 -0.151237 0.294737
   vertex 0.0186434 0.152647 0.296147
  endloop
 endfacet
 facet normal -0.818546 0 0.574441
  outer loop
   vertex 0.0176538 -0.151237 0.294737
   vertex 0.0186434 -0.152647 0.296147
   vertex 0.0186434 0.152647 0.296147
  endloop
 endfacet
 facet normal -0.808543 0 0.588437
  outer loop
   vertex 0.0186434 0.152647 0.296147
   vertex 0.0186434 -0.152647 0.296147
   vertex 0.0196546 0.154037 0.297537
  endloop
 endfacet
 facet normal -0.808543 0 0.588437
  outer loop
   vertex 0.0186434 -0.152647 0.296147
   vertex 0.0196546 -0.154037 0.297537
   vertex 0.0196546 0.154037 0.297537
  endloop
 endfacet
 facet normal -0.79832 0 0.602233
  outer loop
   vertex 0.0196546 0.154037 0.297537
   vertex 0.0196546 -0.154037 0.297537
   vertex 0.020687 0.155405 0.298905
  endloop
 endfacet
 facet normal -0.787893 0 0.615812
  outer loop
   vertex 0.020687 0.155405 0.298905
   vertex 0.020687 -0.155405 0.298905
   vertex 0.0217401 0.156753 0.300253
  endloop
 endfacet
 facet normal -0.79832 0 0.602233
  outer loop
   vertex 0.0196546 -0.154037 0.297537
   vertex 0.020687 -0.155405 0.298905
   vertex 0.020687 0.155405 0.298905
  endloop
 endfacet
 facet normal -0.787893 0 0.615812
  outer loop
   vertex 0.020687 -0.155405 0.298905
   vertex 0.0217401 -0.156753 0.300253
   vertex 0.0217401 0.156753 0.300253
  endloop
 endfacet
 facet normal -0.777255 0 0.629185
  outer loop
   vertex 0.0217401 0.156753 0.300253
   vertex 0.0228132 -0.158078 0.301578
   vertex 0.0228132 0.158078 0.301578
  endloop
 endfacet
 facet normal -0.777255 0 0.629185
  outer loop
   vertex 0.0217401 -0.156753 0.300253
   vertex 0.0228132 -0.158078 0.301578
   vertex 0.0217401 0.156753 0.300253
  endloop
 endfacet
 facet normal -0.766436 0 0.642321
  outer loop
   vertex 0.0228132 0.158078 0.301578
   vertex 0.0239059 -0.159382 0.302882
   vertex 0.0239059 0.159382 0.302882
  endloop
 endfacet
 facet normal -0.766436 0 0.642321
  outer loop
   vertex 0.0228132 -0.158078 0.301578
   vertex 0.0239059 -0.159382 0.302882
   vertex 0.0228132 0.158078 0.301578
  endloop
 endfacet
 facet normal -0.755408 0 0.655255
  outer loop
   vertex 0.0239059 0.159382 0.302882
   vertex 0.0250177 -0.160664 0.304164
   vertex 0.0250177 0.160664 0.304164
  endloop
 endfacet
 facet normal -0.755408 0 0.655255
  outer loop
   vertex 0.0239059 -0.159382 0.302882
   vertex 0.0250177 -0.160664 0.304164
   vertex 0.0239059 0.159382 0.302882
  endloop
 endfacet
 facet normal -0.744196 0 0.667962
  outer loop
   vertex 0.0250177 0.160664 0.304164
   vertex 0.026148 -0.161923 0.305423
   vertex 0.026148 0.161923 0.305423
  endloop
 endfacet
 facet normal -0.744196 0 0.667962
  outer loop
   vertex 0.0250177 -0.160664 0.304164
   vertex 0.026148 -0.161923 0.305423
   vertex 0.0250177 0.160664 0.304164
  endloop
 endfacet
 facet normal -0.732807 0 0.680436
  outer loop
   vertex 0.026148 0.161923 0.305423
   vertex 0.0272963 -0.16316 0.30666
   vertex 0.0272963 0.16316 0.30666
  endloop
 endfacet
 facet normal -0.732807 0 0.680436
  outer loop
   vertex 0.026148 -0.161923 0.305423
   vertex 0.0272963 -0.16316 0.30666
   vertex 0.026148 0.161923 0.305423
  endloop
 endfacet
 facet normal -0.721235 0 0.69269
  outer loop
   vertex 0.0272963 0.16316 0.30666
   vertex 0.0284621 -0.164374 0.307874
   vertex 0.0284621 0.164374 0.307874
  endloop
 endfacet
 facet normal -0.721235 0 0.69269
  outer loop
   vertex 0.0272963 -0.16316 0.30666
   vertex 0.0284621 -0.164374 0.307874
   vertex 0.0272963 0.16316 0.30666
  endloop
 endfacet
 facet normal -0.709489 0 0.704716
  outer loop
   vertex 0.0284621 0.164374 0.307874
   vertex 0.0296449 -0.165564 0.309064
   vertex 0.0296449 0.165564 0.309064
  endloop
 endfacet
 facet normal -0.709489 0 0.704716
  outer loop
   vertex 0.0284621 -0.164374 0.307874
   vertex 0.0296449 -0.165564 0.309064
   vertex 0.0284621 0.164374 0.307874
  endloop
 endfacet
 facet normal -0.697578 0 0.716509
  outer loop
   vertex 0.0296449 0.165564 0.309064
   vertex 0.0308441 -0.166732 0.310232
   vertex 0.0308441 0.166732 0.310232
  endloop
 endfacet
 facet normal -0.697578 0 0.716509
  outer loop
   vertex 0.0296449 -0.165564 0.309064
   vertex 0.0308441 -0.166732 0.310232
   vertex 0.0296449 0.165564 0.309064
  endloop
 endfacet
 facet normal -0.685513 0 0.72806
  outer loop
   vertex 0.0308441 0.166732 0.310232
   vertex 0.0320592 -0.167876 0.311376
   vertex 0.0320592 0.167876 0.311376
  endloop
 endfacet
 facet normal -0.673274 0 0.739393
  outer loop
   vertex 0.0320592 0.167876 0.311376
   vertex 0.0320592 -0.167876 0.311376
   vertex 0.0332897 0.168997 0.312497
  endloop
 endfacet
 facet normal -0.685513 0 0.72806
  outer loop
   vertex 0.0308441 -0.166732 0.310232
   vertex 0.0320592 -0.167876 0.311376
   vertex 0.0308441 0.166732 0.310232
  endloop
 endfacet
 facet normal -0.660901 0 0.750474
  outer loop
   vertex 0.0332897 0.168997 0.312497
   vertex 0.0332897 -0.168997 0.312497
   vertex 0.0345351 0.170093 0.313593
  endloop
 endfacet
 facet normal -0.673274 0 0.739393
  outer loop
   vertex 0.0320592 -0.167876 0.311376
   vertex 0.0332897 -0.168997 0.312497
   vertex 0.0332897 0.168997 0.312497
  endloop
 endfacet
 facet normal -0.660901 0 0.750474
  outer loop
   vertex 0.0332897 -0.168997 0.312497
   vertex 0.0345351 -0.170093 0.313593
   vertex 0.0345351 0.170093 0.313593
  endloop
 endfacet
 facet normal -0.648374 0 0.761322
  outer loop
   vertex 0.0345351 0.170093 0.313593
   vertex 0.0357949 -0.171166 0.314666
   vertex 0.0357949 0.171166 0.314666
  endloop
 endfacet
 facet normal -0.635705 0 0.771932
  outer loop
   vertex 0.0357949 0.171166 0.314666
   vertex 0.0357949 -0.171166 0.314666
   vertex 0.0370686 0.172215 0.315715
  endloop
 endfacet
 facet normal -0.648374 0 0.761322
  outer loop
   vertex 0.0345351 -0.170093 0.313593
   vertex 0.0357949 -0.171166 0.314666
   vertex 0.0345351 0.170093 0.313593
  endloop
 endfacet
 facet normal -0.622892 0 0.782308
  outer loop
   vertex 0.0370686 0.172215 0.315715
   vertex 0.0370686 -0.172215 0.315715
   vertex 0.0383557 0.17324 0.31674
  endloop
 endfacet
 facet normal -0.635705 0 0.771932
  outer loop
   vertex 0.0357949 -0.171166 0.314666
   vertex 0.0370686 -0.172215 0.315715
   vertex 0.0370686 0.172215 0.315715
  endloop
 endfacet
 facet normal -0.60997 0 0.792424
  outer loop
   vertex 0.0383557 0.17324 0.31674
   vertex 0.0383557 -0.17324 0.31674
   vertex 0.0396557 0.174241 0.317741
  endloop
 endfacet
 facet normal -0.622892 0 0.782308
  outer loop
   vertex 0.0370686 -0.172215 0.315715
   vertex 0.0383557 -0.17324 0.31674
   vertex 0.0383557 0.17324 0.31674
  endloop
 endfacet
 facet normal -0.60997 0 0.792424
  outer loop
   vertex 0.0383557 -0.17324 0.31674
   vertex 0.0396557 -0.174241 0.317741
   vertex 0.0396557 0.174241 0.317741
  endloop
 endfacet
 facet normal -0.596893 0 0.802321
  outer loop
   vertex 0.0396557 0.174241 0.317741
   vertex 0.0396557 -0.174241 0.317741
   vertex 0.0409681 0.175217 0.318717
  endloop
 endfacet
 facet normal -0.596893 0 0.802321
  outer loop
   vertex 0.0396557 -0.174241 0.317741
   vertex 0.0409681 -0.175217 0.318717
   vertex 0.0409681 0.175217 0.318717
  endloop
 endfacet
 facet normal -0.58372 0 0.811955
  outer loop
   vertex 0.0409681 0.175217 0.318717
   vertex 0.0409681 -0.175217 0.318717
   vertex 0.0422925 0.176169 0.319669
  endloop
 endfacet
 facet normal -0.58372 0 0.811955
  outer loop
   vertex 0.0409681 -0.175217 0.318717
   vertex 0.0422925 -0.176169 0.319669
   vertex 0.0422925 0.176169 0.319669
  endloop
 endfacet
 facet normal -0.570415 0 0.821357
  outer loop
   vertex 0.0422925 0.176169 0.319669
   vertex 0.0422925 -0.176169 0.319669
   vertex 0.0436283 0.177097 0.320597
  endloop
 endfacet
 facet normal -0.570415 0 0.821357
  outer loop
   vertex 0.0422925 -0.176169 0.319669
   vertex 0.0436283 -0.177097 0.320597
   vertex 0.0436283 0.177097 0.320597
  endloop
 endfacet
 facet normal -0.557001 0 0.830512
  outer loop
   vertex 0.0436283 -0.177097 0.320597
   vertex 0.0449751 -0.178 0.3215
   vertex 0.0436283 0.177097 0.320597
  endloop
 endfacet
 facet normal -0.557001 0 0.830512
  outer loop
   vertex 0.0436283 0.177097 0.320597
   vertex 0.0449751 -0.178 0.3215
   vertex 0.0449751 0.178 0.3215
  endloop
 endfacet
 facet normal -0.543482 0 0.839421
  outer loop
   vertex 0.0449751 0.178 0.3215
   vertex 0.0449751 -0.178 0.3215
   vertex 0.0463325 0.178879 0.322379
  endloop
 endfacet
 facet normal -0.543482 0 0.839421
  outer loop
   vertex 0.0449751 -0.178 0.3215
   vertex 0.0463325 -0.178879 0.322379
   vertex 0.0463325 0.178879 0.322379
  endloop
 endfacet
 facet normal -0.529853 0 0.848089
  outer loop
   vertex 0.0463325 -0.178879 0.322379
   vertex 0.0477001 -0.179733 0.323233
   vertex 0.0463325 0.178879 0.322379
  endloop
 endfacet
 facet normal -0.529853 0 0.848089
  outer loop
   vertex 0.0463325 0.178879 0.322379
   vertex 0.0477001 -0.179733 0.323233
   vertex 0.0477001 0.179733 0.323233
  endloop
 endfacet
 facet normal -0.516131 0 0.856509
  outer loop
   vertex 0.0477001 0.179733 0.323233
   vertex 0.0477001 -0.179733 0.323233
   vertex 0.0490773 0.180563 0.324063
  endloop
 endfacet
 facet normal -0.516131 0 0.856509
  outer loop
   vertex 0.0477001 -0.179733 0.323233
   vertex 0.0490773 -0.180563 0.324063
   vertex 0.0490773 0.180563 0.324063
  endloop
 endfacet
 facet normal -0.502316 0 0.864684
  outer loop
   vertex 0.0490773 0.180563 0.324063
   vertex 0.0490773 -0.180563 0.324063
   vertex 0.0504637 0.181369 0.324869
  endloop
 endfacet
 facet normal -0.502316 0 0.864684
  outer loop
   vertex 0.0490773 -0.180563 0.324063
   vertex 0.0504637 -0.181369 0.324869
   vertex 0.0504637 0.181369 0.324869
  endloop
 endfacet
 facet normal -0.488393 0 0.872624
  outer loop
   vertex 0.0504637 0.181369 0.324869
   vertex 0.0504637 -0.181369 0.324869
   vertex 0.051859 0.18215 0.32565
  endloop
 endfacet
 facet normal -0.488393 0 0.872624
  outer loop
   vertex 0.0504637 -0.181369 0.324869
   vertex 0.051859 -0.18215 0.32565
   vertex 0.051859 0.18215 0.32565
  endloop
 endfacet
 facet normal -0.474406 0 0.880306
  outer loop
   vertex 0.051859 0.18215 0.32565
   vertex 0.051859 -0.18215 0.32565
   vertex 0.0532627 0.182906 0.326406
  endloop
 endfacet
 facet normal -0.474406 0 0.880306
  outer loop
   vertex 0.051859 -0.18215 0.32565
   vertex 0.0532627 -0.182906 0.326406
   vertex 0.0532627 0.182906 0.326406
  endloop
 endfacet
 facet normal -0.460325 0 0.88775
  outer loop
   vertex 0.0532627 0.182906 0.326406
   vertex 0.0532627 -0.182906 0.326406
   vertex 0.0546744 0.183638 0.327138
  endloop
 endfacet
 facet normal -0.460325 0 0.88775
  outer loop
   vertex 0.0532627 -0.182906 0.326406
   vertex 0.0546744 -0.183638 0.327138
   vertex 0.0546744 0.183638 0.327138
  endloop
 endfacet
 facet normal -0.446184 0 0.894941
  outer loop
   vertex 0.0546744 0.183638 0.327138
   vertex 0.0546744 -0.183638 0.327138
   vertex 0.0560938 0.184346 0.327846
  endloop
 endfacet
 facet normal -0.446184 0 0.894941
  outer loop
   vertex 0.0546744 -0.183638 0.327138
   vertex 0.0560938 -0.184346 0.327846
   vertex 0.0560938 0.184346 0.327846
  endloop
 endfacet
 facet normal -0.431934 0 0.901905
  outer loop
   vertex 0.0560938 0.184346 0.327846
   vertex 0.0560938 -0.184346 0.327846
   vertex 0.0575204 0.185029 0.328529
  endloop
 endfacet
 facet normal -0.431934 0 0.901905
  outer loop
   vertex 0.0560938 -0.184346 0.327846
   vertex 0.0575204 -0.185029 0.328529
   vertex 0.0575204 0.185029 0.328529
  endloop
 endfacet
 facet normal -0.417639 0 0.908613
  outer loop
   vertex 0.0575204 0.185029 0.328529
   vertex 0.0575204 -0.185029 0.328529
   vertex 0.0589539 0.185688 0.329188
  endloop
 endfacet
 facet normal -0.417639 0 0.908613
  outer loop
   vertex 0.0575204 -0.185029 0.328529
   vertex 0.0589539 -0.185688 0.329188
   vertex 0.0589539 0.185688 0.329188
  endloop
 endfacet
 facet normal -0.403285 0 0.915075
  outer loop
   vertex 0.0589539 0.185688 0.329188
   vertex 0.0589539 -0.185688 0.329188
   vertex 0.0603939 0.186322 0.329822
  endloop
 endfacet
 facet normal -0.403285 0 0.915075
  outer loop
   vertex 0.0589539 -0.185688 0.329188
   vertex 0.0603939 -0.186322 0.329822
   vertex 0.0603939 0.186322 0.329822
  endloop
 endfacet
 facet normal -0.38884 0 0.921305
  outer loop
   vertex 0.0603939 0.186322 0.329822
   vertex 0.0603939 -0.186322 0.329822
   vertex 0.0618402 0.186933 0.330433
  endloop
 endfacet
 facet normal -0.38884 0 0.921305
  outer loop
   vertex 0.0603939 -0.186322 0.329822
   vertex 0.0618402 -0.186933 0.330433
   vertex 0.0618402 0.186933 0.330433
  endloop
 endfacet
 facet normal -0.374355 0 0.927286
  outer loop
   vertex 0.0618402 0.186933 0.330433
   vertex 0.0618402 -0.186933 0.330433
   vertex 0.0632922 0.187519 0.331019
  endloop
 endfacet
 facet normal -0.359797 0 0.93303
  outer loop
   vertex 0.0632922 0.187519 0.331019
   vertex 0.0632922 -0.187519 0.331019
   vertex 0.0647498 0.188081 0.331581
  endloop
 endfacet
 facet normal -0.374355 0 0.927286
  outer loop
   vertex 0.0618402 -0.186933 0.330433
   vertex 0.0632922 -0.187519 0.331019
   vertex 0.0632922 0.187519 0.331019
  endloop
 endfacet
 facet normal -0.345185 0 0.938535
  outer loop
   vertex 0.0647498 0.188081 0.331581
   vertex 0.0647498 -0.188081 0.331581
   vertex 0.0662126 0.188619 0.332119
  endloop
 endfacet
 facet normal -0.359797 0 0.93303
  outer loop
   vertex 0.0632922 -0.187519 0.331019
   vertex 0.0647498 -0.188081 0.331581
   vertex 0.0647498 0.188081 0.331581
  endloop
 endfacet
 facet normal -0.330557 0 0.943786
  outer loop
   vertex 0.0662126 0.188619 0.332119
   vertex 0.0662126 -0.188619 0.332119
   vertex 0.0676802 0.189133 0.332633
  endloop
 endfacet
 facet normal -0.345185 0 0.938535
  outer loop
   vertex 0.0647498 -0.188081 0.331581
   vertex 0.0662126 -0.188619 0.332119
   vertex 0.0662126 0.188619 0.332119
  endloop
 endfacet
 facet normal -0.315843 0 0.948812
  outer loop
   vertex 0.0676802 0.189133 0.332633
   vertex 0.0676802 -0.189133 0.332633
   vertex 0.0691525 0.189623 0.333123
  endloop
 endfacet
 facet normal -0.330557 0 0.943786
  outer loop
   vertex 0.0662126 -0.188619 0.332119
   vertex 0.0676802 -0.189133 0.332633
   vertex 0.0676802 0.189133 0.332633
  endloop
 endfacet
 facet normal -0.301098 0 0.953593
  outer loop
   vertex 0.0691525 0.189623 0.333123
   vertex 0.0691525 -0.189623 0.333123
   vertex 0.070629 0.190089 0.333589
  endloop
 endfacet
 facet normal -0.315843 0 0.948812
  outer loop
   vertex 0.0676802 -0.189133 0.332633
   vertex 0.0691525 -0.189623 0.333123
   vertex 0.0691525 0.189623 0.333123
  endloop
 endfacet
 facet normal -0.286328 0 0.958132
  outer loop
   vertex 0.070629 0.190089 0.333589
   vertex 0.070629 -0.190089 0.333589
   vertex 0.0721095 0.190532 0.334032
  endloop
 endfacet
 facet normal -0.301098 0 0.953593
  outer loop
   vertex 0.0691525 -0.189623 0.333123
   vertex 0.070629 -0.190089 0.333589
   vertex 0.070629 0.190089 0.333589
  endloop
 endfacet
 facet normal -0.271475 0 0.962446
  outer loop
   vertex 0.0721095 0.190532 0.334032
   vertex 0.0721095 -0.190532 0.334032
   vertex 0.0735938 0.190951 0.334451
  endloop
 endfacet
 facet normal -0.286328 0 0.958132
  outer loop
   vertex 0.070629 -0.190089 0.333589
   vertex 0.0721095 -0.190532 0.334032
   vertex 0.0721095 0.190532 0.334032
  endloop
 endfacet
 facet normal -0.256638 0 0.966508
  outer loop
   vertex 0.0735938 0.190951 0.334451
   vertex 0.0735938 -0.190951 0.334451
   vertex 0.0750816 0.191346 0.334846
  endloop
 endfacet
 facet normal -0.271475 0 0.962446
  outer loop
   vertex 0.0721095 -0.190532 0.334032
   vertex 0.0735938 -0.190951 0.334451
   vertex 0.0735938 0.190951 0.334451
  endloop
 endfacet
 facet normal -0.256638 0 0.966508
  outer loop
   vertex 0.0735938 -0.190951 0.334451
   vertex 0.0750816 -0.191346 0.334846
   vertex 0.0750816 0.191346 0.334846
  endloop
 endfacet
 facet normal -0.241747 0 0.970339
  outer loop
   vertex 0.0750816 0.191346 0.334846
   vertex 0.0750816 -0.191346 0.334846
   vertex 0.0765726 0.191717 0.335217
  endloop
 endfacet
 facet normal -0.241747 0 0.970339
  outer loop
   vertex 0.0750816 -0.191346 0.334846
   vertex 0.0765726 -0.191717 0.335217
   vertex 0.0765726 0.191717 0.335217
  endloop
 endfacet
 facet normal -0.2268 0 0.973941
  outer loop
   vertex 0.0765726 0.191717 0.335217
   vertex 0.0765726 -0.191717 0.335217
   vertex 0.0780666 0.192065 0.335565
  endloop
 endfacet
 facet normal -0.2268 0 0.973941
  outer loop
   vertex 0.0765726 -0.191717 0.335217
   vertex 0.0780666 -0.192065 0.335565
   vertex 0.0780666 0.192065 0.335565
  endloop
 endfacet
 facet normal -0.211862 0 0.9773
  outer loop
   vertex 0.0780666 0.192065 0.335565
   vertex 0.0780666 -0.192065 0.335565
   vertex 0.0795633 0.192389 0.335889
  endloop
 endfacet
 facet normal -0.211862 0 0.9773
  outer loop
   vertex 0.0780666 -0.192065 0.335565
   vertex 0.0795633 -0.192389 0.335889
   vertex 0.0795633 0.192389 0.335889
  endloop
 endfacet
 facet normal -0.196877 0 0.980428
  outer loop
   vertex 0.0795633 0.192389 0.335889
   vertex 0.0795633 -0.192389 0.335889
   vertex 0.0810625 0.19269 0.33619
  endloop
 endfacet
 facet normal -0.196877 0 0.980428
  outer loop
   vertex 0.0795633 -0.192389 0.335889
   vertex 0.0810625 -0.19269 0.33619
   vertex 0.0810625 0.19269 0.33619
  endloop
 endfacet
 facet normal -0.181867 0 0.983323
  outer loop
   vertex 0.0810625 0.19269 0.33619
   vertex 0.0810625 -0.19269 0.33619
   vertex 0.082564 0.192968 0.336468
  endloop
 endfacet
 facet normal -0.181867 0 0.983323
  outer loop
   vertex 0.0810625 -0.19269 0.33619
   vertex 0.082564 -0.192968 0.336468
   vertex 0.082564 0.192968 0.336468
  endloop
 endfacet
 facet normal -0.166839 0 0.985984
  outer loop
   vertex 0.082564 0.192968 0.336468
   vertex 0.082564 -0.192968 0.336468
   vertex 0.0840676 0.193223 0.336723
  endloop
 endfacet
 facet normal -0.166839 0 0.985984
  outer loop
   vertex 0.082564 -0.192968 0.336468
   vertex 0.0840676 -0.193223 0.336723
   vertex 0.0840676 0.193223 0.336723
  endloop
 endfacet
 facet normal -0.151815 0 0.988409
  outer loop
   vertex 0.0840676 0.193223 0.336723
   vertex 0.0840676 -0.193223 0.336723
   vertex 0.0855731 0.193454 0.336954
  endloop
 endfacet
 facet normal -0.151815 0 0.988409
  outer loop
   vertex 0.0840676 -0.193223 0.336723
   vertex 0.0855731 -0.193454 0.336954
   vertex 0.0855731 0.193454 0.336954
  endloop
 endfacet
 facet normal -0.136741 0 0.990607
  outer loop
   vertex 0.0855731 0.193454 0.336954
   vertex 0.0855731 -0.193454 0.336954
   vertex 0.0870802 0.193662 0.337162
  endloop
 endfacet
 facet normal -0.136741 0 0.990607
  outer loop
   vertex 0.0855731 -0.193454 0.336954
   vertex 0.0870802 -0.193662 0.337162
   vertex 0.0870802 0.193662 0.337162
  endloop
 endfacet
 facet normal -0.121658 0 0.992572
  outer loop
   vertex 0.0870802 0.193662 0.337162
   vertex 0.0870802 -0.193662 0.337162
   vertex 0.0885888 0.193847 0.337347
  endloop
 endfacet
 facet normal -0.121658 0 0.992572
  outer loop
   vertex 0.0870802 -0.193662 0.337162
   vertex 0.0885888 -0.193847 0.337347
   vertex 0.0885888 0.193847 0.337347
  endloop
 endfacet
 facet normal -0.106555 0 0.994307
  outer loop
   vertex 0.0885888 0.193847 0.337347
   vertex 0.0885888 -0.193847 0.337347
   vertex 0.0900987 0.194009 0.337509
  endloop
 endfacet
 facet normal -0.106555 0 0.994307
  outer loop
   vertex 0.0885888 -0.193847 0.337347
   vertex 0.0900987 -0.194009 0.337509
   vertex 0.0900987 0.194009 0.337509
  endloop
 endfacet
 facet normal -0.0914547 0 0.995809
  outer loop
   vertex 0.0900987 0.194009 0.337509
   vertex 0.0900987 -0.194009 0.337509
   vertex 0.0916096 0.194147 0.337647
  endloop
 endfacet
 facet normal -0.0914547 0 0.995809
  outer loop
   vertex 0.0900987 -0.194009 0.337509
   vertex 0.0916096 -0.194147 0.337647
   vertex 0.0916096 0.194147 0.337647
  endloop
 endfacet
 facet normal -0.0763614 0 0.99708
  outer loop
   vertex 0.0916096 0.194147 0.337647
   vertex 0.0916096 -0.194147 0.337647
   vertex 0.0931214 0.194263 0.337763
  endloop
 endfacet
 facet normal -0.0763614 0 0.99708
  outer loop
   vertex 0.0916096 -0.194147 0.337647
   vertex 0.0931214 -0.194263 0.337763
   vertex 0.0931214 0.194263 0.337763
  endloop
 endfacet
 facet normal -0.061221 0 0.998124
  outer loop
   vertex 0.0931214 0.194263 0.337763
   vertex 0.0931214 -0.194263 0.337763
   vertex 0.094634 0.194356 0.337856
  endloop
 endfacet
 facet normal -0.061221 0 0.998124
  outer loop
   vertex 0.0931214 -0.194263 0.337763
   vertex 0.094634 -0.194356 0.337856
   vertex 0.094634 0.194356 0.337856
  endloop
 endfacet
 facet normal -0.0460981 0 0.998937
  outer loop
   vertex 0.094634 0.194356 0.337856
   vertex 0.094634 -0.194356 0.337856
   vertex 0.096147 0.194426 0.337926
  endloop
 endfacet
 facet normal -0.0460981 0 0.998937
  outer loop
   vertex 0.094634 -0.194356 0.337856
   vertex 0.096147 -0.194426 0.337926
   vertex 0.096147 0.194426 0.337926
  endloop
 endfacet
 facet normal -0.0309577 0 0.999521
  outer loop
   vertex 0.096147 -0.194426 0.337926
   vertex 0.0976605 -0.194473 0.337973
   vertex 0.096147 0.194426 0.337926
  endloop
 endfacet
 facet normal -0.0309577 0 0.999521
  outer loop
   vertex 0.096147 0.194426 0.337926
   vertex 0.0976605 -0.194473 0.337973
   vertex 0.0976605 0.194473 0.337973
  endloop
 endfacet
 facet normal -0.0175563 0 0.999846
  outer loop
   vertex 0.0976605 0.194473 0.337973
   vertex 0.0976605 -0.194473 0.337973
   vertex 0.0988302 0.194493 0.337993
  endloop
 endfacet
 facet normal -0.0175563 0 0.999846
  outer loop
   vertex 0.0976605 -0.194473 0.337973
   vertex 0.0988302 -0.194493 0.337993
   vertex 0.0988302 0.194493 0.337993
  endloop
 endfacet
 facet normal -0.00584339 0 0.999983
  outer loop
   vertex 0.0988302 0.194493 0.337993
   vertex 0.0988302 -0.194493 0.337993
   vertex 0.1 0.1945 0.338
  endloop
 endfacet
 facet normal -0.00584339 0 0.999983
  outer loop
   vertex 0.0988302 -0.194493 0.337993
   vertex 0.1 -0.1945 0.338
   vertex 0.1 0.1945 0.338
  endloop
 endfacet
 facet normal -0.999959 0.00900012 0
  outer loop
   vertex 1.62e-05 0.0962999 0.2398
   vertex -0 0.0945 0.15
   vertex -0 0.0945 0.238
  endloop
 endfacet
 facet normal -0.999959 0.00900012 0
  outer loop
   vertex 1.62e-05 0.0962999 0.1482
   vertex -0 0.0945 0.15
   vertex 1.62e-05 0.0962999 0.2398
  endloop
 endfacet
 facet normal -0.999636 0.0269965 0
  outer loop
   vertex 6.4793e-05 0.0980992 0.241599
   vertex 1.62e-05 0.0962999 0.1482
   vertex 1.62e-05 0.0962999 0.2398
  endloop
 endfacet
 facet normal -0.999636 0.0269965 0
  outer loop
   vertex 6.4793e-05 0.0980992 0.146401
   vertex 1.62e-05 0.0962999 0.1482
   vertex 6.4793e-05 0.0980992 0.241599
  endloop
 endfacet
 facet normal -0.998988 0.0449833 0
  outer loop
   vertex 0.000145749 0.0998971 0.243397
   vertex 6.4793e-05 0.0980992 0.146401
   vertex 6.4793e-05 0.0980992 0.241599
  endloop
 endfacet
 facet normal -0.998988 0.0449833 0
  outer loop
   vertex 0.000145749 0.0998971 0.144603
   vertex 6.4793e-05 0.0980992 0.146401
   vertex 0.000145749 0.0998971 0.243397
  endloop
 endfacet
 facet normal -0.998017 0.0629523 0
  outer loop
   vertex 0.00025902 0.101693 0.245193
   vertex 0.000145749 0.0998971 0.144603
   vertex 0.000145749 0.0998971 0.243397
  endloop
 endfacet
 facet normal -0.998017 0.0629523 0
  outer loop
   vertex 0.00025902 0.101693 0.142807
   vertex 0.000145749 0.0998971 0.144603
   vertex 0.00025902 0.101693 0.245193
  endloop
 endfacet
 facet normal -0.996723 0.0808962 0
  outer loop
   vertex 0.000404537 0.103486 0.246986
   vertex 0.00025902 0.101693 0.142807
   vertex 0.00025902 0.101693 0.245193
  endloop
 endfacet
 facet normal -0.996723 0.0808962 0
  outer loop
   vertex 0.000404537 0.103486 0.141014
   vertex 0.00025902 0.101693 0.142807
   vertex 0.000404537 0.103486 0.246986
  endloop
 endfacet
 facet normal -0.995106 0.0988083 0
  outer loop
   vertex 0.00058221 0.105275 0.248775
   vertex 0.000404537 0.103486 0.141014
   vertex 0.000404537 0.103486 0.246986
  endloop
 endfacet
 facet normal -0.995106 0.0988083 0
  outer loop
   vertex 0.00058221 0.105275 0.139225
   vertex 0.000404537 0.103486 0.141014
   vertex 0.00058221 0.105275 0.248775
  endloop
 endfacet
 facet normal -0.993169 0.116681 0
  outer loop
   vertex 0.000791927 0.10706 0.25056
   vertex 0.00058221 0.105275 0.139225
   vertex 0.00058221 0.105275 0.248775
  endloop
 endfacet
 facet normal -0.993169 0.116681 0
  outer loop
   vertex 0.000791927 0.10706 0.13744
   vertex 0.00058221 0.105275 0.139225
   vertex 0.000791927 0.10706 0.25056
  endloop
 endfacet
 facet normal -0.990913 0.134508 0
  outer loop
   vertex 0.00103356 0.10884 0.25234
   vertex 0.000791927 0.10706 0.13744
   vertex 0.000791927 0.10706 0.25056
  endloop
 endfacet
 facet normal -0.990913 0.134508 0
  outer loop
   vertex 0.00103356 0.10884 0.13566
   vertex 0.000791927 0.10706 0.13744
   vertex 0.00103356 0.10884 0.25234
  endloop
 endfacet
 facet normal -0.988337 0.152281 0
  outer loop
   vertex 0.00130695 0.110615 0.254115
   vertex 0.00103356 0.10884 0.13566
   vertex 0.00103356 0.10884 0.25234
  endloop
 endfacet
 facet normal -0.988337 0.152281 0
  outer loop
   vertex 0.00130695 0.110615 0.133885
   vertex 0.00103356 0.10884 0.13566
   vertex 0.00130695 0.110615 0.254115
  endloop
 endfacet
 facet normal -0.985445 0.169994 0
  outer loop
   vertex 0.00161194 0.112383 0.255883
   vertex 0.00130695 0.110615 0.133885
   vertex 0.00130695 0.110615 0.254115
  endloop
 endfacet
 facet normal -0.985445 0.169994 0
  outer loop
   vertex 0.00161194 0.112383 0.132117
   vertex 0.00130695 0.110615 0.133885
   vertex 0.00161194 0.112383 0.255883
  endloop
 endfacet
 facet normal -0.982238 0.187639 0
  outer loop
   vertex 0.00194833 0.114144 0.257644
   vertex 0.00161194 0.112383 0.132117
   vertex 0.00161194 0.112383 0.255883
  endloop
 endfacet
 facet normal -0.982238 0.187639 0
  outer loop
   vertex 0.00194833 0.114144 0.130356
   vertex 0.00161194 0.112383 0.132117
   vertex 0.00194833 0.114144 0.257644
  endloop
 endfacet
 facet normal -0.978718 0.205209 0
  outer loop
   vertex 0.0023159 0.115897 0.259397
   vertex 0.00194833 0.114144 0.130356
   vertex 0.00194833 0.114144 0.257644
  endloop
 endfacet
 facet normal -0.978718 0.205209 0
  outer loop
   vertex 0.0023159 0.115897 0.128603
   vertex 0.00194833 0.114144 0.130356
   vertex 0.0023159 0.115897 0.259397
  endloop
 endfacet
 facet normal -0.974887 0.222699 0
  outer loop
   vertex 0.00271444 0.117641 0.261141
   vertex 0.0023159 0.115897 0.128603
   vertex 0.0023159 0.115897 0.259397
  endloop
 endfacet
 facet normal -0.974887 0.222699 0
  outer loop
   vertex 0.00271444 0.117641 0.126859
   vertex 0.0023159 0.115897 0.128603
   vertex 0.00271444 0.117641 0.261141
  endloop
 endfacet
 facet normal -0.970748 0.2401 0
  outer loop
   vertex 0.0031437 0.119377 0.262877
   vertex 0.00271444 0.117641 0.126859
   vertex 0.00271444 0.117641 0.261141
  endloop
 endfacet
 facet normal -0.970748 0.2401 0
  outer loop
   vertex 0.0031437 0.119377 0.125123
   vertex 0.00271444 0.117641 0.126859
   vertex 0.0031437 0.119377 0.262877
  endloop
 endfacet
 facet normal -0.966303 0.257407 0
  outer loop
   vertex 0.00360339 0.121103 0.264603
   vertex 0.0031437 0.119377 0.125123
   vertex 0.0031437 0.119377 0.262877
  endloop
 endfacet
 facet normal -0.966303 0.257407 0
  outer loop
   vertex 0.00360339 0.121103 0.123397
   vertex 0.0031437 0.119377 0.125123
   vertex 0.00360339 0.121103 0.264603
  endloop
 endfacet
 facet normal -0.961555 0.274613 0
  outer loop
   vertex 0.00409326 0.122818 0.266318
   vertex 0.00360339 0.121103 0.123397
   vertex 0.00360339 0.121103 0.264603
  endloop
 endfacet
 facet normal -0.961555 0.274613 0
  outer loop
   vertex 0.00409326 0.122818 0.121682
   vertex 0.00360339 0.121103 0.123397
   vertex 0.00409326 0.122818 0.266318
  endloop
 endfacet
 facet normal -0.956507 0.291711 0
  outer loop
   vertex 0.00461299 0.124522 0.268022
   vertex 0.00409326 0.122818 0.121682
   vertex 0.00409326 0.122818 0.266318
  endloop
 endfacet
 facet normal -0.956507 0.291711 0
  outer loop
   vertex 0.00461299 0.124522 0.119978
   vertex 0.00409326 0.122818 0.121682
   vertex 0.00461299 0.124522 0.268022
  endloop
 endfacet
 facet normal -0.951161 0.308694 0
  outer loop
   vertex 0.00516226 0.126214 0.269714
   vertex 0.00461299 0.124522 0.119978
   vertex 0.00461299 0.124522 0.268022
  endloop
 endfacet
 facet normal -0.951161 0.308694 0
  outer loop
   vertex 0.00516226 0.126214 0.118286
   vertex 0.00461299 0.124522 0.119978
   vertex 0.00516226 0.126214 0.269714
  endloop
 endfacet
 facet normal -0.945522 0.325557 0
  outer loop
   vertex 0.00574074 0.127895 0.271395
   vertex 0.00516226 0.126214 0.118286
   vertex 0.00516226 0.126214 0.269714
  endloop
 endfacet
 facet normal -0.945522 0.325557 0
  outer loop
   vertex 0.00574074 0.127895 0.116605
   vertex 0.00516226 0.126214 0.118286
   vertex 0.00574074 0.127895 0.271395
  endloop
 endfacet
 facet normal -0.939593 0.342295 0
  outer loop
   vertex 0.00634809 0.129562 0.273062
   vertex 0.00574074 0.127895 0.116605
   vertex 0.00574074 0.127895 0.271395
  endloop
 endfacet
 facet normal -0.939593 0.342295 0
  outer loop
   vertex 0.00634809 0.129562 0.114938
   vertex 0.00574074 0.127895 0.116605
   vertex 0.00634809 0.129562 0.273062
  endloop
 endfacet
 facet normal -0.933377 0.358897 0
  outer loop
   vertex 0.00698394 0.131215 0.274715
   vertex 0.00634809 0.129562 0.114938
   vertex 0.00634809 0.129562 0.273062
  endloop
 endfacet
 facet normal -0.933377 0.358897 0
  outer loop
   vertex 0.00698394 0.131215 0.113285
   vertex 0.00634809 0.129562 0.114938
   vertex 0.00698394 0.131215 0.274715
  endloop
 endfacet
 facet normal -0.926876 0.375367 0
  outer loop
   vertex 0.0076479 0.132855 0.276355
   vertex 0.00698394 0.131215 0.113285
   vertex 0.00698394 0.131215 0.274715
  endloop
 endfacet
 facet normal -0.926876 0.375367 0
  outer loop
   vertex 0.0076479 0.132855 0.111645
   vertex 0.00698394 0.131215 0.113285
   vertex 0.0076479 0.132855 0.276355
  endloop
 endfacet
 facet normal -0.920099 0.391686 0
  outer loop
   vertex 0.00833959 0.13448 0.27798
   vertex 0.0076479 0.132855 0.111645
   vertex 0.0076479 0.132855 0.276355
  endloop
 endfacet
 facet normal -0.920099 0.391686 0
  outer loop
   vertex 0.00833959 0.13448 0.11002
   vertex 0.0076479 0.132855 0.111645
   vertex 0.00833959 0.13448 0.27798
  endloop
 endfacet
 facet normal -0.913044 0.40786 0
  outer loop
   vertex 0.0090586 0.136089 0.279589
   vertex 0.00833959 0.13448 0.11002
   vertex 0.00833959 0.13448 0.27798
  endloop
 endfacet
 facet normal -0.913044 0.40786 0
  outer loop
   vertex 0.0090586 0.136089 0.108411
   vertex 0.00833959 0.13448 0.11002
   vertex 0.0090586 0.136089 0.279589
  endloop
 endfacet
 facet normal -0.90572 0.423876 0
  outer loop
   vertex 0.00980451 0.137683 0.281183
   vertex 0.0090586 0.136089 0.108411
   vertex 0.0090586 0.136089 0.279589
  endloop
 endfacet
 facet normal -0.90572 0.423876 0
  outer loop
   vertex 0.00980451 0.137683 0.106817
   vertex 0.0090586 0.136089 0.108411
   vertex 0.00980451 0.137683 0.281183
  endloop
 endfacet
 facet normal -0.898127 0.439735 0
  outer loop
   vertex 0.0105769 0.139261 0.282761
   vertex 0.00980451 0.137683 0.106817
   vertex 0.00980451 0.137683 0.281183
  endloop
 endfacet
 facet normal -0.890272 0.455429 0
  outer loop
   vertex 0.0105769 0.139261 0.105239
   vertex 0.0105769 0.139261 0.282761
   vertex 0.0113753 0.140821 0.284321
  endloop
 endfacet
 facet normal -0.898127 0.439735 0
  outer loop
   vertex 0.0105769 0.139261 0.105239
   vertex 0.00980451 0.137683 0.106817
   vertex 0.0105769 0.139261 0.282761
  endloop
 endfacet
 facet normal -0.890272 0.455429 0
  outer loop
   vertex 0.0113753 0.140821 0.103679
   vertex 0.0105769 0.139261 0.105239
   vertex 0.0113753 0.140821 0.284321
  endloop
 endfacet
 facet normal -0.882162 0.470947 0
  outer loop
   vertex 0.0113753 0.140821 0.103679
   vertex 0.0113753 0.140821 0.284321
   vertex 0.0121993 0.142365 0.285865
  endloop
 endfacet
 facet normal -0.882162 0.470947 0
  outer loop
   vertex 0.0121993 0.142365 0.102135
   vertex 0.0113753 0.140821 0.103679
   vertex 0.0121993 0.142365 0.285865
  endloop
 endfacet
 facet normal -0.873795 0.486294 0
  outer loop
   vertex 0.0121993 0.142365 0.102135
   vertex 0.0121993 0.142365 0.285865
   vertex 0.0130484 0.14389 0.28739
  endloop
 endfacet
 facet normal -0.873795 0.486294 0
  outer loop
   vertex 0.0130484 0.14389 0.10061
   vertex 0.0121993 0.142365 0.102135
   vertex 0.0130484 0.14389 0.28739
  endloop
 endfacet
 facet normal -0.86518 0.501461 0
  outer loop
   vertex 0.0130484 0.14389 0.10061
   vertex 0.0130484 0.14389 0.28739
   vertex 0.0139221 0.145398 0.288898
  endloop
 endfacet
 facet normal -0.86518 0.501461 0
  outer loop
   vertex 0.0139221 0.145398 0.0991021
   vertex 0.0130484 0.14389 0.10061
   vertex 0.0139221 0.145398 0.288898
  endloop
 endfacet
 facet normal -0.856321 0.516444 0
  outer loop
   vertex 0.0139221 0.145398 0.0991021
   vertex 0.0139221 0.145398 0.288898
   vertex 0.01482 0.146887 0.290387
  endloop
 endfacet
 facet normal -0.856321 0.516444 0
  outer loop
   vertex 0.01482 0.146887 0.0976133
   vertex 0.0139221 0.145398 0.0991021
   vertex 0.01482 0.146887 0.290387
  endloop
 endfacet
 facet normal -0.847224 0.531235 0
  outer loop
   vertex 0.01482 0.146887 0.0976133
   vertex 0.01482 0.146887 0.290387
   vertex 0.0157416 0.148356 0.291856
  endloop
 endfacet
 facet normal -0.847224 0.531235 0
  outer loop
   vertex 0.0157416 0.148356 0.0961435
   vertex 0.01482 0.146887 0.0976133
   vertex 0.0157416 0.148356 0.291856
  endloop
 endfacet
 facet normal -0.837892 0.545835 0
  outer loop
   vertex 0.0157416 0.148356 0.0961435
   vertex 0.0157416 0.148356 0.291856
   vertex 0.0166863 0.149807 0.293307
  endloop
 endfacet
 facet normal -0.837892 0.545835 0
  outer loop
   vertex 0.0166863 0.149807 0.0946933
   vertex 0.0157416 0.148356 0.0961435
   vertex 0.0166863 0.149807 0.293307
  endloop
 endfacet
 facet normal -0.828331 0.560239 0
  outer loop
   vertex 0.0166863 0.149807 0.0946933
   vertex 0.0166863 0.149807 0.293307
   vertex 0.0176538 0.151237 0.294737
  endloop
 endfacet
 facet normal -0.828331 0.560239 0
  outer loop
   vertex 0.0176538 0.151237 0.0932629
   vertex 0.0166863 0.149807 0.0946933
   vertex 0.0176538 0.151237 0.294737
  endloop
 endfacet
 facet normal -0.818543 0.574445 0
  outer loop
   vertex 0.0176538 0.151237 0.0932629
   vertex 0.0176538 0.151237 0.294737
   vertex 0.0186434 0.152647 0.296147
  endloop
 endfacet
 facet normal -0.818543 0.574445 0
  outer loop
   vertex 0.0186434 0.152647 0.0918528
   vertex 0.0176538 0.151237 0.0932629
   vertex 0.0186434 0.152647 0.296147
  endloop
 endfacet
 facet normal -0.80854 0.588441 0
  outer loop
   vertex 0.0186434 0.152647 0.0918528
   vertex 0.0186434 0.152647 0.296147
   vertex 0.0196546 0.154037 0.297537
  endloop
 endfacet
 facet normal -0.80854 0.588441 0
  outer loop
   vertex 0.0196546 0.154037 0.0904633
   vertex 0.0186434 0.152647 0.0918528
   vertex 0.0196546 0.154037 0.297537
  endloop
 endfacet
 facet normal -0.79832 0.602233 0
  outer loop
   vertex 0.0196546 0.154037 0.0904633
   vertex 0.0196546 0.154037 0.297537
   vertex 0.020687 0.155405 0.298905
  endloop
 endfacet
 facet normal -0.787893 0.615812 0
  outer loop
   vertex 0.020687 0.155405 0.0890947
   vertex 0.020687 0.155405 0.298905
   vertex 0.0217401 0.156753 0.300253
  endloop
 endfacet
 facet normal -0.79832 0.602233 0
  outer loop
   vertex 0.020687 0.155405 0.0890947
   vertex 0.0196546 0.154037 0.0904633
   vertex 0.020687 0.155405 0.298905
  endloop
 endfacet
 facet normal -0.777263 0.629176 0
  outer loop
   vertex 0.0217401 0.156753 0.0877474
   vertex 0.0217401 0.156753 0.300253
   vertex 0.0228132 0.158078 0.301578
  endloop
 endfacet
 facet normal -0.787893 0.615812 0
  outer loop
   vertex 0.0217401 0.156753 0.0877474
   vertex 0.020687 0.155405 0.0890947
   vertex 0.0217401 0.156753 0.300253
  endloop
 endfacet
 facet normal -0.766432 0.642325 0
  outer loop
   vertex 0.0228132 0.158078 0.0864217
   vertex 0.0228132 0.158078 0.301578
   vertex 0.0239059 0.159382 0.302882
  endloop
 endfacet
 facet normal -0.777263 0.629176 0
  outer loop
   vertex 0.0228132 0.158078 0.0864217
   vertex 0.0217401 0.156753 0.0877474
   vertex 0.0228132 0.158078 0.301578
  endloop
 endfacet
 facet normal -0.755408 0.655255 0
  outer loop
   vertex 0.0239059 0.159382 0.0851179
   vertex 0.0239059 0.159382 0.302882
   vertex 0.0250177 0.160664 0.304164
  endloop
 endfacet
 facet normal -0.766432 0.642325 0
  outer loop
   vertex 0.0239059 0.159382 0.0851179
   vertex 0.0228132 0.158078 0.0864217
   vertex 0.0239059 0.159382 0.302882
  endloop
 endfacet
 facet normal -0.755408 0.655255 0
  outer loop
   vertex 0.0250177 0.160664 0.0838362
   vertex 0.0239059 0.159382 0.0851179
   vertex 0.0250177 0.160664 0.304164
  endloop
 endfacet
 facet normal -0.7442 0.667957 0
  outer loop
   vertex 0.026148 0.161923 0.0825768
   vertex 0.0250177 0.160664 0.304164
   vertex 0.026148 0.161923 0.305423
  endloop
 endfacet
 facet normal -0.7442 0.667957 0
  outer loop
   vertex 0.026148 0.161923 0.0825768
   vertex 0.0250177 0.160664 0.0838362
   vertex 0.0250177 0.160664 0.304164
  endloop
 endfacet
 facet normal -0.732803 0.680441 0
  outer loop
   vertex 0.0272963 0.16316 0.0813401
   vertex 0.026148 0.161923 0.305423
   vertex 0.0272963 0.16316 0.30666
  endloop
 endfacet
 facet normal -0.732803 0.680441 0
  outer loop
   vertex 0.0272963 0.16316 0.0813401
   vertex 0.026148 0.161923 0.0825768
   vertex 0.026148 0.161923 0.305423
  endloop
 endfacet
 facet normal -0.721235 0.69269 0
  outer loop
   vertex 0.0284621 0.164374 0.0801263
   vertex 0.0272963 0.16316 0.30666
   vertex 0.0284621 0.164374 0.307874
  endloop
 endfacet
 facet normal -0.709489 0.704716 0
  outer loop
   vertex 0.0284621 0.164374 0.0801263
   vertex 0.0284621 0.164374 0.307874
   vertex 0.0296449 0.165564 0.309064
  endloop
 endfacet
 facet normal -0.721235 0.69269 0
  outer loop
   vertex 0.0284621 0.164374 0.0801263
   vertex 0.0272963 0.16316 0.0813401
   vertex 0.0272963 0.16316 0.30666
  endloop
 endfacet
 facet normal -0.709489 0.704716 0
  outer loop
   vertex 0.0296449 0.165564 0.0789356
   vertex 0.0284621 0.164374 0.0801263
   vertex 0.0296449 0.165564 0.309064
  endloop
 endfacet
 facet normal -0.697578 0.716509 0
  outer loop
   vertex 0.0308441 0.166732 0.077768
   vertex 0.0296449 0.165564 0.309064
   vertex 0.0308441 0.166732 0.310232
  endloop
 endfacet
 facet normal -0.697578 0.716509 0
  outer loop
   vertex 0.0308441 0.166732 0.077768
   vertex 0.0296449 0.165564 0.0789356
   vertex 0.0296449 0.165564 0.309064
  endloop
 endfacet
 facet normal -0.685508 0.728065 0
  outer loop
   vertex 0.0320592 0.167876 0.0766239
   vertex 0.0308441 0.166732 0.310232
   vertex 0.0320592 0.167876 0.311376
  endloop
 endfacet
 facet normal -0.685508 0.728065 0
  outer loop
   vertex 0.0320592 0.167876 0.0766239
   vertex 0.0308441 0.166732 0.077768
   vertex 0.0308441 0.166732 0.310232
  endloop
 endfacet
 facet normal -0.673279 0.739389 0
  outer loop
   vertex 0.0332897 0.168997 0.0755034
   vertex 0.0320592 0.167876 0.311376
   vertex 0.0332897 0.168997 0.312497
  endloop
 endfacet
 facet normal -0.673279 0.739389 0
  outer loop
   vertex 0.0332897 0.168997 0.0755034
   vertex 0.0320592 0.167876 0.0766239
   vertex 0.0320592 0.167876 0.311376
  endloop
 endfacet
 facet normal -0.660901 0.750474 0
  outer loop
   vertex 0.0345351 0.170093 0.0744067
   vertex 0.0332897 0.168997 0.312497
   vertex 0.0345351 0.170093 0.313593
  endloop
 endfacet
 facet normal -0.660901 0.750474 0
  outer loop
   vertex 0.0345351 0.170093 0.0744067
   vertex 0.0332897 0.168997 0.0755034
   vertex 0.0332897 0.168997 0.312497
  endloop
 endfacet
 facet normal -0.648369 0.761326 0
  outer loop
   vertex 0.0357949 0.171166 0.0733338
   vertex 0.0345351 0.170093 0.313593
   vertex 0.0357949 0.171166 0.314666
  endloop
 endfacet
 facet normal -0.648369 0.761326 0
  outer loop
   vertex 0.0357949 0.171166 0.0733338
   vertex 0.0345351 0.170093 0.0744067
   vertex 0.0345351 0.170093 0.313593
  endloop
 endfacet
 facet normal -0.635705 0.771932 0
  outer loop
   vertex 0.0370686 0.172215 0.0722849
   vertex 0.0357949 0.171166 0.314666
   vertex 0.0370686 0.172215 0.315715
  endloop
 endfacet
 facet normal -0.635705 0.771932 0
  outer loop
   vertex 0.0370686 0.172215 0.0722849
   vertex 0.0357949 0.171166 0.0733338
   vertex 0.0357949 0.171166 0.314666
  endloop
 endfacet
 facet normal -0.622897 0.782304 0
  outer loop
   vertex 0.0383557 0.17324 0.07126
   vertex 0.0370686 0.172215 0.315715
   vertex 0.0383557 0.17324 0.31674
  endloop
 endfacet
 facet normal -0.622897 0.782304 0
  outer loop
   vertex 0.0383557 0.17324 0.07126
   vertex 0.0370686 0.172215 0.0722849
   vertex 0.0370686 0.172215 0.315715
  endloop
 endfacet
 facet normal -0.609964 0.792429 0
  outer loop
   vertex 0.0396557 0.174241 0.0702594
   vertex 0.0383557 0.17324 0.07126
   vertex 0.0383557 0.17324 0.31674
  endloop
 endfacet
 facet normal -0.609964 0.792429 0
  outer loop
   vertex 0.0396557 0.174241 0.0702594
   vertex 0.0383557 0.17324 0.31674
   vertex 0.0396557 0.174241 0.317741
  endloop
 endfacet
 facet normal -0.596905 0.802312 0
  outer loop
   vertex 0.0396557 0.174241 0.0702594
   vertex 0.0396557 0.174241 0.317741
   vertex 0.0409681 0.175217 0.318717
  endloop
 endfacet
 facet normal -0.583713 0.81196 0
  outer loop
   vertex 0.0409681 0.175217 0.069283
   vertex 0.0409681 0.175217 0.318717
   vertex 0.0422925 0.176169 0.319669
  endloop
 endfacet
 facet normal -0.596905 0.802312 0
  outer loop
   vertex 0.0409681 0.175217 0.069283
   vertex 0.0396557 0.174241 0.0702594
   vertex 0.0409681 0.175217 0.318717
  endloop
 endfacet
 facet normal -0.583713 0.81196 0
  outer loop
   vertex 0.0422925 0.176169 0.0683309
   vertex 0.0409681 0.175217 0.069283
   vertex 0.0422925 0.176169 0.319669
  endloop
 endfacet
 facet normal -0.570415 0.821357 0
  outer loop
   vertex 0.0422925 0.176169 0.0683309
   vertex 0.0422925 0.176169 0.319669
   vertex 0.0436283 0.177097 0.320597
  endloop
 endfacet
 facet normal -0.570415 0.821357 0
  outer loop
   vertex 0.0436283 0.177097 0.0674032
   vertex 0.0422925 0.176169 0.0683309
   vertex 0.0436283 0.177097 0.320597
  endloop
 endfacet
 facet normal -0.557001 0.830512 0
  outer loop
   vertex 0.0436283 0.177097 0.0674032
   vertex 0.0436283 0.177097 0.320597
   vertex 0.0449751 0.178 0.3215
  endloop
 endfacet
 facet normal -0.557001 0.830512 0
  outer loop
   vertex 0.0449751 0.178 0.0664999
   vertex 0.0436283 0.177097 0.0674032
   vertex 0.0449751 0.178 0.3215
  endloop
 endfacet
 facet normal -0.543482 0.839421 0
  outer loop
   vertex 0.0449751 0.178 0.0664999
   vertex 0.0449751 0.178 0.3215
   vertex 0.0463325 0.178879 0.322379
  endloop
 endfacet
 facet normal -0.543482 0.839421 0
  outer loop
   vertex 0.0463325 0.178879 0.0656211
   vertex 0.0449751 0.178 0.0664999
   vertex 0.0463325 0.178879 0.322379
  endloop
 endfacet
 facet normal -0.529853 0.848089 0
  outer loop
   vertex 0.0463325 0.178879 0.0656211
   vertex 0.0463325 0.178879 0.322379
   vertex 0.0477001 0.179733 0.323233
  endloop
 endfacet
 facet normal -0.529853 0.848089 0
  outer loop
   vertex 0.0477001 0.179733 0.0647667
   vertex 0.0463325 0.178879 0.0656211
   vertex 0.0477001 0.179733 0.323233
  endloop
 endfacet
 facet normal -0.516131 0.856509 0
  outer loop
   vertex 0.0477001 0.179733 0.0647667
   vertex 0.0477001 0.179733 0.323233
   vertex 0.0490773 0.180563 0.324063
  endloop
 endfacet
 facet normal -0.516131 0.856509 0
  outer loop
   vertex 0.0490773 0.180563 0.0639368
   vertex 0.0477001 0.179733 0.0647667
   vertex 0.0490773 0.180563 0.324063
  endloop
 endfacet
 facet normal -0.502309 0.864688 0
  outer loop
   vertex 0.0490773 0.180563 0.0639368
   vertex 0.0490773 0.180563 0.324063
   vertex 0.0504637 0.181369 0.324869
  endloop
 endfacet
 facet normal -0.502309 0.864688 0
  outer loop
   vertex 0.0504637 0.181369 0.0631314
   vertex 0.0490773 0.180563 0.0639368
   vertex 0.0504637 0.181369 0.324869
  endloop
 endfacet
 facet normal -0.4884 0.87262 0
  outer loop
   vertex 0.0504637 0.181369 0.0631314
   vertex 0.0504637 0.181369 0.324869
   vertex 0.051859 0.18215 0.32565
  endloop
 endfacet
 facet normal -0.4884 0.87262 0
  outer loop
   vertex 0.051859 0.18215 0.0623505
   vertex 0.0504637 0.181369 0.0631314
   vertex 0.051859 0.18215 0.32565
  endloop
 endfacet
 facet normal -0.474406 0.880306 0
  outer loop
   vertex 0.051859 0.18215 0.0623505
   vertex 0.051859 0.18215 0.32565
   vertex 0.0532627 0.182906 0.326406
  endloop
 endfacet
 facet normal -0.474406 0.880306 0
  outer loop
   vertex 0.0532627 0.182906 0.061594
   vertex 0.051859 0.18215 0.0623505
   vertex 0.0532627 0.182906 0.326406
  endloop
 endfacet
 facet normal -0.460333 0.887746 0
  outer loop
   vertex 0.0532627 0.182906 0.061594
   vertex 0.0532627 0.182906 0.326406
   vertex 0.0546744 0.183638 0.327138
  endloop
 endfacet
 facet normal -0.460333 0.887746 0
  outer loop
   vertex 0.0546744 0.183638 0.060862
   vertex 0.0532627 0.182906 0.061594
   vertex 0.0546744 0.183638 0.327138
  endloop
 endfacet
 facet normal -0.446168 0.894949 0
  outer loop
   vertex 0.0546744 0.183638 0.060862
   vertex 0.0546744 0.183638 0.327138
   vertex 0.0560938 0.184346 0.327846
  endloop
 endfacet
 facet normal -0.446168 0.894949 0
  outer loop
   vertex 0.0560938 0.184346 0.0601543
   vertex 0.0546744 0.183638 0.060862
   vertex 0.0560938 0.184346 0.327846
  endloop
 endfacet
 facet normal -0.43195 0.901898 0
  outer loop
   vertex 0.0560938 0.184346 0.0601543
   vertex 0.0560938 0.184346 0.327846
   vertex 0.0575204 0.185029 0.328529
  endloop
 endfacet
 facet normal -0.43195 0.901898 0
  outer loop
   vertex 0.0575204 0.185029 0.0594711
   vertex 0.0560938 0.184346 0.0601543
   vertex 0.0575204 0.185029 0.328529
  endloop
 endfacet
 facet normal -0.417639 0.908613 0
  outer loop
   vertex 0.0589539 0.185688 0.0588122
   vertex 0.0575204 0.185029 0.0594711
   vertex 0.0575204 0.185029 0.328529
  endloop
 endfacet
 facet normal -0.417639 0.908613 0
  outer loop
   vertex 0.0589539 0.185688 0.0588122
   vertex 0.0575204 0.185029 0.328529
   vertex 0.0589539 0.185688 0.329188
  endloop
 endfacet
 facet normal -0.403268 0.915082 0
  outer loop
   vertex 0.0589539 0.185688 0.0588122
   vertex 0.0589539 0.185688 0.329188
   vertex 0.0603939 0.186322 0.329822
  endloop
 endfacet
 facet normal -0.403268 0.915082 0
  outer loop
   vertex 0.0603939 0.186322 0.0581776
   vertex 0.0589539 0.185688 0.0588122
   vertex 0.0603939 0.186322 0.329822
  endloop
 endfacet
 facet normal -0.388848 0.921302 0
  outer loop
   vertex 0.0618402 0.186933 0.0575672
   vertex 0.0603939 0.186322 0.0581776
   vertex 0.0603939 0.186322 0.329822
  endloop
 endfacet
 facet normal -0.388848 0.921302 0
  outer loop
   vertex 0.0618402 0.186933 0.0575672
   vertex 0.0603939 0.186322 0.329822
   vertex 0.0618402 0.186933 0.330433
  endloop
 endfacet
 facet normal -0.374347 0.927289 0
  outer loop
   vertex 0.0632922 0.187519 0.056981
   vertex 0.0618402 0.186933 0.0575672
   vertex 0.0618402 0.186933 0.330433
  endloop
 endfacet
 facet normal -0.374347 0.927289 0
  outer loop
   vertex 0.0632922 0.187519 0.056981
   vertex 0.0618402 0.186933 0.330433
   vertex 0.0632922 0.187519 0.331019
  endloop
 endfacet
 facet normal -0.359797 0.93303 0
  outer loop
   vertex 0.0647498 0.188081 0.0564189
   vertex 0.0632922 0.187519 0.331019
   vertex 0.0647498 0.188081 0.331581
  endloop
 endfacet
 facet normal -0.359797 0.93303 0
  outer loop
   vertex 0.0647498 0.188081 0.0564189
   vertex 0.0632922 0.187519 0.056981
   vertex 0.0632922 0.187519 0.331019
  endloop
 endfacet
 facet normal -0.345203 0.938528 0
  outer loop
   vertex 0.0662126 0.188619 0.0558809
   vertex 0.0647498 0.188081 0.331581
   vertex 0.0662126 0.188619 0.332119
  endloop
 endfacet
 facet normal -0.345203 0.938528 0
  outer loop
   vertex 0.0662126 0.188619 0.0558809
   vertex 0.0647498 0.188081 0.0564189
   vertex 0.0647498 0.188081 0.331581
  endloop
 endfacet
 facet normal -0.330548 0.943789 0
  outer loop
   vertex 0.0676802 0.189133 0.0553669
   vertex 0.0662126 0.188619 0.332119
   vertex 0.0676802 0.189133 0.332633
  endloop
 endfacet
 facet normal -0.330548 0.943789 0
  outer loop
   vertex 0.0676802 0.189133 0.0553669
   vertex 0.0662126 0.188619 0.0558809
   vertex 0.0662126 0.188619 0.332119
  endloop
 endfacet
 facet normal -0.315843 0.948812 0
  outer loop
   vertex 0.0691525 0.189623 0.0548768
   vertex 0.0676802 0.189133 0.332633
   vertex 0.0691525 0.189623 0.333123
  endloop
 endfacet
 facet normal -0.315843 0.948812 0
  outer loop
   vertex 0.0691525 0.189623 0.0548768
   vertex 0.0676802 0.189133 0.0553669
   vertex 0.0676802 0.189133 0.332633
  endloop
 endfacet
 facet normal -0.301098 0.953593 0
  outer loop
   vertex 0.070629 0.190089 0.0544105
   vertex 0.0691525 0.189623 0.333123
   vertex 0.070629 0.190089 0.333589
  endloop
 endfacet
 facet normal -0.301098 0.953593 0
  outer loop
   vertex 0.070629 0.190089 0.0544105
   vertex 0.0691525 0.189623 0.0548768
   vertex 0.0691525 0.189623 0.333123
  endloop
 endfacet
 facet normal -0.286319 0.958134 0
  outer loop
   vertex 0.0721095 0.190532 0.0539681
   vertex 0.070629 0.190089 0.333589
   vertex 0.0721095 0.190532 0.334032
  endloop
 endfacet
 facet normal -0.286319 0.958134 0
  outer loop
   vertex 0.0721095 0.190532 0.0539681
   vertex 0.070629 0.190089 0.0544105
   vertex 0.070629 0.190089 0.333589
  endloop
 endfacet
 facet normal -0.271493 0.96244 0
  outer loop
   vertex 0.0735938 0.190951 0.0535494
   vertex 0.0721095 0.190532 0.334032
   vertex 0.0735938 0.190951 0.334451
  endloop
 endfacet
 facet normal -0.271493 0.96244 0
  outer loop
   vertex 0.0735938 0.190951 0.0535494
   vertex 0.0721095 0.190532 0.0539681
   vertex 0.0721095 0.190532 0.334032
  endloop
 endfacet
 facet normal -0.256629 0.96651 0
  outer loop
   vertex 0.0750816 0.191346 0.0531544
   vertex 0.0735938 0.190951 0.0535494
   vertex 0.0735938 0.190951 0.334451
  endloop
 endfacet
 facet normal -0.256629 0.96651 0
  outer loop
   vertex 0.0750816 0.191346 0.0531544
   vertex 0.0735938 0.190951 0.334451
   vertex 0.0750816 0.191346 0.334846
  endloop
 endfacet
 facet normal -0.241738 0.970342 0
  outer loop
   vertex 0.0765726 0.191717 0.0527829
   vertex 0.0750816 0.191346 0.0531544
   vertex 0.0750816 0.191346 0.334846
  endloop
 endfacet
 facet normal -0.241738 0.970342 0
  outer loop
   vertex 0.0765726 0.191717 0.0527829
   vertex 0.0750816 0.191346 0.334846
   vertex 0.0765726 0.191717 0.335217
  endloop
 endfacet
 facet normal -0.226809 0.973939 0
  outer loop
   vertex 0.0780666 0.192065 0.052435
   vertex 0.0765726 0.191717 0.0527829
   vertex 0.0765726 0.191717 0.335217
  endloop
 endfacet
 facet normal -0.226809 0.973939 0
  outer loop
   vertex 0.0780666 0.192065 0.052435
   vertex 0.0765726 0.191717 0.335217
   vertex 0.0780666 0.192065 0.335565
  endloop
 endfacet
 facet normal -0.211862 0.9773 0
  outer loop
   vertex 0.0795633 0.192389 0.0521106
   vertex 0.0780666 0.192065 0.052435
   vertex 0.0780666 0.192065 0.335565
  endloop
 endfacet
 facet normal -0.211862 0.9773 0
  outer loop
   vertex 0.0795633 0.192389 0.0521106
   vertex 0.0780666 0.192065 0.335565
   vertex 0.0795633 0.192389 0.335889
  endloop
 endfacet
 facet normal -0.196877 0.980428 0
  outer loop
   vertex 0.0810625 0.19269 0.0518095
   vertex 0.0795633 0.192389 0.0521106
   vertex 0.0795633 0.192389 0.335889
  endloop
 endfacet
 facet normal -0.196877 0.980428 0
  outer loop
   vertex 0.0810625 0.19269 0.0518095
   vertex 0.0795633 0.192389 0.335889
   vertex 0.0810625 0.19269 0.33619
  endloop
 endfacet
 facet normal -0.181867 0.983323 0
  outer loop
   vertex 0.082564 0.192968 0.0515318
   vertex 0.0810625 0.19269 0.0518095
   vertex 0.0810625 0.19269 0.33619
  endloop
 endfacet
 facet normal -0.181867 0.983323 0
  outer loop
   vertex 0.082564 0.192968 0.0515318
   vertex 0.0810625 0.19269 0.33619
   vertex 0.082564 0.192968 0.336468
  endloop
 endfacet
 facet normal -0.166849 0.985983 0
  outer loop
   vertex 0.0840676 0.193223 0.0512774
   vertex 0.082564 0.192968 0.0515318
   vertex 0.082564 0.192968 0.336468
  endloop
 endfacet
 facet normal -0.166849 0.985983 0
  outer loop
   vertex 0.0840676 0.193223 0.0512774
   vertex 0.082564 0.192968 0.336468
   vertex 0.0840676 0.193223 0.336723
  endloop
 endfacet
 facet normal -0.151805 0.98841 0
  outer loop
   vertex 0.0855731 0.193454 0.0510462
   vertex 0.0840676 0.193223 0.0512774
   vertex 0.0840676 0.193223 0.336723
  endloop
 endfacet
 facet normal -0.151805 0.98841 0
  outer loop
   vertex 0.0855731 0.193454 0.0510462
   vertex 0.0840676 0.193223 0.336723
   vertex 0.0855731 0.193454 0.336954
  endloop
 endfacet
 facet normal -0.136731 0.990608 0
  outer loop
   vertex 0.0870802 0.193662 0.0508381
   vertex 0.0855731 0.193454 0.0510462
   vertex 0.0855731 0.193454 0.336954
  endloop
 endfacet
 facet normal -0.136731 0.990608 0
  outer loop
   vertex 0.0870802 0.193662 0.0508381
   vertex 0.0855731 0.193454 0.336954
   vertex 0.0870802 0.193662 0.337162
  endloop
 endfacet
 facet normal -0.121658 0.992572 0
  outer loop
   vertex 0.0885888 0.193847 0.0506532
   vertex 0.0870802 0.193662 0.0508381
   vertex 0.0870802 0.193662 0.337162
  endloop
 endfacet
 facet normal -0.121658 0.992572 0
  outer loop
   vertex 0.0885888 0.193847 0.0506532
   vertex 0.0870802 0.193662 0.337162
   vertex 0.0885888 0.193847 0.337347
  endloop
 endfacet
 facet normal -0.106565 0.994306 0
  outer loop
   vertex 0.0900987 0.194009 0.0504914
   vertex 0.0885888 0.193847 0.0506532
   vertex 0.0885888 0.193847 0.337347
  endloop
 endfacet
 facet normal -0.106565 0.994306 0
  outer loop
   vertex 0.0900987 0.194009 0.0504914
   vertex 0.0885888 0.193847 0.337347
   vertex 0.0900987 0.194009 0.337509
  endloop
 endfacet
 facet normal -0.0914647 0.995808 0
  outer loop
   vertex 0.0900987 0.194009 0.0504914
   vertex 0.0900987 0.194009 0.337509
   vertex 0.0916096 0.194147 0.337647
  endloop
 endfacet
 facet normal -0.0914647 0.995808 0
  outer loop
   vertex 0.0916096 0.194147 0.0503526
   vertex 0.0900987 0.194009 0.0504914
   vertex 0.0916096 0.194147 0.337647
  endloop
 endfacet
 facet normal -0.0763513 0.997081 0
  outer loop
   vertex 0.0931214 0.194263 0.0502369
   vertex 0.0916096 0.194147 0.0503526
   vertex 0.0916096 0.194147 0.337647
  endloop
 endfacet
 facet normal -0.0763513 0.997081 0
  outer loop
   vertex 0.0931214 0.194263 0.0502369
   vertex 0.0916096 0.194147 0.337647
   vertex 0.0931214 0.194263 0.337763
  endloop
 endfacet
 facet normal -0.061221 0.998124 0
  outer loop
   vertex 0.094634 0.194356 0.0501441
   vertex 0.0931214 0.194263 0.0502369
   vertex 0.0931214 0.194263 0.337763
  endloop
 endfacet
 facet normal -0.061221 0.998124 0
  outer loop
   vertex 0.094634 0.194356 0.0501441
   vertex 0.0931214 0.194263 0.337763
   vertex 0.094634 0.194356 0.337856
  endloop
 endfacet
 facet normal -0.0460981 0.998937 0
  outer loop
   vertex 0.096147 0.194426 0.0500743
   vertex 0.094634 0.194356 0.0501441
   vertex 0.094634 0.194356 0.337856
  endloop
 endfacet
 facet normal -0.0460981 0.998937 0
  outer loop
   vertex 0.096147 0.194426 0.0500743
   vertex 0.094634 0.194356 0.337856
   vertex 0.096147 0.194426 0.337926
  endloop
 endfacet
 facet normal -0.0309577 0.999521 0
  outer loop
   vertex 0.0976605 0.194473 0.0500274
   vertex 0.096147 0.194426 0.0500743
   vertex 0.096147 0.194426 0.337926
  endloop
 endfacet
 facet normal -0.0309577 0.999521 0
  outer loop
   vertex 0.0976605 0.194473 0.0500274
   vertex 0.096147 0.194426 0.337926
   vertex 0.0976605 0.194473 0.337973
  endloop
 endfacet
 facet normal -0.0175563 0.999846 0
  outer loop
   vertex 0.0976605 0.194473 0.0500274
   vertex 0.0976605 0.194473 0.337973
   vertex 0.0988302 0.194493 0.337993
  endloop
 endfacet
 facet normal -0.0175563 0.999846 0
  outer loop
   vertex 0.0988302 0.194493 0.0500068
   vertex 0.0976605 0.194473 0.0500274
   vertex 0.0988302 0.194493 0.337993
  endloop
 endfacet
 facet normal -0.00584339 0.999983 0
  outer loop
   vertex 0.1 0.1945 0.05
   vertex 0.0988302 0.194493 0.0500068
   vertex 0.0988302 0.194493 0.337993
  endloop
 endfacet
 facet normal -0.00584339 0.999983 0
  outer loop
   vertex 0.1 0.1945 0.05
   vertex 0.0988302 0.194493 0.337993
   vertex 0.1 0.1945 0.338
  endloop
 endfacet
 facet normal -0.999959 -0.00900012 0
  outer loop
   vertex -0 -0.0945 0.238
   vertex 1.62e-05 -0.0962999 0.1482
   vertex 1.62e-05 -0.0962999 0.2398
  endloop
 endfacet
 facet normal -0.999959 -0.00900012 0
  outer loop
   vertex -0 -0.0945 0.15
   vertex 1.62e-05 -0.0962999 0.1482
   vertex -0 -0.0945 0.238
  endloop
 endfacet
 facet normal -0.999636 -0.0269965 0
  outer loop
   vertex 1.62e-05 -0.0962999 0.2398
   vertex 6.4793e-05 -0.0980992 0.146401
   vertex 6.4793e-05 -0.0980992 0.241599
  endloop
 endfacet
 facet normal -0.999636 -0.0269965 0
  outer loop
   vertex 1.62e-05 -0.0962999 0.1482
   vertex 6.4793e-05 -0.0980992 0.146401
   vertex 1.62e-05 -0.0962999 0.2398
  endloop
 endfacet
 facet normal -0.998988 -0.0449833 0
  outer loop
   vertex 6.4793e-05 -0.0980992 0.146401
   vertex 0.000145749 -0.0998971 0.144603
   vertex 6.4793e-05 -0.0980992 0.241599
  endloop
 endfacet
 facet normal -0.998988 -0.0449833 0
  outer loop
   vertex 6.4793e-05 -0.0980992 0.241599
   vertex 0.000145749 -0.0998971 0.144603
   vertex 0.000145749 -0.0998971 0.243397
  endloop
 endfacet
 facet normal -0.998017 -0.0629523 0
  outer loop
   vertex 0.000145749 -0.0998971 0.243397
   vertex 0.00025902 -0.101693 0.142807
   vertex 0.00025902 -0.101693 0.245193
  endloop
 endfacet
 facet normal -0.998017 -0.0629523 0
  outer loop
   vertex 0.000145749 -0.0998971 0.144603
   vertex 0.00025902 -0.101693 0.142807
   vertex 0.000145749 -0.0998971 0.243397
  endloop
 endfacet
 facet normal -0.996723 -0.0808962 0
  outer loop
   vertex 0.00025902 -0.101693 0.245193
   vertex 0.000404537 -0.103486 0.141014
   vertex 0.000404537 -0.103486 0.246986
  endloop
 endfacet
 facet normal -0.996723 -0.0808962 0
  outer loop
   vertex 0.00025902 -0.101693 0.142807
   vertex 0.000404537 -0.103486 0.141014
   vertex 0.00025902 -0.101693 0.245193
  endloop
 endfacet
 facet normal -0.995106 -0.0988083 0
  outer loop
   vertex 0.000404537 -0.103486 0.246986
   vertex 0.00058221 -0.105275 0.139225
   vertex 0.00058221 -0.105275 0.248775
  endloop
 endfacet
 facet normal -0.995106 -0.0988083 0
  outer loop
   vertex 0.000404537 -0.103486 0.141014
   vertex 0.00058221 -0.105275 0.139225
   vertex 0.000404537 -0.103486 0.246986
  endloop
 endfacet
 facet normal -0.993169 -0.116681 0
  outer loop
   vertex 0.00058221 -0.105275 0.248775
   vertex 0.000791927 -0.10706 0.13744
   vertex 0.000791927 -0.10706 0.25056
  endloop
 endfacet
 facet normal -0.993169 -0.116681 0
  outer loop
   vertex 0.00058221 -0.105275 0.139225
   vertex 0.000791927 -0.10706 0.13744
   vertex 0.00058221 -0.105275 0.248775
  endloop
 endfacet
 facet normal -0.990913 -0.134508 0
  outer loop
   vertex 0.000791927 -0.10706 0.25056
   vertex 0.00103356 -0.10884 0.13566
   vertex 0.00103356 -0.10884 0.25234
  endloop
 endfacet
 facet normal -0.990913 -0.134508 0
  outer loop
   vertex 0.000791927 -0.10706 0.13744
   vertex 0.00103356 -0.10884 0.13566
   vertex 0.000791927 -0.10706 0.25056
  endloop
 endfacet
 facet normal -0.988337 -0.152281 0
  outer loop
   vertex 0.00103356 -0.10884 0.25234
   vertex 0.00130695 -0.110615 0.133885
   vertex 0.00130695 -0.110615 0.254115
  endloop
 endfacet
 facet normal -0.988337 -0.152281 0
  outer loop
   vertex 0.00103356 -0.10884 0.13566
   vertex 0.00130695 -0.110615 0.133885
   vertex 0.00103356 -0.10884 0.25234
  endloop
 endfacet
 facet normal -0.985445 -0.169994 0
  outer loop
   vertex 0.00130695 -0.110615 0.254115
   vertex 0.00161194 -0.112383 0.132117
   vertex 0.00161194 -0.112383 0.255883
  endloop
 endfacet
 facet normal -0.985445 -0.169994 0
  outer loop
   vertex 0.00130695 -0.110615 0.133885
   vertex 0.00161194 -0.112383 0.132117
   vertex 0.00130695 -0.110615 0.254115
  endloop
 endfacet
 facet normal -0.982238 -0.187639 0
  outer loop
   vertex 0.00161194 -0.112383 0.255883
   vertex 0.00194833 -0.114144 0.130356
   vertex 0.00194833 -0.114144 0.257644
  endloop
 endfacet
 facet normal -0.982238 -0.187639 0
  outer loop
   vertex 0.00161194 -0.112383 0.132117
   vertex 0.00194833 -0.114144 0.130356
   vertex 0.00161194 -0.112383 0.255883
  endloop
 endfacet
 facet normal -0.978718 -0.205209 0
  outer loop
   vertex 0.00194833 -0.114144 0.257644
   vertex 0.0023159 -0.115897 0.128603
   vertex 0.0023159 -0.115897 0.259397
  endloop
 endfacet
 facet normal -0.978718 -0.205209 0
  outer loop
   vertex 0.00194833 -0.114144 0.130356
   vertex 0.0023159 -0.115897 0.128603
   vertex 0.00194833 -0.114144 0.257644
  endloop
 endfacet
 facet normal -0.974887 -0.222699 0
  outer loop
   vertex 0.0023159 -0.115897 0.259397
   vertex 0.00271444 -0.117641 0.126859
   vertex 0.00271444 -0.117641 0.261141
  endloop
 endfacet
 facet normal -0.974887 -0.222699 0
  outer loop
   vertex 0.0023159 -0.115897 0.128603
   vertex 0.00271444 -0.117641 0.126859
   vertex 0.0023159 -0.115897 0.259397
  endloop
 endfacet
 facet normal -0.970748 -0.2401 0
  outer loop
   vertex 0.00271444 -0.117641 0.261141
   vertex 0.0031437 -0.119377 0.125123
   vertex 0.0031437 -0.119377 0.262877
  endloop
 endfacet
 facet normal -0.970748 -0.2401 0
  outer loop
   vertex 0.00271444 -0.117641 0.126859
   vertex 0.0031437 -0.119377 0.125123
   vertex 0.00271444 -0.117641 0.261141
  endloop
 endfacet
 facet normal -0.966303 -0.257407 0
  outer loop
   vertex 0.0031437 -0.119377 0.262877
   vertex 0.00360339 -0.121103 0.123397
   vertex 0.00360339 -0.121103 0.264603
  endloop
 endfacet
 facet normal -0.966303 -0.257407 0
  outer loop
   vertex 0.0031437 -0.119377 0.125123
   vertex 0.00360339 -0.121103 0.123397
   vertex 0.0031437 -0.119377 0.262877
  endloop
 endfacet
 facet normal -0.961555 -0.274613 0
  outer loop
   vertex 0.00360339 -0.121103 0.264603
   vertex 0.00409326 -0.122818 0.121682
   vertex 0.00409326 -0.122818 0.266318
  endloop
 endfacet
 facet normal -0.961555 -0.274613 0
  outer loop
   vertex 0.00360339 -0.121103 0.123397
   vertex 0.00409326 -0.122818 0.121682
   vertex 0.00360339 -0.121103 0.264603
  endloop
 endfacet
 facet normal -0.956507 -0.291711 0
  outer loop
   vertex 0.00409326 -0.122818 0.266318
   vertex 0.00461299 -0.124522 0.119978
   vertex 0.00461299 -0.124522 0.268022
  endloop
 endfacet
 facet normal -0.956507 -0.291711 0
  outer loop
   vertex 0.00409326 -0.122818 0.121682
   vertex 0.00461299 -0.124522 0.119978
   vertex 0.00409326 -0.122818 0.266318
  endloop
 endfacet
 facet normal -0.951161 -0.308694 0
  outer loop
   vertex 0.00461299 -0.124522 0.268022
   vertex 0.00516226 -0.126214 0.118286
   vertex 0.00516226 -0.126214 0.269714
  endloop
 endfacet
 facet normal -0.951161 -0.308694 0
  outer loop
   vertex 0.00461299 -0.124522 0.119978
   vertex 0.00516226 -0.126214 0.118286
   vertex 0.00461299 -0.124522 0.268022
  endloop
 endfacet
 facet normal -0.945522 -0.325557 0
  outer loop
   vertex 0.00516226 -0.126214 0.269714
   vertex 0.00574074 -0.127895 0.116605
   vertex 0.00574074 -0.127895 0.271395
  endloop
 endfacet
 facet normal -0.945522 -0.325557 0
  outer loop
   vertex 0.00516226 -0.126214 0.118286
   vertex 0.00574074 -0.127895 0.116605
   vertex 0.00516226 -0.126214 0.269714
  endloop
 endfacet
 facet normal -0.939593 -0.342295 0
  outer loop
   vertex 0.00574074 -0.127895 0.271395
   vertex 0.00634809 -0.129562 0.114938
   vertex 0.00634809 -0.129562 0.273062
  endloop
 endfacet
 facet normal -0.939593 -0.342295 0
  outer loop
   vertex 0.00574074 -0.127895 0.116605
   vertex 0.00634809 -0.129562 0.114938
   vertex 0.00574074 -0.127895 0.271395
  endloop
 endfacet
 facet normal -0.933377 -0.358897 0
  outer loop
   vertex 0.00634809 -0.129562 0.273062
   vertex 0.00698394 -0.131215 0.113285
   vertex 0.00698394 -0.131215 0.274715
  endloop
 endfacet
 facet normal -0.933377 -0.358897 0
  outer loop
   vertex 0.00634809 -0.129562 0.114938
   vertex 0.00698394 -0.131215 0.113285
   vertex 0.00634809 -0.129562 0.273062
  endloop
 endfacet
 facet normal -0.926876 -0.375367 0
  outer loop
   vertex 0.00698394 -0.131215 0.274715
   vertex 0.0076479 -0.132855 0.111645
   vertex 0.0076479 -0.132855 0.276355
  endloop
 endfacet
 facet normal -0.926876 -0.375367 0
  outer loop
   vertex 0.00698394 -0.131215 0.113285
   vertex 0.0076479 -0.132855 0.111645
   vertex 0.00698394 -0.131215 0.274715
  endloop
 endfacet
 facet normal -0.920099 -0.391686 0
  outer loop
   vertex 0.0076479 -0.132855 0.276355
   vertex 0.00833959 -0.13448 0.11002
   vertex 0.00833959 -0.13448 0.27798
  endloop
 endfacet
 facet normal -0.920099 -0.391686 0
  outer loop
   vertex 0.0076479 -0.132855 0.111645
   vertex 0.00833959 -0.13448 0.11002
   vertex 0.0076479 -0.132855 0.276355
  endloop
 endfacet
 facet normal -0.913044 -0.40786 0
  outer loop
   vertex 0.00833959 -0.13448 0.27798
   vertex 0.0090586 -0.136089 0.108411
   vertex 0.0090586 -0.136089 0.279589
  endloop
 endfacet
 facet normal -0.913044 -0.40786 0
  outer loop
   vertex 0.00833959 -0.13448 0.11002
   vertex 0.0090586 -0.136089 0.108411
   vertex 0.00833959 -0.13448 0.27798
  endloop
 endfacet
 facet normal -0.90572 -0.423876 0
  outer loop
   vertex 0.0090586 -0.136089 0.279589
   vertex 0.00980451 -0.137683 0.106817
   vertex 0.00980451 -0.137683 0.281183
  endloop
 endfacet
 facet normal -0.90572 -0.423876 0
  outer loop
   vertex 0.0090586 -0.136089 0.108411
   vertex 0.00980451 -0.137683 0.106817
   vertex 0.0090586 -0.136089 0.279589
  endloop
 endfacet
 facet normal -0.898127 -0.439735 0
  outer loop
   vertex 0.00980451 -0.137683 0.281183
   vertex 0.0105769 -0.139261 0.105239
   vertex 0.0105769 -0.139261 0.282761
  endloop
 endfacet
 facet normal -0.898127 -0.439735 0
  outer loop
   vertex 0.00980451 -0.137683 0.106817
   vertex 0.0105769 -0.139261 0.105239
   vertex 0.00980451 -0.137683 0.281183
  endloop
 endfacet
 facet normal -0.890272 -0.455429 0
  outer loop
   vertex 0.0105769 -0.139261 0.105239
   vertex 0.0113753 -0.140821 0.103679
   vertex 0.0105769 -0.139261 0.282761
  endloop
 endfacet
 facet normal -0.890272 -0.455429 0
  outer loop
   vertex 0.0105769 -0.139261 0.282761
   vertex 0.0113753 -0.140821 0.103679
   vertex 0.0113753 -0.140821 0.284321
  endloop
 endfacet
 facet normal -0.882162 -0.470947 0
  outer loop
   vertex 0.0113753 -0.140821 0.103679
   vertex 0.0121993 -0.142365 0.102135
   vertex 0.0113753 -0.140821 0.284321
  endloop
 endfacet
 facet normal -0.882162 -0.470947 0
  outer loop
   vertex 0.0113753 -0.140821 0.284321
   vertex 0.0121993 -0.142365 0.102135
   vertex 0.0121993 -0.142365 0.285865
  endloop
 endfacet
 facet normal -0.873795 -0.486294 0
  outer loop
   vertex 0.0121993 -0.142365 0.102135
   vertex 0.0130484 -0.14389 0.10061
   vertex 0.0121993 -0.142365 0.285865
  endloop
 endfacet
 facet normal -0.873795 -0.486294 0
  outer loop
   vertex 0.0121993 -0.142365 0.285865
   vertex 0.0130484 -0.14389 0.10061
   vertex 0.0130484 -0.14389 0.28739
  endloop
 endfacet
 facet normal -0.86518 -0.501461 0
  outer loop
   vertex 0.0130484 -0.14389 0.10061
   vertex 0.0139221 -0.145398 0.0991021
   vertex 0.0130484 -0.14389 0.28739
  endloop
 endfacet
 facet normal -0.86518 -0.501461 0
  outer loop
   vertex 0.0130484 -0.14389 0.28739
   vertex 0.0139221 -0.145398 0.0991021
   vertex 0.0139221 -0.145398 0.288898
  endloop
 endfacet
 facet normal -0.856321 -0.516444 0
  outer loop
   vertex 0.0139221 -0.145398 0.0991021
   vertex 0.01482 -0.146887 0.0976133
   vertex 0.0139221 -0.145398 0.288898
  endloop
 endfacet
 facet normal -0.856321 -0.516444 0
  outer loop
   vertex 0.0139221 -0.145398 0.288898
   vertex 0.01482 -0.146887 0.0976133
   vertex 0.01482 -0.146887 0.290387
  endloop
 endfacet
 facet normal -0.847224 -0.531235 0
  outer loop
   vertex 0.01482 -0.146887 0.0976133
   vertex 0.0157416 -0.148356 0.0961435
   vertex 0.01482 -0.146887 0.290387
  endloop
 endfacet
 facet normal -0.847224 -0.531235 0
  outer loop
   vertex 0.01482 -0.146887 0.290387
   vertex 0.0157416 -0.148356 0.0961435
   vertex 0.0157416 -0.148356 0.291856
  endloop
 endfacet
 facet normal -0.837892 -0.545835 0
  outer loop
   vertex 0.0157416 -0.148356 0.0961435
   vertex 0.0166863 -0.149807 0.0946933
   vertex 0.0157416 -0.148356 0.291856
  endloop
 endfacet
 facet normal -0.837892 -0.545835 0
  outer loop
   vertex 0.0157416 -0.148356 0.291856
   vertex 0.0166863 -0.149807 0.0946933
   vertex 0.0166863 -0.149807 0.293307
  endloop
 endfacet
 facet normal -0.828331 -0.560239 0
  outer loop
   vertex 0.0166863 -0.149807 0.0946933
   vertex 0.0176538 -0.151237 0.0932629
   vertex 0.0166863 -0.149807 0.293307
  endloop
 endfacet
 facet normal -0.828331 -0.560239 0
  outer loop
   vertex 0.0166863 -0.149807 0.293307
   vertex 0.0176538 -0.151237 0.0932629
   vertex 0.0176538 -0.151237 0.294737
  endloop
 endfacet
 facet normal -0.818543 -0.574445 0
  outer loop
   vertex 0.0176538 -0.151237 0.294737
   vertex 0.0186434 -0.152647 0.0918528
   vertex 0.0186434 -0.152647 0.296147
  endloop
 endfacet
 facet normal -0.818543 -0.574445 0
  outer loop
   vertex 0.0176538 -0.151237 0.0932629
   vertex 0.0186434 -0.152647 0.0918528
   vertex 0.0176538 -0.151237 0.294737
  endloop
 endfacet
 facet normal -0.80854 -0.588441 0
  outer loop
   vertex 0.0186434 -0.152647 0.296147
   vertex 0.0196546 -0.154037 0.0904633
   vertex 0.0196546 -0.154037 0.297537
  endloop
 endfacet
 facet normal -0.80854 -0.588441 0
  outer loop
   vertex 0.0186434 -0.152647 0.0918528
   vertex 0.0196546 -0.154037 0.0904633
   vertex 0.0186434 -0.152647 0.296147
  endloop
 endfacet
 facet normal -0.79832 -0.602233 0
  outer loop
   vertex 0.0196546 -0.154037 0.297537
   vertex 0.020687 -0.155405 0.0890947
   vertex 0.020687 -0.155405 0.298905
  endloop
 endfacet
 facet normal -0.79832 -0.602233 0
  outer loop
   vertex 0.0196546 -0.154037 0.0904633
   vertex 0.020687 -0.155405 0.0890947
   vertex 0.0196546 -0.154037 0.297537
  endloop
 endfacet
 facet normal -0.787893 -0.615812 0
  outer loop
   vertex 0.020687 -0.155405 0.298905
   vertex 0.0217401 -0.156753 0.0877474
   vertex 0.0217401 -0.156753 0.300253
  endloop
 endfacet
 facet normal -0.787893 -0.615812 0
  outer loop
   vertex 0.020687 -0.155405 0.0890947
   vertex 0.0217401 -0.156753 0.0877474
   vertex 0.020687 -0.155405 0.298905
  endloop
 endfacet
 facet normal -0.777263 -0.629176 0
  outer loop
   vertex 0.0217401 -0.156753 0.300253
   vertex 0.0228132 -0.158078 0.0864217
   vertex 0.0228132 -0.158078 0.301578
  endloop
 endfacet
 facet normal -0.777263 -0.629176 0
  outer loop
   vertex 0.0217401 -0.156753 0.0877474
   vertex 0.0228132 -0.158078 0.0864217
   vertex 0.0217401 -0.156753 0.300253
  endloop
 endfacet
 facet normal -0.766432 -0.642325 0
  outer loop
   vertex 0.0228132 -0.158078 0.301578
   vertex 0.0239059 -0.159382 0.0851179
   vertex 0.0239059 -0.159382 0.302882
  endloop
 endfacet
 facet normal -0.755408 -0.655255 -0
  outer loop
   vertex 0.0239059 -0.159382 0.302882
   vertex 0.0239059 -0.159382 0.0851179
   vertex 0.0250177 -0.160664 0.304164
  endloop
 endfacet
 facet normal -0.766432 -0.642325 0
  outer loop
   vertex 0.0228132 -0.158078 0.0864217
   vertex 0.0239059 -0.159382 0.0851179
   vertex 0.0228132 -0.158078 0.301578
  endloop
 endfacet
 facet normal -0.755408 -0.655255 0
  outer loop
   vertex 0.0239059 -0.159382 0.0851179
   vertex 0.0250177 -0.160664 0.0838362
   vertex 0.0250177 -0.160664 0.304164
  endloop
 endfacet
 facet normal -0.7442 -0.667957 0
  outer loop
   vertex 0.0250177 -0.160664 0.304164
   vertex 0.026148 -0.161923 0.0825768
   vertex 0.026148 -0.161923 0.305423
  endloop
 endfacet
 facet normal -0.7442 -0.667957 0
  outer loop
   vertex 0.0250177 -0.160664 0.0838362
   vertex 0.026148 -0.161923 0.0825768
   vertex 0.0250177 -0.160664 0.304164
  endloop
 endfacet
 facet normal -0.732803 -0.680441 0
  outer loop
   vertex 0.026148 -0.161923 0.305423
   vertex 0.0272963 -0.16316 0.0813401
   vertex 0.0272963 -0.16316 0.30666
  endloop
 endfacet
 facet normal -0.732803 -0.680441 0
  outer loop
   vertex 0.026148 -0.161923 0.0825768
   vertex 0.0272963 -0.16316 0.0813401
   vertex 0.026148 -0.161923 0.305423
  endloop
 endfacet
 facet normal -0.721235 -0.69269 0
  outer loop
   vertex 0.0272963 -0.16316 0.30666
   vertex 0.0284621 -0.164374 0.0801263
   vertex 0.0284621 -0.164374 0.307874
  endloop
 endfacet
 facet normal -0.721235 -0.69269 0
  outer loop
   vertex 0.0272963 -0.16316 0.0813401
   vertex 0.0284621 -0.164374 0.0801263
   vertex 0.0272963 -0.16316 0.30666
  endloop
 endfacet
 facet normal -0.709489 -0.704716 0
  outer loop
   vertex 0.0284621 -0.164374 0.307874
   vertex 0.0296449 -0.165564 0.0789356
   vertex 0.0296449 -0.165564 0.309064
  endloop
 endfacet
 facet normal -0.697578 -0.716509 -0
  outer loop
   vertex 0.0296449 -0.165564 0.309064
   vertex 0.0296449 -0.165564 0.0789356
   vertex 0.0308441 -0.166732 0.310232
  endloop
 endfacet
 facet normal -0.709489 -0.704716 0
  outer loop
   vertex 0.0284621 -0.164374 0.0801263
   vertex 0.0296449 -0.165564 0.0789356
   vertex 0.0284621 -0.164374 0.307874
  endloop
 endfacet
 facet normal -0.685508 -0.728065 -0
  outer loop
   vertex 0.0308441 -0.166732 0.310232
   vertex 0.0308441 -0.166732 0.077768
   vertex 0.0320592 -0.167876 0.311376
  endloop
 endfacet
 facet normal -0.697578 -0.716509 0
  outer loop
   vertex 0.0296449 -0.165564 0.0789356
   vertex 0.0308441 -0.166732 0.077768
   vertex 0.0308441 -0.166732 0.310232
  endloop
 endfacet
 facet normal -0.673279 -0.739389 -0
  outer loop
   vertex 0.0320592 -0.167876 0.311376
   vertex 0.0320592 -0.167876 0.0766239
   vertex 0.0332897 -0.168997 0.312497
  endloop
 endfacet
 facet normal -0.685508 -0.728065 0
  outer loop
   vertex 0.0308441 -0.166732 0.077768
   vertex 0.0320592 -0.167876 0.0766239
   vertex 0.0320592 -0.167876 0.311376
  endloop
 endfacet
 facet normal -0.660901 -0.750474 -0
  outer loop
   vertex 0.0332897 -0.168997 0.312497
   vertex 0.0332897 -0.168997 0.0755034
   vertex 0.0345351 -0.170093 0.313593
  endloop
 endfacet
 facet normal -0.673279 -0.739389 0
  outer loop
   vertex 0.0320592 -0.167876 0.0766239
   vertex 0.0332897 -0.168997 0.0755034
   vertex 0.0332897 -0.168997 0.312497
  endloop
 endfacet
 facet normal -0.648369 -0.761326 -0
  outer loop
   vertex 0.0345351 -0.170093 0.313593
   vertex 0.0345351 -0.170093 0.0744067
   vertex 0.0357949 -0.171166 0.314666
  endloop
 endfacet
 facet normal -0.660901 -0.750474 0
  outer loop
   vertex 0.0332897 -0.168997 0.0755034
   vertex 0.0345351 -0.170093 0.0744067
   vertex 0.0345351 -0.170093 0.313593
  endloop
 endfacet
 facet normal -0.635705 -0.771932 -0
  outer loop
   vertex 0.0357949 -0.171166 0.314666
   vertex 0.0357949 -0.171166 0.0733338
   vertex 0.0370686 -0.172215 0.315715
  endloop
 endfacet
 facet normal -0.648369 -0.761326 0
  outer loop
   vertex 0.0345351 -0.170093 0.0744067
   vertex 0.0357949 -0.171166 0.0733338
   vertex 0.0357949 -0.171166 0.314666
  endloop
 endfacet
 facet normal -0.622897 -0.782304 -0
  outer loop
   vertex 0.0370686 -0.172215 0.315715
   vertex 0.0370686 -0.172215 0.0722849
   vertex 0.0383557 -0.17324 0.31674
  endloop
 endfacet
 facet normal -0.635705 -0.771932 0
  outer loop
   vertex 0.0357949 -0.171166 0.0733338
   vertex 0.0370686 -0.172215 0.0722849
   vertex 0.0370686 -0.172215 0.315715
  endloop
 endfacet
 facet normal -0.609964 -0.792429 -0
  outer loop
   vertex 0.0383557 -0.17324 0.31674
   vertex 0.0383557 -0.17324 0.07126
   vertex 0.0396557 -0.174241 0.317741
  endloop
 endfacet
 facet normal -0.622897 -0.782304 0
  outer loop
   vertex 0.0370686 -0.172215 0.0722849
   vertex 0.0383557 -0.17324 0.07126
   vertex 0.0383557 -0.17324 0.31674
  endloop
 endfacet
 facet normal -0.609964 -0.792429 0
  outer loop
   vertex 0.0383557 -0.17324 0.07126
   vertex 0.0396557 -0.174241 0.0702594
   vertex 0.0396557 -0.174241 0.317741
  endloop
 endfacet
 facet normal -0.596905 -0.802312 -0
  outer loop
   vertex 0.0396557 -0.174241 0.317741
   vertex 0.0396557 -0.174241 0.0702594
   vertex 0.0409681 -0.175217 0.318717
  endloop
 endfacet
 facet normal -0.596905 -0.802312 0
  outer loop
   vertex 0.0396557 -0.174241 0.0702594
   vertex 0.0409681 -0.175217 0.069283
   vertex 0.0409681 -0.175217 0.318717
  endloop
 endfacet
 facet normal -0.583713 -0.81196 -0
  outer loop
   vertex 0.0409681 -0.175217 0.318717
   vertex 0.0409681 -0.175217 0.069283
   vertex 0.0422925 -0.176169 0.319669
  endloop
 endfacet
 facet normal -0.583713 -0.81196 0
  outer loop
   vertex 0.0409681 -0.175217 0.069283
   vertex 0.0422925 -0.176169 0.0683309
   vertex 0.0422925 -0.176169 0.319669
  endloop
 endfacet
 facet normal -0.570415 -0.821357 -0
  outer loop
   vertex 0.0422925 -0.176169 0.319669
   vertex 0.0422925 -0.176169 0.0683309
   vertex 0.0436283 -0.177097 0.320597
  endloop
 endfacet
 facet normal -0.570415 -0.821357 0
  outer loop
   vertex 0.0422925 -0.176169 0.0683309
   vertex 0.0436283 -0.177097 0.0674032
   vertex 0.0436283 -0.177097 0.320597
  endloop
 endfacet
 facet normal -0.557001 -0.830512 -0
  outer loop
   vertex 0.0436283 -0.177097 0.320597
   vertex 0.0436283 -0.177097 0.0674032
   vertex 0.0449751 -0.178 0.3215
  endloop
 endfacet
 facet normal -0.557001 -0.830512 0
  outer loop
   vertex 0.0436283 -0.177097 0.0674032
   vertex 0.0449751 -0.178 0.0664999
   vertex 0.0449751 -0.178 0.3215
  endloop
 endfacet
 facet normal -0.543482 -0.839421 -0
  outer loop
   vertex 0.0449751 -0.178 0.3215
   vertex 0.0449751 -0.178 0.0664999
   vertex 0.0463325 -0.178879 0.322379
  endloop
 endfacet
 facet normal -0.543482 -0.839421 0
  outer loop
   vertex 0.0449751 -0.178 0.0664999
   vertex 0.0463325 -0.178879 0.0656211
   vertex 0.0463325 -0.178879 0.322379
  endloop
 endfacet
 facet normal -0.529853 -0.848089 -0
  outer loop
   vertex 0.0463325 -0.178879 0.322379
   vertex 0.0463325 -0.178879 0.0656211
   vertex 0.0477001 -0.179733 0.323233
  endloop
 endfacet
 facet normal -0.529853 -0.848089 0
  outer loop
   vertex 0.0463325 -0.178879 0.0656211
   vertex 0.0477001 -0.179733 0.0647667
   vertex 0.0477001 -0.179733 0.323233
  endloop
 endfacet
 facet normal -0.516131 -0.856509 -0
  outer loop
   vertex 0.0477001 -0.179733 0.323233
   vertex 0.0477001 -0.179733 0.0647667
   vertex 0.0490773 -0.180563 0.324063
  endloop
 endfacet
 facet normal -0.516131 -0.856509 0
  outer loop
   vertex 0.0477001 -0.179733 0.0647667
   vertex 0.0490773 -0.180563 0.0639368
   vertex 0.0490773 -0.180563 0.324063
  endloop
 endfacet
 facet normal -0.502309 -0.864688 -0
  outer loop
   vertex 0.0490773 -0.180563 0.324063
   vertex 0.0490773 -0.180563 0.0639368
   vertex 0.0504637 -0.181369 0.324869
  endloop
 endfacet
 facet normal -0.502309 -0.864688 0
  outer loop
   vertex 0.0490773 -0.180563 0.0639368
   vertex 0.0504637 -0.181369 0.0631314
   vertex 0.0504637 -0.181369 0.324869
  endloop
 endfacet
 facet normal -0.4884 -0.87262 -0
  outer loop
   vertex 0.0504637 -0.181369 0.324869
   vertex 0.0504637 -0.181369 0.0631314
   vertex 0.051859 -0.18215 0.32565
  endloop
 endfacet
 facet normal -0.4884 -0.87262 0
  outer loop
   vertex 0.0504637 -0.181369 0.0631314
   vertex 0.051859 -0.18215 0.0623505
   vertex 0.051859 -0.18215 0.32565
  endloop
 endfacet
 facet normal -0.474406 -0.880306 -0
  outer loop
   vertex 0.051859 -0.18215 0.32565
   vertex 0.051859 -0.18215 0.0623505
   vertex 0.0532627 -0.182906 0.326406
  endloop
 endfacet
 facet normal -0.474406 -0.880306 0
  outer loop
   vertex 0.051859 -0.18215 0.0623505
   vertex 0.0532627 -0.182906 0.061594
   vertex 0.0532627 -0.182906 0.326406
  endloop
 endfacet
 facet normal -0.460333 -0.887746 -0
  outer loop
   vertex 0.0532627 -0.182906 0.326406
   vertex 0.0532627 -0.182906 0.061594
   vertex 0.0546744 -0.183638 0.327138
  endloop
 endfacet
 facet normal -0.460333 -0.887746 0
  outer loop
   vertex 0.0532627 -0.182906 0.061594
   vertex 0.0546744 -0.183638 0.060862
   vertex 0.0546744 -0.183638 0.327138
  endloop
 endfacet
 facet normal -0.446168 -0.894949 -0
  outer loop
   vertex 0.0546744 -0.183638 0.327138
   vertex 0.0546744 -0.183638 0.060862
   vertex 0.0560938 -0.184346 0.327846
  endloop
 endfacet
 facet normal -0.446168 -0.894949 0
  outer loop
   vertex 0.0546744 -0.183638 0.060862
   vertex 0.0560938 -0.184346 0.0601543
   vertex 0.0560938 -0.184346 0.327846
  endloop
 endfacet
 facet normal -0.43195 -0.901898 -0
  outer loop
   vertex 0.0560938 -0.184346 0.327846
   vertex 0.0560938 -0.184346 0.0601543
   vertex 0.0575204 -0.185029 0.328529
  endloop
 endfacet
 facet normal -0.43195 -0.901898 0
  outer loop
   vertex 0.0560938 -0.184346 0.0601543
   vertex 0.0575204 -0.185029 0.0594711
   vertex 0.0575204 -0.185029 0.328529
  endloop
 endfacet
 facet normal -0.417639 -0.908613 -0
  outer loop
   vertex 0.0575204 -0.185029 0.328529
   vertex 0.0575204 -0.185029 0.0594711
   vertex 0.0589539 -0.185688 0.329188
  endloop
 endfacet
 facet normal -0.417639 -0.908613 0
  outer loop
   vertex 0.0575204 -0.185029 0.0594711
   vertex 0.0589539 -0.185688 0.0588122
   vertex 0.0589539 -0.185688 0.329188
  endloop
 endfacet
 facet normal -0.403268 -0.915082 -0
  outer loop
   vertex 0.0589539 -0.185688 0.329188
   vertex 0.0589539 -0.185688 0.0588122
   vertex 0.0603939 -0.186322 0.329822
  endloop
 endfacet
 facet normal -0.403268 -0.915082 0
  outer loop
   vertex 0.0589539 -0.185688 0.0588122
   vertex 0.0603939 -0.186322 0.0581776
   vertex 0.0603939 -0.186322 0.329822
  endloop
 endfacet
 facet normal -0.388848 -0.921302 -0
  outer loop
   vertex 0.0603939 -0.186322 0.329822
   vertex 0.0603939 -0.186322 0.0581776
   vertex 0.0618402 -0.186933 0.330433
  endloop
 endfacet
 facet normal -0.388848 -0.921302 0
  outer loop
   vertex 0.0603939 -0.186322 0.0581776
   vertex 0.0618402 -0.186933 0.0575672
   vertex 0.0618402 -0.186933 0.330433
  endloop
 endfacet
 facet normal -0.374347 -0.927289 -0
  outer loop
   vertex 0.0618402 -0.186933 0.330433
   vertex 0.0618402 -0.186933 0.0575672
   vertex 0.0632922 -0.187519 0.331019
  endloop
 endfacet
 facet normal -0.359797 -0.93303 -0
  outer loop
   vertex 0.0632922 -0.187519 0.331019
   vertex 0.0632922 -0.187519 0.056981
   vertex 0.0647498 -0.188081 0.331581
  endloop
 endfacet
 facet normal -0.374347 -0.927289 0
  outer loop
   vertex 0.0618402 -0.186933 0.0575672
   vertex 0.0632922 -0.187519 0.056981
   vertex 0.0632922 -0.187519 0.331019
  endloop
 endfacet
 facet normal -0.345203 -0.938528 -0
  outer loop
   vertex 0.0647498 -0.188081 0.331581
   vertex 0.0647498 -0.188081 0.0564189
   vertex 0.0662126 -0.188619 0.332119
  endloop
 endfacet
 facet normal -0.359797 -0.93303 0
  outer loop
   vertex 0.0632922 -0.187519 0.056981
   vertex 0.0647498 -0.188081 0.0564189
   vertex 0.0647498 -0.188081 0.331581
  endloop
 endfacet
 facet normal -0.330548 -0.943789 -0
  outer loop
   vertex 0.0662126 -0.188619 0.332119
   vertex 0.0662126 -0.188619 0.0558809
   vertex 0.0676802 -0.189133 0.332633
  endloop
 endfacet
 facet normal -0.345203 -0.938528 0
  outer loop
   vertex 0.0647498 -0.188081 0.0564189
   vertex 0.0662126 -0.188619 0.0558809
   vertex 0.0662126 -0.188619 0.332119
  endloop
 endfacet
 facet normal -0.315843 -0.948812 -0
  outer loop
   vertex 0.0676802 -0.189133 0.332633
   vertex 0.0676802 -0.189133 0.0553669
   vertex 0.0691525 -0.189623 0.333123
  endloop
 endfacet
 facet normal -0.330548 -0.943789 0
  outer loop
   vertex 0.0662126 -0.188619 0.0558809
   vertex 0.0676802 -0.189133 0.0553669
   vertex 0.0676802 -0.189133 0.332633
  endloop
 endfacet
 facet normal -0.301098 -0.953593 -0
  outer loop
   vertex 0.0691525 -0.189623 0.333123
   vertex 0.0691525 -0.189623 0.0548768
   vertex 0.070629 -0.190089 0.333589
  endloop
 endfacet
 facet normal -0.315843 -0.948812 0
  outer loop
   vertex 0.0676802 -0.189133 0.0553669
   vertex 0.0691525 -0.189623 0.0548768
   vertex 0.0691525 -0.189623 0.333123
  endloop
 endfacet
 facet normal -0.286319 -0.958134 -0
  outer loop
   vertex 0.070629 -0.190089 0.333589
   vertex 0.070629 -0.190089 0.0544105
   vertex 0.0721095 -0.190532 0.334032
  endloop
 endfacet
 facet normal -0.301098 -0.953593 0
  outer loop
   vertex 0.0691525 -0.189623 0.0548768
   vertex 0.070629 -0.190089 0.0544105
   vertex 0.070629 -0.190089 0.333589
  endloop
 endfacet
 facet normal -0.271493 -0.96244 -0
  outer loop
   vertex 0.0721095 -0.190532 0.334032
   vertex 0.0721095 -0.190532 0.0539681
   vertex 0.0735938 -0.190951 0.334451
  endloop
 endfacet
 facet normal -0.286319 -0.958134 0
  outer loop
   vertex 0.070629 -0.190089 0.0544105
   vertex 0.0721095 -0.190532 0.0539681
   vertex 0.0721095 -0.190532 0.334032
  endloop
 endfacet
 facet normal -0.256629 -0.96651 -0
  outer loop
   vertex 0.0735938 -0.190951 0.334451
   vertex 0.0735938 -0.190951 0.0535494
   vertex 0.0750816 -0.191346 0.334846
  endloop
 endfacet
 facet normal -0.271493 -0.96244 0
  outer loop
   vertex 0.0721095 -0.190532 0.0539681
   vertex 0.0735938 -0.190951 0.0535494
   vertex 0.0735938 -0.190951 0.334451
  endloop
 endfacet
 facet normal -0.256629 -0.96651 0
  outer loop
   vertex 0.0735938 -0.190951 0.0535494
   vertex 0.0750816 -0.191346 0.0531544
   vertex 0.0750816 -0.191346 0.334846
  endloop
 endfacet
 facet normal -0.241738 -0.970342 -0
  outer loop
   vertex 0.0750816 -0.191346 0.334846
   vertex 0.0750816 -0.191346 0.0531544
   vertex 0.0765726 -0.191717 0.335217
  endloop
 endfacet
 facet normal -0.241738 -0.970342 0
  outer loop
   vertex 0.0750816 -0.191346 0.0531544
   vertex 0.0765726 -0.191717 0.0527829
   vertex 0.0765726 -0.191717 0.335217
  endloop
 endfacet
 facet normal -0.226809 -0.973939 -0
  outer loop
   vertex 0.0765726 -0.191717 0.335217
   vertex 0.0765726 -0.191717 0.0527829
   vertex 0.0780666 -0.192065 0.335565
  endloop
 endfacet
 facet normal -0.226809 -0.973939 0
  outer loop
   vertex 0.0765726 -0.191717 0.0527829
   vertex 0.0780666 -0.192065 0.052435
   vertex 0.0780666 -0.192065 0.335565
  endloop
 endfacet
 facet normal -0.211862 -0.9773 -0
  outer loop
   vertex 0.0780666 -0.192065 0.335565
   vertex 0.0780666 -0.192065 0.052435
   vertex 0.0795633 -0.192389 0.335889
  endloop
 endfacet
 facet normal -0.211862 -0.9773 0
  outer loop
   vertex 0.0780666 -0.192065 0.052435
   vertex 0.0795633 -0.192389 0.0521106
   vertex 0.0795633 -0.192389 0.335889
  endloop
 endfacet
 facet normal -0.196877 -0.980428 -0
  outer loop
   vertex 0.0795633 -0.192389 0.335889
   vertex 0.0795633 -0.192389 0.0521106
   vertex 0.0810625 -0.19269 0.33619
  endloop
 endfacet
 facet normal -0.196877 -0.980428 0
  outer loop
   vertex 0.0795633 -0.192389 0.0521106
   vertex 0.0810625 -0.19269 0.0518095
   vertex 0.0810625 -0.19269 0.33619
  endloop
 endfacet
 facet normal -0.181867 -0.983323 -0
  outer loop
   vertex 0.0810625 -0.19269 0.33619
   vertex 0.0810625 -0.19269 0.0518095
   vertex 0.082564 -0.192968 0.336468
  endloop
 endfacet
 facet normal -0.181867 -0.983323 0
  outer loop
   vertex 0.0810625 -0.19269 0.0518095
   vertex 0.082564 -0.192968 0.0515318
   vertex 0.082564 -0.192968 0.336468
  endloop
 endfacet
 facet normal -0.166849 -0.985983 -0
  outer loop
   vertex 0.082564 -0.192968 0.336468
   vertex 0.082564 -0.192968 0.0515318
   vertex 0.0840676 -0.193223 0.336723
  endloop
 endfacet
 facet normal -0.166849 -0.985983 0
  outer loop
   vertex 0.082564 -0.192968 0.0515318
   vertex 0.0840676 -0.193223 0.0512774
   vertex 0.0840676 -0.193223 0.336723
  endloop
 endfacet
 facet normal -0.151805 -0.98841 -0
  outer loop
   vertex 0.0840676 -0.193223 0.336723
   vertex 0.0840676 -0.193223 0.0512774
   vertex 0.0855731 -0.193454 0.336954
  endloop
 endfacet
 facet normal -0.151805 -0.98841 0
  outer loop
   vertex 0.0840676 -0.193223 0.0512774
   vertex 0.0855731 -0.193454 0.0510462
   vertex 0.0855731 -0.193454 0.336954
  endloop
 endfacet
 facet normal -0.136731 -0.990608 -0
  outer loop
   vertex 0.0855731 -0.193454 0.336954
   vertex 0.0855731 -0.193454 0.0510462
   vertex 0.0870802 -0.193662 0.337162
  endloop
 endfacet
 facet normal -0.136731 -0.990608 0
  outer loop
   vertex 0.0855731 -0.193454 0.0510462
   vertex 0.0870802 -0.193662 0.0508381
   vertex 0.0870802 -0.193662 0.337162
  endloop
 endfacet
 facet normal -0.121658 -0.992572 -0
  outer loop
   vertex 0.0870802 -0.193662 0.337162
   vertex 0.0870802 -0.193662 0.0508381
   vertex 0.0885888 -0.193847 0.337347
  endloop
 endfacet
 facet normal -0.121658 -0.992572 0
  outer loop
   vertex 0.0870802 -0.193662 0.0508381
   vertex 0.0885888 -0.193847 0.0506532
   vertex 0.0885888 -0.193847 0.337347
  endloop
 endfacet
 facet normal -0.106565 -0.994306 -0
  outer loop
   vertex 0.0885888 -0.193847 0.337347
   vertex 0.0885888 -0.193847 0.0506532
   vertex 0.0900987 -0.194009 0.337509
  endloop
 endfacet
 facet normal -0.106565 -0.994306 0
  outer loop
   vertex 0.0885888 -0.193847 0.0506532
   vertex 0.0900987 -0.194009 0.0504914
   vertex 0.0900987 -0.194009 0.337509
  endloop
 endfacet
 facet normal -0.0914647 -0.995808 -0
  outer loop
   vertex 0.0900987 -0.194009 0.337509
   vertex 0.0900987 -0.194009 0.0504914
   vertex 0.0916096 -0.194147 0.337647
  endloop
 endfacet
 facet normal -0.0914647 -0.995808 0
  outer loop
   vertex 0.0900987 -0.194009 0.0504914
   vertex 0.0916096 -0.194147 0.0503526
   vertex 0.0916096 -0.194147 0.337647
  endloop
 endfacet
 facet normal -0.0763513 -0.997081 0
  outer loop
   vertex 0.0916096 -0.194147 0.0503526
   vertex 0.0931214 -0.194263 0.0502369
   vertex 0.0916096 -0.194147 0.337647
  endloop
 endfacet
 facet normal -0.0763513 -0.997081 0
  outer loop
   vertex 0.0916096 -0.194147 0.337647
   vertex 0.0931214 -0.194263 0.0502369
   vertex 0.0931214 -0.194263 0.337763
  endloop
 endfacet
 facet normal -0.061221 -0.998124 -0
  outer loop
   vertex 0.0931214 -0.194263 0.337763
   vertex 0.0931214 -0.194263 0.0502369
   vertex 0.094634 -0.194356 0.337856
  endloop
 endfacet
 facet normal -0.061221 -0.998124 0
  outer loop
   vertex 0.0931214 -0.194263 0.0502369
   vertex 0.094634 -0.194356 0.0501441
   vertex 0.094634 -0.194356 0.337856
  endloop
 endfacet
 facet normal -0.0460981 -0.998937 0
  outer loop
   vertex 0.094634 -0.194356 0.0501441
   vertex 0.096147 -0.194426 0.0500743
   vertex 0.094634 -0.194356 0.337856
  endloop
 endfacet
 facet normal -0.0460981 -0.998937 0
  outer loop
   vertex 0.094634 -0.194356 0.337856
   vertex 0.096147 -0.194426 0.0500743
   vertex 0.096147 -0.194426 0.337926
  endloop
 endfacet
 facet normal -0.0309577 -0.999521 -0
  outer loop
   vertex 0.096147 -0.194426 0.337926
   vertex 0.096147 -0.194426 0.0500743
   vertex 0.0976605 -0.194473 0.337973
  endloop
 endfacet
 facet normal -0.0309577 -0.999521 0
  outer loop
   vertex 0.096147 -0.194426 0.0500743
   vertex 0.0976605 -0.194473 0.0500274
   vertex 0.0976605 -0.194473 0.337973
  endloop
 endfacet
 facet normal -0.0175563 -0.999846 -0
  outer loop
   vertex 0.0976605 -0.194473 0.337973
   vertex 0.0976605 -0.194473 0.0500274
   vertex 0.0988302 -0.194493 0.337993
  endloop
 endfacet
 facet normal -0.0175563 -0.999846 0
  outer loop
   vertex 0.0976605 -0.194473 0.0500274
   vertex 0.0988302 -0.194493 0.0500068
   vertex 0.0988302 -0.194493 0.337993
  endloop
 endfacet
 facet normal -0.00584339 -0.999983 0
  outer loop
   vertex 0.0988302 -0.194493 0.0500068
   vertex 0.1 -0.1945 0.05
   vertex 0.0988302 -0.194493 0.337993
  endloop
 endfacet
 facet normal -0.00584339 -0.999983 0
  outer loop
   vertex 0.0988302 -0.194493 0.337993
   vertex 0.1 -0.1945 0.05
   vertex 0.1 -0.1945 0.338
  endloop
 endfacet
 facet normal -0.999959 0 -0.00900015
  outer loop
   vertex 1.62e-05 -0.0962999 0.1482
   vertex -0 0.0945 0.15
   vertex 1.62e-05 0.0962999 0.1482
  endloop
 endfacet
 facet normal -0.999959 0 -0.00900015
  outer loop
   vertex 1.62e-05 -0.0962999 0.1482
   vertex -0 -0.0945 0.15
   vertex -0 0.0945 0.15
  endloop
 endfacet
 facet normal -0.999636 0 -0.0269963
  outer loop
   vertex 6.4793e-05 -0.0980992 0.146401
   vertex 1.62e-05 0.0962999 0.1482
   vertex 6.4793e-05 0.0980992 0.146401
  endloop
 endfacet
 facet normal -0.999636 0 -0.0269963
  outer loop
   vertex 6.4793e-05 -0.0980992 0.146401
   vertex 1.62e-05 -0.0962999 0.1482
   vertex 1.62e-05 0.0962999 0.1482
  endloop
 endfacet
 facet normal -0.998988 0 -0.0449837
  outer loop
   vertex 0.000145749 -0.0998971 0.144603
   vertex 6.4793e-05 -0.0980992 0.146401
   vertex 6.4793e-05 0.0980992 0.146401
  endloop
 endfacet
 facet normal -0.998988 0 -0.0449837
  outer loop
   vertex 0.000145749 -0.0998971 0.144603
   vertex 6.4793e-05 0.0980992 0.146401
   vertex 0.000145749 0.0998971 0.144603
  endloop
 endfacet
 facet normal -0.998017 0 -0.0629518
  outer loop
   vertex 0.00025902 -0.101693 0.142807
   vertex 0.000145749 0.0998971 0.144603
   vertex 0.00025902 0.101693 0.142807
  endloop
 endfacet
 facet normal -0.998017 0 -0.0629518
  outer loop
   vertex 0.00025902 -0.101693 0.142807
   vertex 0.000145749 -0.0998971 0.144603
   vertex 0.000145749 0.0998971 0.144603
  endloop
 endfacet
 facet normal -0.996723 0 -0.0808966
  outer loop
   vertex 0.000404537 -0.103486 0.141014
   vertex 0.00025902 0.101693 0.142807
   vertex 0.000404537 0.103486 0.141014
  endloop
 endfacet
 facet normal -0.996723 0 -0.0808966
  outer loop
   vertex 0.000404537 -0.103486 0.141014
   vertex 0.00025902 -0.101693 0.142807
   vertex 0.00025902 0.101693 0.142807
  endloop
 endfacet
 facet normal -0.995106 0 -0.0988087
  outer loop
   vertex 0.00058221 -0.105275 0.139225
   vertex 0.000404537 0.103486 0.141014
   vertex 0.00058221 0.105275 0.139225
  endloop
 endfacet
 facet normal -0.995106 0 -0.0988087
  outer loop
   vertex 0.00058221 -0.105275 0.139225
   vertex 0.000404537 -0.103486 0.141014
   vertex 0.000404537 0.103486 0.141014
  endloop
 endfacet
 facet normal -0.99317 0 -0.11668
  outer loop
   vertex 0.000791927 -0.10706 0.13744
   vertex 0.00058221 0.105275 0.139225
   vertex 0.000791927 0.10706 0.13744
  endloop
 endfacet
 facet normal -0.99317 0 -0.11668
  outer loop
   vertex 0.000791927 -0.10706 0.13744
   vertex 0.00058221 -0.105275 0.139225
   vertex 0.00058221 0.105275 0.139225
  endloop
 endfacet
 facet normal -0.990913 0 -0.134508
  outer loop
   vertex 0.00103356 -0.10884 0.13566
   vertex 0.000791927 0.10706 0.13744
   vertex 0.00103356 0.10884 0.13566
  endloop
 endfacet
 facet normal -0.990913 0 -0.134508
  outer loop
   vertex 0.00103356 -0.10884 0.13566
   vertex 0.000791927 -0.10706 0.13744
   vertex 0.000791927 0.10706 0.13744
  endloop
 endfacet
 facet normal -0.988337 0 -0.152282
  outer loop
   vertex 0.00130695 -0.110615 0.133885
   vertex 0.00103356 0.10884 0.13566
   vertex 0.00130695 0.110615 0.133885
  endloop
 endfacet
 facet normal -0.988337 0 -0.152282
  outer loop
   vertex 0.00130695 -0.110615 0.133885
   vertex 0.00103356 -0.10884 0.13566
   vertex 0.00103356 0.10884 0.13566
  endloop
 endfacet
 facet normal -0.985445 0 -0.169994
  outer loop
   vertex 0.00161194 -0.112383 0.132117
   vertex 0.00130695 0.110615 0.133885
   vertex 0.00161194 0.112383 0.132117
  endloop
 endfacet
 facet normal -0.985445 0 -0.169994
  outer loop
   vertex 0.00161194 -0.112383 0.132117
   vertex 0.00130695 -0.110615 0.133885
   vertex 0.00130695 0.110615 0.133885
  endloop
 endfacet
 facet normal -0.982238 0 -0.187639
  outer loop
   vertex 0.00194833 -0.114144 0.130356
   vertex 0.00161194 0.112383 0.132117
   vertex 0.00194833 0.114144 0.130356
  endloop
 endfacet
 facet normal -0.982238 0 -0.187639
  outer loop
   vertex 0.00194833 -0.114144 0.130356
   vertex 0.00161194 -0.112383 0.132117
   vertex 0.00161194 0.112383 0.132117
  endloop
 endfacet
 facet normal -0.978718 0 -0.205209
  outer loop
   vertex 0.0023159 -0.115897 0.128603
   vertex 0.00194833 0.114144 0.130356
   vertex 0.0023159 0.115897 0.128603
  endloop
 endfacet
 facet normal -0.978718 0 -0.205209
  outer loop
   vertex 0.0023159 -0.115897 0.128603
   vertex 0.00194833 -0.114144 0.130356
   vertex 0.00194833 0.114144 0.130356
  endloop
 endfacet
 facet normal -0.974887 0 -0.222699
  outer loop
   vertex 0.00271444 -0.117641 0.126859
   vertex 0.0023159 0.115897 0.128603
   vertex 0.00271444 0.117641 0.126859
  endloop
 endfacet
 facet normal -0.974887 0 -0.222699
  outer loop
   vertex 0.00271444 -0.117641 0.126859
   vertex 0.0023159 -0.115897 0.128603
   vertex 0.0023159 0.115897 0.128603
  endloop
 endfacet
 facet normal -0.970748 0 -0.2401
  outer loop
   vertex 0.0031437 0.119377 0.125123
   vertex 0.00271444 -0.117641 0.126859
   vertex 0.00271444 0.117641 0.126859
  endloop
 endfacet
 facet normal -0.970748 0 -0.2401
  outer loop
   vertex 0.0031437 -0.119377 0.125123
   vertex 0.00271444 -0.117641 0.126859
   vertex 0.0031437 0.119377 0.125123
  endloop
 endfacet
 facet normal -0.966303 0 -0.257407
  outer loop
   vertex 0.00360339 0.121103 0.123397
   vertex 0.0031437 -0.119377 0.125123
   vertex 0.0031437 0.119377 0.125123
  endloop
 endfacet
 facet normal -0.966303 0 -0.257407
  outer loop
   vertex 0.00360339 -0.121103 0.123397
   vertex 0.0031437 -0.119377 0.125123
   vertex 0.00360339 0.121103 0.123397
  endloop
 endfacet
 facet normal -0.961555 0 -0.274613
  outer loop
   vertex 0.00409326 0.122818 0.121682
   vertex 0.00360339 -0.121103 0.123397
   vertex 0.00360339 0.121103 0.123397
  endloop
 endfacet
 facet normal -0.956507 0 -0.291711
  outer loop
   vertex 0.00409326 -0.122818 0.121682
   vertex 0.00409326 0.122818 0.121682
   vertex 0.00461299 0.124522 0.119978
  endloop
 endfacet
 facet normal -0.961555 0 -0.274613
  outer loop
   vertex 0.00409326 -0.122818 0.121682
   vertex 0.00360339 -0.121103 0.123397
   vertex 0.00409326 0.122818 0.121682
  endloop
 endfacet
 facet normal -0.951161 0 -0.308694
  outer loop
   vertex 0.00461299 -0.124522 0.119978
   vertex 0.00461299 0.124522 0.119978
   vertex 0.00516226 0.126214 0.118286
  endloop
 endfacet
 facet normal -0.956507 0 -0.291711
  outer loop
   vertex 0.00461299 -0.124522 0.119978
   vertex 0.00409326 -0.122818 0.121682
   vertex 0.00461299 0.124522 0.119978
  endloop
 endfacet
 facet normal -0.945522 0 -0.325557
  outer loop
   vertex 0.00516226 -0.126214 0.118286
   vertex 0.00516226 0.126214 0.118286
   vertex 0.00574074 0.127895 0.116605
  endloop
 endfacet
 facet normal -0.951161 0 -0.308694
  outer loop
   vertex 0.00516226 -0.126214 0.118286
   vertex 0.00461299 -0.124522 0.119978
   vertex 0.00516226 0.126214 0.118286
  endloop
 endfacet
 facet normal -0.939593 0 -0.342295
  outer loop
   vertex 0.00574074 -0.127895 0.116605
   vertex 0.00574074 0.127895 0.116605
   vertex 0.00634809 0.129562 0.114938
  endloop
 endfacet
 facet normal -0.945522 0 -0.325557
  outer loop
   vertex 0.00574074 -0.127895 0.116605
   vertex 0.00516226 -0.126214 0.118286
   vertex 0.00574074 0.127895 0.116605
  endloop
 endfacet
 facet normal -0.933376 0 -0.358899
  outer loop
   vertex 0.00634809 -0.129562 0.114938
   vertex 0.00634809 0.129562 0.114938
   vertex 0.00698394 0.131215 0.113285
  endloop
 endfacet
 facet normal -0.939593 0 -0.342295
  outer loop
   vertex 0.00634809 -0.129562 0.114938
   vertex 0.00574074 -0.127895 0.116605
   vertex 0.00634809 0.129562 0.114938
  endloop
 endfacet
 facet normal -0.926877 0 -0.375364
  outer loop
   vertex 0.00698394 -0.131215 0.113285
   vertex 0.00698394 0.131215 0.113285
   vertex 0.0076479 0.132855 0.111645
  endloop
 endfacet
 facet normal -0.933376 0 -0.358899
  outer loop
   vertex 0.00698394 -0.131215 0.113285
   vertex 0.00634809 -0.129562 0.114938
   vertex 0.00698394 0.131215 0.113285
  endloop
 endfacet
 facet normal -0.920098 0 -0.391689
  outer loop
   vertex 0.0076479 -0.132855 0.111645
   vertex 0.0076479 0.132855 0.111645
   vertex 0.00833959 0.13448 0.11002
  endloop
 endfacet
 facet normal -0.926877 0 -0.375364
  outer loop
   vertex 0.0076479 -0.132855 0.111645
   vertex 0.00698394 -0.131215 0.113285
   vertex 0.0076479 0.132855 0.111645
  endloop
 endfacet
 facet normal -0.913045 0 -0.407859
  outer loop
   vertex 0.00833959 -0.13448 0.11002
   vertex 0.00833959 0.13448 0.11002
   vertex 0.0090586 0.136089 0.108411
  endloop
 endfacet
 facet normal -0.920098 0 -0.391689
  outer loop
   vertex 0.00833959 -0.13448 0.11002
   vertex 0.0076479 -0.132855 0.111645
   vertex 0.00833959 0.13448 0.11002
  endloop
 endfacet
 facet normal -0.905719 0 -0.423878
  outer loop
   vertex 0.0090586 -0.136089 0.108411
   vertex 0.0090586 0.136089 0.108411
   vertex 0.00980451 0.137683 0.106817
  endloop
 endfacet
 facet normal -0.913045 0 -0.407859
  outer loop
   vertex 0.0090586 -0.136089 0.108411
   vertex 0.00833959 -0.13448 0.11002
   vertex 0.0090586 0.136089 0.108411
  endloop
 endfacet
 facet normal -0.898127 0 -0.439735
  outer loop
   vertex 0.00980451 -0.137683 0.106817
   vertex 0.00980451 0.137683 0.106817
   vertex 0.0105769 0.139261 0.105239
  endloop
 endfacet
 facet normal -0.905719 0 -0.423878
  outer loop
   vertex 0.00980451 -0.137683 0.106817
   vertex 0.0090586 -0.136089 0.108411
   vertex 0.00980451 0.137683 0.106817
  endloop
 endfacet
 facet normal -0.890273 0 -0.455427
  outer loop
   vertex 0.0105769 -0.139261 0.105239
   vertex 0.0105769 0.139261 0.105239
   vertex 0.0113753 0.140821 0.103679
  endloop
 endfacet
 facet normal -0.898127 0 -0.439735
  outer loop
   vertex 0.0105769 -0.139261 0.105239
   vertex 0.00980451 -0.137683 0.106817
   vertex 0.0105769 0.139261 0.105239
  endloop
 endfacet
 facet normal -0.890273 0 -0.455427
  outer loop
   vertex 0.0113753 -0.140821 0.103679
   vertex 0.0105769 -0.139261 0.105239
   vertex 0.0113753 0.140821 0.103679
  endloop
 endfacet
 facet normal -0.882162 0 -0.470947
  outer loop
   vertex 0.0113753 -0.140821 0.103679
   vertex 0.0113753 0.140821 0.103679
   vertex 0.0121993 0.142365 0.102135
  endloop
 endfacet
 facet normal -0.882162 0 -0.470947
  outer loop
   vertex 0.0121993 -0.142365 0.102135
   vertex 0.0113753 -0.140821 0.103679
   vertex 0.0121993 0.142365 0.102135
  endloop
 endfacet
 facet normal -0.873794 0 -0.486296
  outer loop
   vertex 0.0121993 -0.142365 0.102135
   vertex 0.0121993 0.142365 0.102135
   vertex 0.0130484 0.14389 0.10061
  endloop
 endfacet
 facet normal -0.873794 0 -0.486296
  outer loop
   vertex 0.0130484 -0.14389 0.10061
   vertex 0.0121993 -0.142365 0.102135
   vertex 0.0130484 0.14389 0.10061
  endloop
 endfacet
 facet normal -0.865181 0 -0.501459
  outer loop
   vertex 0.0130484 -0.14389 0.10061
   vertex 0.0130484 0.14389 0.10061
   vertex 0.0139221 0.145398 0.0991021
  endloop
 endfacet
 facet normal -0.865181 0 -0.501459
  outer loop
   vertex 0.0139221 -0.145398 0.0991021
   vertex 0.0130484 -0.14389 0.10061
   vertex 0.0139221 0.145398 0.0991021
  endloop
 endfacet
 facet normal -0.856321 0 -0.516444
  outer loop
   vertex 0.0139221 -0.145398 0.0991021
   vertex 0.0139221 0.145398 0.0991021
   vertex 0.01482 0.146887 0.0976133
  endloop
 endfacet
 facet normal -0.856321 0 -0.516444
  outer loop
   vertex 0.01482 -0.146887 0.0976133
   vertex 0.0139221 -0.145398 0.0991021
   vertex 0.01482 0.146887 0.0976133
  endloop
 endfacet
 facet normal -0.847224 0 -0.531235
  outer loop
   vertex 0.01482 -0.146887 0.0976133
   vertex 0.01482 0.146887 0.0976133
   vertex 0.0157416 0.148356 0.0961435
  endloop
 endfacet
 facet normal -0.847224 0 -0.531235
  outer loop
   vertex 0.0157416 -0.148356 0.0961435
   vertex 0.01482 -0.146887 0.0976133
   vertex 0.0157416 0.148356 0.0961435
  endloop
 endfacet
 facet normal -0.837891 0 -0.545837
  outer loop
   vertex 0.0157416 -0.148356 0.0961435
   vertex 0.0157416 0.148356 0.0961435
   vertex 0.0166863 0.149807 0.0946933
  endloop
 endfacet
 facet normal -0.837891 0 -0.545837
  outer loop
   vertex 0.0166863 -0.149807 0.0946933
   vertex 0.0157416 -0.148356 0.0961435
   vertex 0.0166863 0.149807 0.0946933
  endloop
 endfacet
 facet normal -0.828331 0 -0.560239
  outer loop
   vertex 0.0166863 -0.149807 0.0946933
   vertex 0.0166863 0.149807 0.0946933
   vertex 0.0176538 0.151237 0.0932629
  endloop
 endfacet
 facet normal -0.828331 0 -0.560239
  outer loop
   vertex 0.0176538 -0.151237 0.0932629
   vertex 0.0166863 -0.149807 0.0946933
   vertex 0.0176538 0.151237 0.0932629
  endloop
 endfacet
 facet normal -0.818545 0 -0.574443
  outer loop
   vertex 0.0176538 -0.151237 0.0932629
   vertex 0.0176538 0.151237 0.0932629
   vertex 0.0186434 0.152647 0.0918528
  endloop
 endfacet
 facet normal -0.818545 0 -0.574443
  outer loop
   vertex 0.0186434 -0.152647 0.0918528
   vertex 0.0176538 -0.151237 0.0932629
   vertex 0.0186434 0.152647 0.0918528
  endloop
 endfacet
 facet normal -0.80854 0 -0.588441
  outer loop
   vertex 0.0186434 -0.152647 0.0918528
   vertex 0.0186434 0.152647 0.0918528
   vertex 0.0196546 0.154037 0.0904633
  endloop
 endfacet
 facet normal -0.80854 0 -0.588441
  outer loop
   vertex 0.0196546 -0.154037 0.0904633
   vertex 0.0186434 -0.152647 0.0918528
   vertex 0.0196546 0.154037 0.0904633
  endloop
 endfacet
 facet normal -0.79832 0 -0.602233
  outer loop
   vertex 0.0196546 -0.154037 0.0904633
   vertex 0.0196546 0.154037 0.0904633
   vertex 0.020687 0.155405 0.0890947
  endloop
 endfacet
 facet normal -0.787893 0 -0.615812
  outer loop
   vertex 0.020687 -0.155405 0.0890947
   vertex 0.020687 0.155405 0.0890947
   vertex 0.0217401 0.156753 0.0877474
  endloop
 endfacet
 facet normal -0.79832 0 -0.602233
  outer loop
   vertex 0.020687 -0.155405 0.0890947
   vertex 0.0196546 -0.154037 0.0904633
   vertex 0.020687 0.155405 0.0890947
  endloop
 endfacet
 facet normal -0.777263 0 -0.629176
  outer loop
   vertex 0.0217401 -0.156753 0.0877474
   vertex 0.0217401 0.156753 0.0877474
   vertex 0.0228132 0.158078 0.0864217
  endloop
 endfacet
 facet normal -0.787893 0 -0.615812
  outer loop
   vertex 0.0217401 -0.156753 0.0877474
   vertex 0.020687 -0.155405 0.0890947
   vertex 0.0217401 0.156753 0.0877474
  endloop
 endfacet
 facet normal -0.766432 0 -0.642325
  outer loop
   vertex 0.0228132 -0.158078 0.0864217
   vertex 0.0228132 0.158078 0.0864217
   vertex 0.0239059 0.159382 0.0851179
  endloop
 endfacet
 facet normal -0.777263 0 -0.629176
  outer loop
   vertex 0.0228132 -0.158078 0.0864217
   vertex 0.0217401 -0.156753 0.0877474
   vertex 0.0228132 0.158078 0.0864217
  endloop
 endfacet
 facet normal -0.755408 0 -0.655255
  outer loop
   vertex 0.0239059 -0.159382 0.0851179
   vertex 0.0239059 0.159382 0.0851179
   vertex 0.0250177 0.160664 0.0838362
  endloop
 endfacet
 facet normal -0.766432 0 -0.642325
  outer loop
   vertex 0.0239059 -0.159382 0.0851179
   vertex 0.0228132 -0.158078 0.0864217
   vertex 0.0239059 0.159382 0.0851179
  endloop
 endfacet
 facet normal -0.744198 0 -0.667959
  outer loop
   vertex 0.0250177 -0.160664 0.0838362
   vertex 0.0250177 0.160664 0.0838362
   vertex 0.026148 0.161923 0.0825768
  endloop
 endfacet
 facet normal -0.755408 0 -0.655255
  outer loop
   vertex 0.0250177 -0.160664 0.0838362
   vertex 0.0239059 -0.159382 0.0851179
   vertex 0.0250177 0.160664 0.0838362
  endloop
 endfacet
 facet normal -0.744198 0 -0.667959
  outer loop
   vertex 0.026148 -0.161923 0.0825768
   vertex 0.0250177 -0.160664 0.0838362
   vertex 0.026148 0.161923 0.0825768
  endloop
 endfacet
 facet normal -0.732805 0 -0.680438
  outer loop
   vertex 0.0272963 -0.16316 0.0813401
   vertex 0.026148 0.161923 0.0825768
   vertex 0.0272963 0.16316 0.0813401
  endloop
 endfacet
 facet normal -0.732805 0 -0.680438
  outer loop
   vertex 0.0272963 -0.16316 0.0813401
   vertex 0.026148 -0.161923 0.0825768
   vertex 0.026148 0.161923 0.0825768
  endloop
 endfacet
 facet normal -0.721233 0 -0.692693
  outer loop
   vertex 0.0284621 -0.164374 0.0801263
   vertex 0.0272963 0.16316 0.0813401
   vertex 0.0284621 0.164374 0.0801263
  endloop
 endfacet
 facet normal -0.721233 0 -0.692693
  outer loop
   vertex 0.0284621 -0.164374 0.0801263
   vertex 0.0272963 -0.16316 0.0813401
   vertex 0.0272963 0.16316 0.0813401
  endloop
 endfacet
 facet normal -0.709489 0 -0.704716
  outer loop
   vertex 0.0296449 -0.165564 0.0789356
   vertex 0.0284621 0.164374 0.0801263
   vertex 0.0296449 0.165564 0.0789356
  endloop
 endfacet
 facet normal -0.709489 0 -0.704716
  outer loop
   vertex 0.0296449 -0.165564 0.0789356
   vertex 0.0284621 -0.164374 0.0801263
   vertex 0.0284621 0.164374 0.0801263
  endloop
 endfacet
 facet normal -0.69758 0 -0.716507
  outer loop
   vertex 0.0308441 -0.166732 0.077768
   vertex 0.0296449 0.165564 0.0789356
   vertex 0.0308441 0.166732 0.077768
  endloop
 endfacet
 facet normal -0.685508 0 -0.728065
  outer loop
   vertex 0.0308441 -0.166732 0.077768
   vertex 0.0308441 0.166732 0.077768
   vertex 0.0320592 0.167876 0.0766239
  endloop
 endfacet
 facet normal -0.69758 0 -0.716507
  outer loop
   vertex 0.0308441 -0.166732 0.077768
   vertex 0.0296449 -0.165564 0.0789356
   vertex 0.0296449 0.165564 0.0789356
  endloop
 endfacet
 facet normal -0.673279 0 -0.739389
  outer loop
   vertex 0.0320592 -0.167876 0.0766239
   vertex 0.0320592 0.167876 0.0766239
   vertex 0.0332897 0.168997 0.0755034
  endloop
 endfacet
 facet normal -0.685508 0 -0.728065
  outer loop
   vertex 0.0320592 -0.167876 0.0766239
   vertex 0.0308441 -0.166732 0.077768
   vertex 0.0320592 0.167876 0.0766239
  endloop
 endfacet
 facet normal -0.660901 0 -0.750474
  outer loop
   vertex 0.0332897 -0.168997 0.0755034
   vertex 0.0332897 0.168997 0.0755034
   vertex 0.0345351 0.170093 0.0744067
  endloop
 endfacet
 facet normal -0.673279 0 -0.739389
  outer loop
   vertex 0.0332897 -0.168997 0.0755034
   vertex 0.0320592 -0.167876 0.0766239
   vertex 0.0332897 0.168997 0.0755034
  endloop
 endfacet
 facet normal -0.648372 0 -0.761324
  outer loop
   vertex 0.0345351 -0.170093 0.0744067
   vertex 0.0345351 0.170093 0.0744067
   vertex 0.0357949 0.171166 0.0733338
  endloop
 endfacet
 facet normal -0.660901 0 -0.750474
  outer loop
   vertex 0.0345351 -0.170093 0.0744067
   vertex 0.0332897 -0.168997 0.0755034
   vertex 0.0345351 0.170093 0.0744067
  endloop
 endfacet
 facet normal -0.635702 0 -0.771935
  outer loop
   vertex 0.0357949 -0.171166 0.0733338
   vertex 0.0357949 0.171166 0.0733338
   vertex 0.0370686 0.172215 0.0722849
  endloop
 endfacet
 facet normal -0.648372 0 -0.761324
  outer loop
   vertex 0.0357949 -0.171166 0.0733338
   vertex 0.0345351 -0.170093 0.0744067
   vertex 0.0357949 0.171166 0.0733338
  endloop
 endfacet
 facet normal -0.6229 0 -0.782301
  outer loop
   vertex 0.0370686 -0.172215 0.0722849
   vertex 0.0370686 0.172215 0.0722849
   vertex 0.0383557 0.17324 0.07126
  endloop
 endfacet
 facet normal -0.635702 0 -0.771935
  outer loop
   vertex 0.0370686 -0.172215 0.0722849
   vertex 0.0357949 -0.171166 0.0733338
   vertex 0.0370686 0.172215 0.0722849
  endloop
 endfacet
 facet normal -0.609964 0 -0.792429
  outer loop
   vertex 0.0383557 -0.17324 0.07126
   vertex 0.0383557 0.17324 0.07126
   vertex 0.0396557 0.174241 0.0702594
  endloop
 endfacet
 facet normal -0.6229 0 -0.782301
  outer loop
   vertex 0.0383557 -0.17324 0.07126
   vertex 0.0370686 -0.172215 0.0722849
   vertex 0.0383557 0.17324 0.07126
  endloop
 endfacet
 facet normal -0.609964 0 -0.792429
  outer loop
   vertex 0.0396557 -0.174241 0.0702594
   vertex 0.0383557 -0.17324 0.07126
   vertex 0.0396557 0.174241 0.0702594
  endloop
 endfacet
 facet normal -0.596899 0 -0.802316
  outer loop
   vertex 0.0396557 -0.174241 0.0702594
   vertex 0.0396557 0.174241 0.0702594
   vertex 0.0409681 0.175217 0.069283
  endloop
 endfacet
 facet normal -0.596899 0 -0.802316
  outer loop
   vertex 0.0409681 -0.175217 0.069283
   vertex 0.0396557 -0.174241 0.0702594
   vertex 0.0409681 0.175217 0.069283
  endloop
 endfacet
 facet normal -0.583716 0 -0.811958
  outer loop
   vertex 0.0409681 -0.175217 0.069283
   vertex 0.0409681 0.175217 0.069283
   vertex 0.0422925 0.176169 0.0683309
  endloop
 endfacet
 facet normal -0.583716 0 -0.811958
  outer loop
   vertex 0.0422925 -0.176169 0.0683309
   vertex 0.0409681 -0.175217 0.069283
   vertex 0.0422925 0.176169 0.0683309
  endloop
 endfacet
 facet normal -0.570415 0 -0.821357
  outer loop
   vertex 0.0422925 -0.176169 0.0683309
   vertex 0.0422925 0.176169 0.0683309
   vertex 0.0436283 0.177097 0.0674032
  endloop
 endfacet
 facet normal -0.570415 0 -0.821357
  outer loop
   vertex 0.0436283 -0.177097 0.0674032
   vertex 0.0422925 -0.176169 0.0683309
   vertex 0.0436283 0.177097 0.0674032
  endloop
 endfacet
 facet normal -0.557001 0 -0.830512
  outer loop
   vertex 0.0436283 -0.177097 0.0674032
   vertex 0.0436283 0.177097 0.0674032
   vertex 0.0449751 0.178 0.0664999
  endloop
 endfacet
 facet normal -0.557001 0 -0.830512
  outer loop
   vertex 0.0449751 -0.178 0.0664999
   vertex 0.0436283 -0.177097 0.0674032
   vertex 0.0449751 0.178 0.0664999
  endloop
 endfacet
 facet normal -0.543482 0 -0.839421
  outer loop
   vertex 0.0449751 -0.178 0.0664999
   vertex 0.0449751 0.178 0.0664999
   vertex 0.0463325 0.178879 0.0656211
  endloop
 endfacet
 facet normal -0.543482 0 -0.839421
  outer loop
   vertex 0.0463325 -0.178879 0.0656211
   vertex 0.0449751 -0.178 0.0664999
   vertex 0.0463325 0.178879 0.0656211
  endloop
 endfacet
 facet normal -0.529853 0 -0.848089
  outer loop
   vertex 0.0463325 -0.178879 0.0656211
   vertex 0.0463325 0.178879 0.0656211
   vertex 0.0477001 0.179733 0.0647667
  endloop
 endfacet
 facet normal -0.529853 0 -0.848089
  outer loop
   vertex 0.0477001 -0.179733 0.0647667
   vertex 0.0463325 -0.178879 0.0656211
   vertex 0.0477001 0.179733 0.0647667
  endloop
 endfacet
 facet normal -0.51613 0 -0.85651
  outer loop
   vertex 0.0477001 -0.179733 0.0647667
   vertex 0.0477001 0.179733 0.0647667
   vertex 0.0490773 0.180563 0.0639368
  endloop
 endfacet
 facet normal -0.51613 0 -0.85651
  outer loop
   vertex 0.0490773 -0.180563 0.0639368
   vertex 0.0477001 -0.179733 0.0647667
   vertex 0.0490773 0.180563 0.0639368
  endloop
 endfacet
 facet normal -0.502311 0 -0.864687
  outer loop
   vertex 0.0490773 -0.180563 0.0639368
   vertex 0.0490773 0.180563 0.0639368
   vertex 0.0504637 0.181369 0.0631314
  endloop
 endfacet
 facet normal -0.502311 0 -0.864687
  outer loop
   vertex 0.0504637 -0.181369 0.0631314
   vertex 0.0490773 -0.180563 0.0639368
   vertex 0.0504637 0.181369 0.0631314
  endloop
 endfacet
 facet normal -0.488402 0 -0.872619
  outer loop
   vertex 0.0504637 -0.181369 0.0631314
   vertex 0.0504637 0.181369 0.0631314
   vertex 0.051859 0.18215 0.0623505
  endloop
 endfacet
 facet normal -0.488402 0 -0.872619
  outer loop
   vertex 0.051859 -0.18215 0.0623505
   vertex 0.0504637 -0.181369 0.0631314
   vertex 0.051859 0.18215 0.0623505
  endloop
 endfacet
 facet normal -0.474408 0 -0.880305
  outer loop
   vertex 0.051859 -0.18215 0.0623505
   vertex 0.051859 0.18215 0.0623505
   vertex 0.0532627 0.182906 0.061594
  endloop
 endfacet
 facet normal -0.474408 0 -0.880305
  outer loop
   vertex 0.0532627 -0.182906 0.061594
   vertex 0.051859 -0.18215 0.0623505
   vertex 0.0532627 0.182906 0.061594
  endloop
 endfacet
 facet normal -0.460327 0 -0.887749
  outer loop
   vertex 0.0532627 -0.182906 0.061594
   vertex 0.0532627 0.182906 0.061594
   vertex 0.0546744 0.183638 0.060862
  endloop
 endfacet
 facet normal -0.460327 0 -0.887749
  outer loop
   vertex 0.0546744 -0.183638 0.060862
   vertex 0.0532627 -0.182906 0.061594
   vertex 0.0546744 0.183638 0.060862
  endloop
 endfacet
 facet normal -0.446174 0 -0.894946
  outer loop
   vertex 0.0546744 -0.183638 0.060862
   vertex 0.0546744 0.183638 0.060862
   vertex 0.0560938 0.184346 0.0601543
  endloop
 endfacet
 facet normal -0.446174 0 -0.894946
  outer loop
   vertex 0.0560938 -0.184346 0.0601543
   vertex 0.0546744 -0.183638 0.060862
   vertex 0.0560938 0.184346 0.0601543
  endloop
 endfacet
 facet normal -0.431942 0 -0.901901
  outer loop
   vertex 0.0560938 -0.184346 0.0601543
   vertex 0.0560938 0.184346 0.0601543
   vertex 0.0575204 0.185029 0.0594711
  endloop
 endfacet
 facet normal -0.431942 0 -0.901901
  outer loop
   vertex 0.0575204 -0.185029 0.0594711
   vertex 0.0560938 -0.184346 0.0601543
   vertex 0.0575204 0.185029 0.0594711
  endloop
 endfacet
 facet normal -0.417643 0 -0.908611
  outer loop
   vertex 0.0575204 -0.185029 0.0594711
   vertex 0.0575204 0.185029 0.0594711
   vertex 0.0589539 0.185688 0.0588122
  endloop
 endfacet
 facet normal -0.417643 0 -0.908611
  outer loop
   vertex 0.0589539 -0.185688 0.0588122
   vertex 0.0575204 -0.185029 0.0594711
   vertex 0.0589539 0.185688 0.0588122
  endloop
 endfacet
 facet normal -0.403272 0 -0.91508
  outer loop
   vertex 0.0589539 -0.185688 0.0588122
   vertex 0.0589539 0.185688 0.0588122
   vertex 0.0603939 0.186322 0.0581776
  endloop
 endfacet
 facet normal -0.403272 0 -0.91508
  outer loop
   vertex 0.0603939 -0.186322 0.0581776
   vertex 0.0589539 -0.185688 0.0588122
   vertex 0.0603939 0.186322 0.0581776
  endloop
 endfacet
 facet normal -0.388842 0 -0.921304
  outer loop
   vertex 0.0603939 -0.186322 0.0581776
   vertex 0.0603939 0.186322 0.0581776
   vertex 0.0618402 0.186933 0.0575672
  endloop
 endfacet
 facet normal -0.388842 0 -0.921304
  outer loop
   vertex 0.0618402 -0.186933 0.0575672
   vertex 0.0603939 -0.186322 0.0581776
   vertex 0.0618402 0.186933 0.0575672
  endloop
 endfacet
 facet normal -0.374349 0 -0.927288
  outer loop
   vertex 0.0618402 -0.186933 0.0575672
   vertex 0.0618402 0.186933 0.0575672
   vertex 0.0632922 0.187519 0.056981
  endloop
 endfacet
 facet normal -0.359802 0 -0.933029
  outer loop
   vertex 0.0632922 -0.187519 0.056981
   vertex 0.0632922 0.187519 0.056981
   vertex 0.0647498 0.188081 0.0564189
  endloop
 endfacet
 facet normal -0.374349 0 -0.927288
  outer loop
   vertex 0.0632922 -0.187519 0.056981
   vertex 0.0618402 -0.186933 0.0575672
   vertex 0.0632922 0.187519 0.056981
  endloop
 endfacet
 facet normal -0.345198 0 -0.93853
  outer loop
   vertex 0.0647498 -0.188081 0.0564189
   vertex 0.0647498 0.188081 0.0564189
   vertex 0.0662126 0.188619 0.0558809
  endloop
 endfacet
 facet normal -0.359802 0 -0.933029
  outer loop
   vertex 0.0647498 -0.188081 0.0564189
   vertex 0.0632922 -0.187519 0.056981
   vertex 0.0647498 0.188081 0.0564189
  endloop
 endfacet
 facet normal -0.330546 0 -0.94379
  outer loop
   vertex 0.0662126 -0.188619 0.0558809
   vertex 0.0662126 0.188619 0.0558809
   vertex 0.0676802 0.189133 0.0553669
  endloop
 endfacet
 facet normal -0.345198 0 -0.93853
  outer loop
   vertex 0.0662126 -0.188619 0.0558809
   vertex 0.0647498 -0.188081 0.0564189
   vertex 0.0662126 0.188619 0.0558809
  endloop
 endfacet
 facet normal -0.315845 0 -0.948811
  outer loop
   vertex 0.0676802 -0.189133 0.0553669
   vertex 0.0676802 0.189133 0.0553669
   vertex 0.0691525 0.189623 0.0548768
  endloop
 endfacet
 facet normal -0.330546 0 -0.94379
  outer loop
   vertex 0.0676802 -0.189133 0.0553669
   vertex 0.0662126 -0.188619 0.0558809
   vertex 0.0676802 0.189133 0.0553669
  endloop
 endfacet
 facet normal -0.301103 0 -0.953592
  outer loop
   vertex 0.0691525 -0.189623 0.0548768
   vertex 0.0691525 0.189623 0.0548768
   vertex 0.070629 0.190089 0.0544105
  endloop
 endfacet
 facet normal -0.315845 0 -0.948811
  outer loop
   vertex 0.0691525 -0.189623 0.0548768
   vertex 0.0676802 -0.189133 0.0553669
   vertex 0.0691525 0.189623 0.0548768
  endloop
 endfacet
 facet normal -0.286317 0 -0.958135
  outer loop
   vertex 0.070629 -0.190089 0.0544105
   vertex 0.070629 0.190089 0.0544105
   vertex 0.0721095 0.190532 0.0539681
  endloop
 endfacet
 facet normal -0.301103 0 -0.953592
  outer loop
   vertex 0.070629 -0.190089 0.0544105
   vertex 0.0691525 -0.189623 0.0548768
   vertex 0.070629 0.190089 0.0544105
  endloop
 endfacet
 facet normal -0.271491 0 -0.962441
  outer loop
   vertex 0.0721095 -0.190532 0.0539681
   vertex 0.0721095 0.190532 0.0539681
   vertex 0.0735938 0.190951 0.0535494
  endloop
 endfacet
 facet normal -0.286317 0 -0.958135
  outer loop
   vertex 0.0721095 -0.190532 0.0539681
   vertex 0.070629 -0.190089 0.0544105
   vertex 0.0721095 0.190532 0.0539681
  endloop
 endfacet
 facet normal -0.256629 0 -0.96651
  outer loop
   vertex 0.0735938 -0.190951 0.0535494
   vertex 0.0735938 0.190951 0.0535494
   vertex 0.0750816 0.191346 0.0531544
  endloop
 endfacet
 facet normal -0.271491 0 -0.962441
  outer loop
   vertex 0.0735938 -0.190951 0.0535494
   vertex 0.0721095 -0.190532 0.0539681
   vertex 0.0735938 0.190951 0.0535494
  endloop
 endfacet
 facet normal -0.256629 0 -0.96651
  outer loop
   vertex 0.0750816 -0.191346 0.0531544
   vertex 0.0735938 -0.190951 0.0535494
   vertex 0.0750816 0.191346 0.0531544
  endloop
 endfacet
 facet normal -0.241738 0 -0.970342
  outer loop
   vertex 0.0750816 -0.191346 0.0531544
   vertex 0.0750816 0.191346 0.0531544
   vertex 0.0765726 0.191717 0.0527829
  endloop
 endfacet
 facet normal -0.241738 0 -0.970342
  outer loop
   vertex 0.0765726 -0.191717 0.0527829
   vertex 0.0750816 -0.191346 0.0531544
   vertex 0.0765726 0.191717 0.0527829
  endloop
 endfacet
 facet normal -0.226812 0 -0.973939
  outer loop
   vertex 0.0765726 -0.191717 0.0527829
   vertex 0.0765726 0.191717 0.0527829
   vertex 0.0780666 0.192065 0.052435
  endloop
 endfacet
 facet normal -0.226812 0 -0.973939
  outer loop
   vertex 0.0780666 -0.192065 0.052435
   vertex 0.0765726 -0.191717 0.0527829
   vertex 0.0780666 0.192065 0.052435
  endloop
 endfacet
 facet normal -0.211857 0 -0.977301
  outer loop
   vertex 0.0780666 -0.192065 0.052435
   vertex 0.0780666 0.192065 0.052435
   vertex 0.0795633 0.192389 0.0521106
  endloop
 endfacet
 facet normal -0.211857 0 -0.977301
  outer loop
   vertex 0.0795633 -0.192389 0.0521106
   vertex 0.0780666 -0.192065 0.052435
   vertex 0.0795633 0.192389 0.0521106
  endloop
 endfacet
 facet normal -0.196877 0 -0.980428
  outer loop
   vertex 0.0795633 -0.192389 0.0521106
   vertex 0.0795633 0.192389 0.0521106
   vertex 0.0810625 0.19269 0.0518095
  endloop
 endfacet
 facet normal -0.196877 0 -0.980428
  outer loop
   vertex 0.0810625 -0.19269 0.0518095
   vertex 0.0795633 -0.192389 0.0521106
   vertex 0.0810625 0.19269 0.0518095
  endloop
 endfacet
 facet normal -0.181872 0 -0.983322
  outer loop
   vertex 0.0810625 -0.19269 0.0518095
   vertex 0.0810625 0.19269 0.0518095
   vertex 0.082564 0.192968 0.0515318
  endloop
 endfacet
 facet normal -0.181872 0 -0.983322
  outer loop
   vertex 0.082564 -0.192968 0.0515318
   vertex 0.0810625 -0.19269 0.0518095
   vertex 0.082564 0.192968 0.0515318
  endloop
 endfacet
 facet normal -0.166846 0 -0.985983
  outer loop
   vertex 0.082564 -0.192968 0.0515318
   vertex 0.082564 0.192968 0.0515318
   vertex 0.0840676 0.193223 0.0512774
  endloop
 endfacet
 facet normal -0.166846 0 -0.985983
  outer loop
   vertex 0.0840676 -0.193223 0.0512774
   vertex 0.082564 -0.192968 0.0515318
   vertex 0.0840676 0.193223 0.0512774
  endloop
 endfacet
 facet normal -0.1518 0 -0.988411
  outer loop
   vertex 0.0840676 -0.193223 0.0512774
   vertex 0.0840676 0.193223 0.0512774
   vertex 0.0855731 0.193454 0.0510462
  endloop
 endfacet
 facet normal -0.1518 0 -0.988411
  outer loop
   vertex 0.0855731 -0.193454 0.0510462
   vertex 0.0840676 -0.193223 0.0512774
   vertex 0.0855731 0.193454 0.0510462
  endloop
 endfacet
 facet normal -0.136738 0 -0.990607
  outer loop
   vertex 0.0855731 -0.193454 0.0510462
   vertex 0.0855731 0.193454 0.0510462
   vertex 0.0870802 0.193662 0.0508381
  endloop
 endfacet
 facet normal -0.136738 0 -0.990607
  outer loop
   vertex 0.0870802 -0.193662 0.0508381
   vertex 0.0855731 -0.193454 0.0510462
   vertex 0.0870802 0.193662 0.0508381
  endloop
 endfacet
 facet normal -0.121658 0 -0.992572
  outer loop
   vertex 0.0870802 -0.193662 0.0508381
   vertex 0.0870802 0.193662 0.0508381
   vertex 0.0885888 0.193847 0.0506532
  endloop
 endfacet
 facet normal -0.121658 0 -0.992572
  outer loop
   vertex 0.0885888 -0.193847 0.0506532
   vertex 0.0870802 -0.193662 0.0508381
   vertex 0.0885888 0.193847 0.0506532
  endloop
 endfacet
 facet normal -0.106565 0 -0.994306
  outer loop
   vertex 0.0885888 -0.193847 0.0506532
   vertex 0.0885888 0.193847 0.0506532
   vertex 0.0900987 0.194009 0.0504914
  endloop
 endfacet
 facet normal -0.106565 0 -0.994306
  outer loop
   vertex 0.0900987 -0.194009 0.0504914
   vertex 0.0885888 -0.193847 0.0506532
   vertex 0.0900987 0.194009 0.0504914
  endloop
 endfacet
 facet normal -0.0914622 0 -0.995809
  outer loop
   vertex 0.0900987 -0.194009 0.0504914
   vertex 0.0900987 0.194009 0.0504914
   vertex 0.0916096 0.194147 0.0503526
  endloop
 endfacet
 facet normal -0.0914622 0 -0.995809
  outer loop
   vertex 0.0916096 -0.194147 0.0503526
   vertex 0.0900987 -0.194009 0.0504914
   vertex 0.0916096 0.194147 0.0503526
  endloop
 endfacet
 facet normal -0.0763463 0 -0.997081
  outer loop
   vertex 0.0931214 -0.194263 0.0502369
   vertex 0.0916096 -0.194147 0.0503526
   vertex 0.0916096 0.194147 0.0503526
  endloop
 endfacet
 facet normal -0.0763463 0 -0.997081
  outer loop
   vertex 0.0931214 -0.194263 0.0502369
   vertex 0.0916096 0.194147 0.0503526
   vertex 0.0931214 0.194263 0.0502369
  endloop
 endfacet
 facet normal -0.061226 0 -0.998124
  outer loop
   vertex 0.094634 -0.194356 0.0501441
   vertex 0.0931214 -0.194263 0.0502369
   vertex 0.0931214 0.194263 0.0502369
  endloop
 endfacet
 facet normal -0.061226 0 -0.998124
  outer loop
   vertex 0.094634 -0.194356 0.0501441
   vertex 0.0931214 0.194263 0.0502369
   vertex 0.094634 0.194356 0.0501441
  endloop
 endfacet
 facet normal -0.0460956 0 -0.998937
  outer loop
   vertex 0.096147 -0.194426 0.0500743
   vertex 0.094634 -0.194356 0.0501441
   vertex 0.094634 0.194356 0.0501441
  endloop
 endfacet
 facet normal -0.0460956 0 -0.998937
  outer loop
   vertex 0.096147 -0.194426 0.0500743
   vertex 0.094634 0.194356 0.0501441
   vertex 0.096147 0.194426 0.0500743
  endloop
 endfacet
 facet normal -0.0309628 0 -0.999521
  outer loop
   vertex 0.0976605 -0.194473 0.0500274
   vertex 0.096147 -0.194426 0.0500743
   vertex 0.096147 0.194426 0.0500743
  endloop
 endfacet
 facet normal -0.0309628 0 -0.999521
  outer loop
   vertex 0.0976605 -0.194473 0.0500274
   vertex 0.096147 0.194426 0.0500743
   vertex 0.0976605 0.194473 0.0500274
  endloop
 endfacet
 facet normal -0.0175465 0 -0.999846
  outer loop
   vertex 0.0988302 -0.194493 0.0500068
   vertex 0.0976605 -0.194473 0.0500274
   vertex 0.0976605 0.194473 0.0500274
  endloop
 endfacet
 facet normal -0.0175465 0 -0.999846
  outer loop
   vertex 0.0988302 -0.194493 0.0500068
   vertex 0.0976605 0.194473 0.0500274
   vertex 0.0988302 0.194493 0.0500068
  endloop
 endfacet
 facet normal -0.00584991 0 -0.999983
  outer loop
   vertex 0.0988302 -0.194493 0.0500068
   vertex 0.0988302 0.194493 0.0500068
   vertex 0.1 0.1945 0.05
  endloop
 endfacet
 facet normal -0.00584991 0 -0.999983
  outer loop
   vertex 0.1 -0.1945 0.05
   vertex 0.0988302 -0.194493 0.0500068
   vertex 0.1 0.1945 0.05
  endloop
 endfacet
 facet normal 0 0 1
  outer loop
   vertex 0.8428 0.1945 0.338
   vertex 0.1 0.1945 0.338
   vertex 0.8428 -0.1945 0.338
  endloop
 endfacet
 facet normal 0 0 1
  outer loop
   vertex 0.8428 -0.1945 0.338
   vertex 0.1 0.1945 0.338
   vertex 0.1 -0.1945 0.338
  endloop
 endfacet
 facet normal 0 1 0
  outer loop
   vertex 0.8428 0.1945 0.338
   vertex 1.044 0.1945 0.05
   vertex 0.1 0.1945 0.05
  endloop
 endfacet
 facet normal 0 1 0
  outer loop
   vertex 0.8428 0.1945 0.338
   vertex 0.1 0.1945 0.05
   vertex 0.1 0.1945 0.338
  endloop
 endfacet
 facet normal 0 1 0
  outer loop
   vertex 1.044 0.1945 0.244179
   vertex 1.044 0.1945 0.05
   vertex 0.8428 0.1945 0.338
  endloop
 endfacet
 facet normal 0 -1 0
  outer loop
   vertex 1.044 -0.1945 0.05
   vertex 0.8428 -0.1945 0.338
   vertex 0.1 -0.1945 0.05
  endloop
 endfacet
 facet normal 0 -1 0
  outer loop
   vertex 0.1 -0.1945 0.05
   vertex 0.8428 -0.1945 0.338
   vertex 0.1 -0.1945 0.338
  endloop
 endfacet
 facet normal 0 -1 0
  outer loop
   vertex 1.044 -0.1945 0.05
   vertex 1.044 -0.1945 0.244179
   vertex 0.8428 -0.1945 0.338
  endloop
 endfacet
 facet normal 0 0 -1
  outer loop
   vertex 0.1 0.1945 0.05
   vertex 1.044 0.1945 0.05
   vertex 0.1 -0.1945 0.05
  endloop
 endfacet
 facet normal 0 0 -1
  outer loop
   vertex 0.1 -0.1945 0.05
   vertex 1.044 0.1945 0.05
   vertex 1.044 -0.1945 0.05
  endloop
 endfacet
 facet normal 0.422618 0 0.906308
  outer loop
   vertex 0.8428 0.1945 0.338
   vertex 0.8428 -0.1945 0.338
   vertex 1.044 -0.1945 0.244179
  endloop
 endfacet
 facet normal 0.422618 0 0.906308
  outer loop
   vertex 1.044 0.1945 0.244179
   vertex 0.8428 0.1945 0.338
   vertex 1.044 -0.1945 0.244179
  endloop
 endfacet
 facet normal 1 0 0
  outer loop
   vertex 1.044 -0.1945 0.05
   vertex 1.044 0.1945 0.05
   vertex 1.044 -0.1945 0.244179
  endloop
 endfacet
 facet normal 1 0 -0
  outer loop
   vertex 1.044 0.1945 0.05
   vertex 1.044 0.1945 0.244179
   vertex 1.044 -0.1945 0.244179
  endloop
 endfacet
endsolid Ahmed_body(Meshed)
